/*
SQLyog Enterprise - MySQL GUI v7.02 
MySQL - 5.5.5-10.4.22-MariaDB : Database - tracer
*********************************************************************
*/

/*!40101 SET NAMES utf8 */;

/*!40101 SET SQL_MODE=''*/;

/*!40014 SET @OLD_FOREIGN_KEY_CHECKS=@@FOREIGN_KEY_CHECKS, FOREIGN_KEY_CHECKS=0 */;
/*!40101 SET @OLD_SQL_MODE=@@SQL_MODE, SQL_MODE='NO_AUTO_VALUE_ON_ZERO' */;

CREATE DATABASE /*!32312 IF NOT EXISTS*/`tracer` /*!40100 DEFAULT CHARACTER SET utf8mb4 */;

USE `tracer`;

/*Table structure for table `alumnus` */

DROP TABLE IF EXISTS `alumnus`;

CREATE TABLE `alumnus` (
  `id` int(255) NOT NULL AUTO_INCREMENT,
  `course_id` int(255) DEFAULT NULL,
  `major_id` int(255) DEFAULT NULL,
  `lastname` varchar(200) DEFAULT NULL,
  `firstname` varchar(200) DEFAULT NULL,
  `middlename` varchar(200) DEFAULT NULL,
  `sex` enum('F','M') DEFAULT NULL,
  `batch` int(4) DEFAULT NULL,
  `date_of_graduation` date DEFAULT NULL,
  PRIMARY KEY (`id`)
) ENGINE=InnoDB AUTO_INCREMENT=3329 DEFAULT CHARSET=utf8mb4;

/*Data for the table `alumnus` */

insert  into `alumnus`(`id`,`course_id`,`major_id`,`lastname`,`firstname`,`middlename`,`sex`,`batch`,`date_of_graduation`) values (1,3,NULL,'ABAYA','JASPER','CATABAY','F',2015,'2015-03-19'),(2,12,NULL,'ABAYA','REMY ','CAROLINO','F',2015,'2015-03-19'),(3,8,6,'ABAYA','GLADYS','TACADENA','F',2015,'2015-03-19'),(4,4,NULL,'ABLANG','CHRISTIAN','BARROS','M',2015,'2015-03-19'),(5,8,6,'ABUYOG','MARY ROSE','HALAMAN','F',2015,'2015-03-19'),(6,14,NULL,'ABUYOG','RONALYN','HALAMAN','F',2015,'2015-03-19'),(7,8,5,'ACOSTA','ARAN MANUEL','ABLANG','M',2015,'2015-03-19'),(8,11,NULL,'ACOSTA','ANGELICA','RINGOR','F',2015,'2015-03-19'),(9,1,NULL,'AFROILAN','ABRAHAM','GONZALO','M',2015,'2015-03-19'),(10,13,NULL,'AGLIBUT','FELICISIMO','OMEGA','M',2015,'2015-03-19'),(11,5,NULL,'AGNO','JONALYN','MADAY-A','F',2015,'2015-03-19'),(12,1,NULL,'AGPALSA','RONALD','TORIAGA','M',2015,'2015-03-19'),(13,8,6,'AGRESOR','RITZCHELLE','GALARIO','F',2015,'2015-03-19'),(14,8,6,'AGRISOLA','ABDULAZIZ','MARTINEZ','F',2015,'2015-03-19'),(15,8,6,'AGRISOLA','ALETH','PASCUA','F',2015,'2015-03-19'),(16,1,NULL,'AGUIHON','BRYAN','PARILLO','M',2015,'2015-03-19'),(17,14,NULL,'AGUILAR','JUNEVILLE','DUMAWA','M',2015,'2015-03-19'),(18,14,NULL,'AGUILAR','RICHELLE MAE','DAMASO','F',2015,'2015-03-19'),(19,9,NULL,'ALAPIT','REYLYN','ARELLANO','F',2015,'2015-03-19'),(20,8,6,'ALCAIDE','DEBBIE MAY','HORTIZUELA','F',2015,'2015-03-19'),(21,5,NULL,'ALCANTARA','TRINA MAY','GARCIA','F',2015,'2015-03-19'),(22,1,NULL,'ALCANTARA','FEM','LARDIZABAL','F',2015,'2015-03-19'),(23,8,6,'ALDEOSA','JOE PACZ','PERALTA','M',2015,'2015-03-19'),(24,8,5,'ALLAGAY','SHINALLYN','PABLO','F',2015,'2015-03-19'),(25,5,NULL,'ALMAZAN ','JULIEBEE','GARCIA','F',2015,'2015-03-19'),(26,9,NULL,'ALMODIEL','JARDENE','VELASCO','M',2015,'2015-03-19'),(27,10,NULL,'ALVARADO','LOMEN','GALLETA','F',2015,'2015-03-19'),(28,8,5,'ALVIENTO','DESSA','SANCHEZ','F',2015,'2015-03-19'),(29,4,NULL,'ANAEN','JESSA','TEJANO','F',2015,'2015-03-19'),(30,5,NULL,'ANCHETA','JAMAICA','GRANFIL','F',2015,'2015-03-19'),(31,8,6,'ANDAQUIG','GRETCHEN','DE PERALTA','F',2015,'2015-03-19'),(32,8,5,'ANDAYA','JORELIZ','MANLAPAZ','M',2015,'2014-05-16'),(33,11,NULL,'ANDAYA','ROSEL','HACHILES','F',2015,'2015-03-19'),(34,8,6,'ANGELES','CATHLEEN ANN','RACUYA','F',2015,'2015-03-19'),(35,8,6,'ANGGOTE','ASHARY','LANGCAO','F',2015,'2015-03-19'),(36,3,NULL,'ANGLO','MARIA KRISTINE','MARI','F',2015,'2015-03-19'),(37,11,NULL,'ANNAYON','JEFFERSON','GALAO','M',2015,'2015-03-19'),(38,8,5,'ANQUILLANO','DIVINA GRACE','ELIGIO','F',2015,'2015-03-19'),(39,11,NULL,'APAN','JULIUS','MONTANCES','M',2015,'2015-03-19'),(40,8,5,'APILADO','LADY PET','PERALTA','F',2015,'2015-03-19'),(41,4,NULL,'AQUINO','BRANDON JOHN','SERONA','M',2015,'2015-03-19'),(42,8,6,'ARELLANO','MARY ANN','GASTON','F',2015,'2015-03-19'),(43,13,NULL,'AROLA','DIVINE GRACE','ANGOAY','F',2015,'2015-03-19'),(44,8,6,'ARREOLA','JUN ','ENCARNACION','M',2015,'2015-03-19'),(45,14,NULL,'ASIONG','JOANNA VERA','AGOSTO','F',2015,'2015-03-19'),(46,8,5,'ASPILLAGA','LULLALEY','ALOJADO','F',2015,'2015-03-19'),(47,4,NULL,'AYSON','CATHERINE','CENTENO','F',2015,'2015-03-19'),(48,10,NULL,'BADOL','JOVELYN','SEPIAN','F',2015,'2015-03-19'),(49,13,NULL,'BAGANO','GIL G. JR.','GALARIO','M',2015,'2015-03-19'),(50,9,NULL,'BAJE','CHRISMALIZ','MATANO','F',2015,'2015-03-19'),(51,10,NULL,'BALBIN','ANALYN','LISING','F',2015,'2015-03-19'),(52,11,NULL,'BALBIN','ANGELICA','ALAGNA','F',2015,'2015-03-19'),(53,11,NULL,'BALBIN','CLARISSS','PAGULLAY','F',2015,'2015-03-19'),(54,14,NULL,'BALINGTAN','SUPERLYN','PANGANIBAN','F',2015,'2014-10-14'),(55,8,6,'BALLOCANAG','MIZPAH JESRIEL','CABRERA','F',2015,'2015-03-19'),(56,14,NULL,'BAL-UT','MARY LUZ','HABOC','F',2015,'2014-05-16'),(57,1,NULL,'BANASAN','HENRY','DAWILEN','M',2015,'2015-03-19'),(58,13,NULL,'BANDIWAN','ALMA','CAYANGA','F',2015,'2015-03-19'),(59,1,NULL,'BANI','RODERICK','CORPUS','M',2015,'2015-03-19'),(60,3,NULL,'BANIAGA','KEESHIA LYN','ORPILLA','F',2015,'2015-03-19'),(61,5,NULL,'BANSALEO','HAZEL','MANAPING','F',2015,'2015-03-19'),(62,11,NULL,'BAPTISTA','SONNY','PERALTA','M',2015,'2015-03-19'),(63,8,6,'BARNACHEA','JINKY','GORDON','F',2015,'2015-03-19'),(64,1,NULL,'BARROGA','RICHARD','CALDERAN','M',2015,'2015-03-19'),(65,8,6,'BARROZO','JOVELYN','ORALLO','F',2015,'2015-03-19'),(66,5,NULL,'BASBAS','LEA FAITH','BAGUITAN','F',2015,'2015-03-19'),(67,8,6,'BATALLA','MARY JOY','GALOPE','F',2015,'2015-03-19'),(68,11,NULL,'BATIN','APRIL JOY','DOMONGDONG','F',2015,'2015-03-19'),(69,14,NULL,'BATIN','AUBREY','GALLETO','F',2015,'2015-03-19'),(70,4,NULL,'BAUTISTA','APRIL JOY','ABAD','F',2015,'2015-03-19'),(71,12,NULL,'BAUTISTA','GERLYN','GALON','F',2015,'2015-03-19'),(72,6,7,'BAY-AN','MAYFLOR','AMBATANG','F',2015,'2015-03-19'),(73,6,7,'BELLO','JAYSON','CARDONA','M',2015,'2015-03-19'),(74,9,NULL,'BELLO','MARIA NIKKA','DE GUZMAN','F',2015,'2015-03-19'),(75,10,NULL,'BELLO','MARIA NIKKA','DE GUZMAN','F',2015,'2015-03-19'),(76,6,3,'BELO','JASMIN','VIVENCIO','F',2015,'2015-03-19'),(77,8,5,'BENITEZ','RESHALE','CABANSAG','F',2015,'2015-03-19'),(78,6,1,'BENITO','ILONAH JEAN','BANNAWAG','F',2015,'2015-03-19'),(79,5,NULL,'BERZABAL','MARIE','VALDEZ','F',2015,'2015-03-19'),(80,4,NULL,'BINAS-O','APRIL','CABALAR','F',2015,'2015-03-19'),(81,5,NULL,'BINONGOT','MILLICENT','CADAEG','F',2015,'2015-03-19'),(82,5,NULL,'BITONGAN','RONALUZ GRACE','ROLDAN','F',2015,'2015-03-19'),(83,8,6,'BLANCO','ARIANE MAE','COSMELIA','F',2015,'2015-03-19'),(84,8,5,'BOCO','ALYSSA TRIXIE','PANGANIBAN','F',2015,'2015-03-19'),(85,3,NULL,'BONBON','MAYSA','LEMERA','F',2015,'2015-03-19'),(86,8,6,'BONDAD','MARICHU','FERNANDEZ','F',2015,'2015-03-19'),(87,5,NULL,'BONGOLAN','JESSICA','BALDONADO','F',2015,'2015-03-19'),(88,1,NULL,'BORRETA','ROMELDA','PRINCENA','F',2015,'2015-03-19'),(89,8,6,'BRILLO','JENNY','JAVILLO','F',2015,'2015-03-19'),(90,8,6,'BUENTIPO','KURT DAVE','JAVILLO','M',2015,'2015-03-19'),(91,8,5,'BUGARIN','SARAH','SAN AGUSTIN','F',2015,'2015-03-19'),(92,10,NULL,'BUGARIN','DIANA KAREN','BOLIN','F',2015,'2015-03-19'),(93,12,NULL,'BUMATNONG','NORBY JOKER','ACIONG','M',2015,'2015-03-19'),(94,5,NULL,'BUSIKET','ERMALYN','LOGUIBES','F',2015,'2015-03-19'),(95,8,6,'BUTAY','JAY R','IÑIGO','M',2015,'2015-03-19'),(96,5,NULL,'CABALCE','GENEROSE','RAGUNTON','F',2015,'2014-10-14'),(97,5,NULL,'CABANGCALA','ROLANDO','EBABEN','M',2015,'2015-03-19'),(98,4,NULL,'CABANSAG','MARK RICKSON','DOMSING','M',2015,'2015-03-19'),(99,9,NULL,'CABANTING','REGIE','PROSPERO','M',2015,'2015-03-19'),(100,8,5,'CABAYA','MARICAR','AMATE','F',2015,'2015-03-19'),(101,13,NULL,'CABBAB','JOY','CORTEZ','F',2015,'2015-03-19'),(102,8,6,'CACHO','SHEILA MARIE','RAGUNTON','F',2015,'2015-03-19'),(103,13,NULL,'CACHO','GRETEL MARIE','APACQUID','F',2015,'2015-03-19'),(104,10,NULL,'CADAPAN','LYZA','TOQUERO','F',2015,'2015-03-19'),(105,8,6,'CAEL','CHARLES III','GALLETO','M',2015,'2015-03-19'),(106,4,NULL,'CALANNO','JOHN PAOLO','ACOSTA','M',2015,'2015-03-19'),(107,8,6,'CALDONA','JAKE','GABATILAN','M',2015,'2015-03-19'),(108,8,5,'CALIBUSO','LADY ROSANNE','ESTABILLO','F',2015,'2015-03-19'),(109,4,NULL,'CALINDAS','DELAILA IRMA','TAN','F',2015,'2015-03-19'),(110,3,NULL,'CALINDAS','THEA GLORINAH','MARTINEZ','F',2015,'2015-03-19'),(111,8,6,'CALINDAS','CLARISSA','GARCES','F',2015,'2015-03-19'),(112,1,NULL,'CALINDAS','ARNEL','GALLARDO','M',2015,'2015-03-19'),(113,9,NULL,'CALLEJO','SHEREENE','CORTEZ','F',2015,'2015-03-19'),(114,8,6,'CALVO','JAYSON','SANCHEZ','M',2015,'2015-03-19'),(115,14,NULL,'CAMPILLA','JOHN ALLEN','ESTRAÑERO','M',2015,'2015-03-19'),(116,13,NULL,'CANAOAY','LESLY ABIGAIL','DOLORMENTE','F',2015,'2015-03-19'),(117,11,NULL,'CARDONA','JAICA MIA','TANGONAN','F',2015,'2015-03-19'),(118,8,6,'CASIDSID','ROEL ','ASCAÑO','M',2015,'2015-03-19'),(119,5,NULL,'CASTILLO','CAMILLE','CEBUALA','F',2015,'2015-03-19'),(120,3,NULL,'CASTILLO','HARRY','BAÑEZ','M',2015,'2015-03-19'),(121,1,NULL,'CASTILLO','MARNELINE','BRAZIL','F',2015,'2015-03-19'),(122,13,NULL,'CASTILLO','LIZEL','GANDALERA','F',2015,'2015-03-19'),(123,5,NULL,'CASTRO','RICA JOY','FAVO','F',2015,'2015-03-19'),(124,8,6,'CASTRO','GLAIZA MAE','ABAYA','F',2015,'2015-03-19'),(125,6,4,'CAYSO','MARISOL','CUDIAMAT','F',2015,'2015-03-19'),(126,4,NULL,'CENA','ELAILA MAE','ALIMORONG','F',2015,'2015-03-19'),(127,8,6,'CENTENO','FAE RAQUEL','PANAGUITON','F',2015,'2015-03-19'),(128,11,NULL,'CHINCHO','JUDY','DE GUZMAN','F',2015,'2015-03-19'),(129,14,NULL,'CHOA','LOREBELLE','GRABANZOR','F',2015,'2015-03-19'),(130,8,6,'COCSON','PRINCESS','INIGO','F',2015,'2015-03-19'),(131,12,NULL,'COLLADO','EDWIN','VALDEZ','M',2015,'2015-03-19'),(132,8,6,'COLLADO','JANELLA ZEA','REPAREJO','F',2015,'2015-03-19'),(133,8,5,'COMBAS','ROMMEL','GAYAO','M',2015,'2015-03-19'),(134,5,NULL,'COMPRA','MARIE FE','DULI','F',2015,'2015-03-19'),(135,3,NULL,'CORDOVA','CHARITO JR.','JIMENEZ','M',2015,'2015-03-19'),(136,6,4,'CORPUZ','SONNY DAVID','RAMIL','M',2015,'2015-03-19'),(137,11,NULL,'CORPUZ','JUDELYN','BAO-INGAN','F',2015,'2015-03-19'),(138,14,NULL,'CORPUZ','ROSALYN','LORENZANA','F',2015,'2015-03-19'),(139,10,NULL,'CORTADO','JOANA MARIE','AGULLANA','F',2015,'2015-03-19'),(140,10,NULL,'CORTADO','MARY JOY','GALDONES','F',2015,'2015-03-19'),(141,11,NULL,'CORTADO','ANGELICA','SANCHEZ','F',2015,'2015-03-19'),(142,4,NULL,'CORTEZ','NORBY ','VALDEZ','M',2015,'2015-03-19'),(143,8,6,'CORTEZ','REMIL','LABANAR','M',2015,'2015-03-19'),(144,8,5,'CORTEZ','JOY','GADUT','F',2015,'2015-03-19'),(145,10,NULL,'CORTEZ','JOMAR','TABUTOL','M',2015,'2015-03-19'),(146,10,NULL,'CORTEZ','RUBIE','LABANAR','F',2015,'2015-03-19'),(147,11,NULL,'CORTEZ','JIMMY JR.','MECOS','M',2015,'2015-03-19'),(148,14,NULL,'CORTEZ','EVA MARIE','GAGNO','F',2015,'2015-03-19'),(149,5,NULL,'COSME','BABELYN','DAPIG','F',2015,'2015-03-19'),(150,1,NULL,'CUARTO','CARLOTA','SBADO','F',2015,'2015-03-19'),(151,4,NULL,'CUBON','DEXTER','GAGARIN','M',2015,'2015-03-19'),(152,1,NULL,'CUBON','KATHLEEN JOY','CALDERON','F',2015,'2015-03-19'),(153,9,NULL,'CUDIAMAT','RONALYN','INIGO','F',2015,'2015-03-19'),(154,8,5,'CUMAY-AO','JENNYLYN','MIRASOL','F',2015,'2015-03-19'),(155,6,3,'DACILLO','RONNEL','CORTEZ','M',2015,'2015-03-19'),(156,4,NULL,'DACUMA','CHRISTOPHER ','JAVAR','M',2015,'2015-03-19'),(157,4,NULL,'DAGUSEN','MACDONALD','TUDAYAN','M',2015,'2015-03-19'),(158,1,NULL,'DALGO','DENVER','AGULI','M',2015,'2015-03-19'),(159,10,NULL,'DALIDA','JENNIFER','FLOMAR','F',2015,'2015-03-19'),(160,11,NULL,'DALIDA','JENNIFER','FLOMAR','F',2015,'2014-05-14'),(161,4,NULL,'DALIMEG','SADDAM','PALOAY','M',2015,'2015-03-19'),(162,5,NULL,'DAMPULAY','GENINA CARLA','BERNARDO','F',2015,'2015-03-19'),(163,1,NULL,'DAPLAYAN','LERMA','APALET','F',2015,'2015-03-19'),(164,8,5,'DE CASTRO','ROYET','GRAVIDEZ','M',2015,'2015-03-19'),(165,8,6,'DE GRACIA','MICHAEL ALLAN','HAGOC','M',2015,'2015-03-19'),(166,11,NULL,'DE GRACIA','IRENE','CABANTING','F',2015,'2015-03-19'),(167,1,NULL,'DE GUZMAN','CHRISTIAN MARK','GALINATO','M',2015,'2015-03-19'),(168,14,NULL,'DE GUZMAN','CHRISTIAN SHAWN RAY','OLIVAS','M',2015,'2015-03-19'),(169,5,NULL,'DEL ROSARIO','RONEL ZON','GABRIEL','M',2015,'2015-03-19'),(170,9,NULL,'DEL ROSARIO','SHERYL','GARCIA','F',2015,'2015-03-19'),(171,9,NULL,'DELA CRUZ','KATHLEEN JOY','RAMOS','F',2015,'2015-03-19'),(172,14,NULL,'DELA CRUZ','LOVELY','DEMINIA','F',2015,'2015-03-19'),(173,11,NULL,'DELADIA','RENALYN','CARBONEL','F',2015,'2015-03-19'),(174,4,NULL,'DELOS SANTOS ','KAYCELLE','GUTIERREZ','F',2015,'2015-03-19'),(175,5,NULL,'DELUTA','MICHELLE','PALACOL','F',2015,'2015-03-19'),(176,5,NULL,'DIGAO','ZANDRA LYN','MAPULA','F',2015,'2015-03-19'),(177,1,NULL,'DIGMA','LOVELY','GALVEZ','F',2015,'2015-03-19'),(178,11,NULL,'DIVINA','EVELYN','DAGUSEN','F',2015,'2015-03-19'),(179,14,NULL,'DIVINA','MARIE-DELMAR','ARREOLA','F',2015,'2015-03-19'),(180,8,6,'DIZON','JENIFER','SUYAT','F',2015,'2015-03-19'),(181,5,NULL,'DOLLIENTE','MARIBETH','','F',2015,'2015-03-19'),(182,5,NULL,'DOLORMENTE','MARIE NHESS','BOBILES','F',2015,'2015-03-19'),(183,5,NULL,'DOM - OGEN','DEXTER','PANGLAO','M',2015,'2015-03-19'),(184,1,NULL,'DOMENDEN','JASON','SUMALBAG','M',2015,'2015-03-19'),(185,8,5,'DOMINGO','DEXTER','CHI','M',2015,'2015-03-19'),(186,1,NULL,'DORAL','JEFFREY','GUZMAN','M',2015,'2015-03-19'),(187,10,NULL,'DUGA','KAREN ANN','REAL','F',2015,'2015-03-19'),(188,6,1,'DULAY','JEAN ISHRAEL','LINAO','M',2015,'2015-03-19'),(189,9,NULL,'DUMACYON','RONALYN','QUIDPOAN','F',2015,'2015-03-19'),(190,5,NULL,'DUMANAS','JESSICA','DANG-AWEN','F',2015,'2015-03-19'),(191,4,NULL,'ELECCION','MARCELO JR.','GADONG','M',2015,'2015-03-19'),(192,13,NULL,'ELGAMO','IMMY JOYCE','AGUNAN','F',2015,'2015-03-19'),(193,4,NULL,'ELIGIO','ARJOE','MARIANO','M',2015,'2015-03-19'),(194,4,NULL,'ELLASOS','MARY JOY ','GADIA  ','F',2015,'2015-03-19'),(195,10,NULL,'ELLORIN','MARY ABIGAIL','CARRANZA','F',2015,'2015-03-19'),(196,4,NULL,'EMPABIDO','MELVIN','FONTILAR','M',2015,'2015-03-19'),(197,8,6,'ENCARNACION','ALJON','GALACIO','M',2015,'2015-03-19'),(198,8,6,'ERAÑA','MELINDA','CASTILLO','F',2015,'2015-03-19'),(199,5,NULL,'ESCOBAR','MAUREEN','OMAOENG','F',2015,'2015-03-19'),(200,12,NULL,'ESCOBAR','SYRA RICHELLE','BOBILES','F',2015,'2015-03-19'),(201,8,6,'ESPEJO','JANINE RAISAH','TUZON','F',2015,'2015-03-19'),(202,11,NULL,'ESPINA','JOANA ROSA','JAVILLONAR','M',2015,'2015-03-19'),(203,8,5,'ESPINOSA','MA. OLEYYA JEAN','RAMOS','F',2015,'2015-03-19'),(204,5,NULL,'ESPIRITU','ROSARIO','VALDEZ','F',2015,'2015-03-19'),(205,14,NULL,'ESPIRITU','PRINCESS DIANE','FERNANDEZ','F',2015,'2015-03-19'),(206,8,6,'ESTRELLA','RENDEZ VOUS','DELA CRUZ','M',2015,'2015-03-19'),(207,6,4,'FABIAN','CARISSA BLANCE','TAWAGEN','F',2015,'2015-03-19'),(208,4,NULL,'FABRO','MELANIE','ALVARADO','F',2015,'2015-03-19'),(209,8,6,'FABRO','EDILBERTO JR.','HABOC','M',2015,'2015-03-19'),(210,1,NULL,'FABRO','JENNIFER','SUYAT','F',2015,'2015-03-19'),(211,11,NULL,'FABRO','SHIELA MAE','RABON','F',2015,'2015-03-19'),(212,4,NULL,'FAJARDO','KARL EMERSON','HALUBER','M',2015,'2015-03-19'),(213,8,5,'FAROL','LEAHLYN','VILLOTA','F',2015,'2015-03-19'),(214,3,NULL,'FERMATO','WILMAR','LAGASCA','M',2015,'2015-03-19'),(215,8,6,'FERNANDEZ','MA. VICITASION','SALDUA','F',2015,'2015-03-19'),(216,8,6,'FERNANDEZ','RYAN','QUEZADA','M',2015,'2015-03-19'),(217,14,NULL,'FERNANDEZ','HAZEL','BOY-OAN','F',2015,'2015-03-19'),(218,5,NULL,'FERNANDO','ABBY SHAYNE','RAGANDAP','F',2015,'2015-03-19'),(219,8,5,'FERNANDO','SARAH JANE','BUYAN','F',2015,'2015-03-19'),(220,13,NULL,'FLORES','LOUIE','VALDEZ','M',2015,'2015-03-19'),(221,13,NULL,'FLORES','ROMILYN','GERDAN','F',2015,'2015-03-19'),(222,12,NULL,'FLORESCA','GIDDEL PRAISE','AFANGKA','F',2015,'2015-03-19'),(223,5,NULL,'GABAON','JULIE ANNE','BAOBAOEN','F',2015,'2015-03-19'),(224,3,NULL,'GABAON','RIOFEL','TOMAS','M',2015,'2015-03-19'),(225,8,6,'GABAON','DIANNE','ESTRELLER','F',2015,'2015-03-19'),(226,6,4,'GABAT','CESAR JR.','SUMIOAG','M',2015,'2015-03-19'),(227,4,NULL,'GABATIN','RUDY','GABATINO','M',2015,'2015-03-19'),(228,5,NULL,'GABAYAN','JHEA ROSE ELOISA','BAGUITAN','F',2015,'2015-03-19'),(229,9,NULL,'GABAYAN','CHARLIE','ESTOLERO','M',2015,'2015-03-19'),(230,5,NULL,'GABBAOAN','LEIZEL','CAM-ANI','F',2015,'2015-03-19'),(231,9,NULL,'GABOR','RAUL JR.','PATIÑO','M',2015,'2015-03-19'),(232,4,NULL,'GABUAT','MARK ANGELO','ANTALAN','M',2015,'2015-03-19'),(233,13,NULL,'GABUAT','DAYANARA','GACILOS','F',2015,'2015-03-19'),(234,10,NULL,'GABUYO','ANGELICA','OLERMO','F',2015,'2015-03-19'),(235,11,NULL,'GACAYAN','MARICAR','CASTRO','F',2015,'2015-03-19'),(236,10,NULL,'GACILAN','MARY CLAIRE','RIGOR','F',2015,'2015-03-19'),(237,6,7,'GACILOS','RAPHY','VALDEZ','M',2015,'2015-03-19'),(238,1,NULL,'GACOSCOS','RONALYN','AGUILAR','F',2015,'2015-03-19'),(239,9,NULL,'GACULA','JEFFREY','CABARLOC','M',2015,'2015-03-19'),(240,3,NULL,'GACUSAN','KAREN','GALLESO','F',2015,'2015-03-19'),(241,8,6,'GACUSANA','CLAIRE','ECRAELA','F',2015,'2015-03-19'),(242,11,NULL,'GACUTAN','CINDY','GALLETO','F',2015,'2015-03-19'),(243,8,5,'GADIA','MARY ANN','GARABILEZ','F',2015,'2015-03-19'),(244,10,NULL,'GADIA','MICHELLE','RILLORTA','F',2015,'2015-03-19'),(245,4,NULL,'GADIANO','ANGELA DIANNE','MARQUEZ','M',2015,'2015-03-19'),(246,8,5,'GADINGAN','BENJIE','CABARIOUS','M',2015,'2015-03-19'),(247,4,NULL,'GADONG','JOHN ERDY','ANDIR','M',2015,'2015-03-19'),(248,4,NULL,'GAGARIN','ALDRIN','DAGDAGAN','M',2015,'2015-03-19'),(249,4,NULL,'GAGARIN','DANIELLE ANN','DIAMANTE','F',2015,'2015-03-19'),(250,4,NULL,'GAGARIN','ROGELIO JR.','HERAÑA','M',2015,'2015-03-19'),(251,9,NULL,'GAGARIN','SARAH JANE','FABROS','F',2015,'2015-03-19'),(252,10,NULL,'GAGNO','CELIA FAYE','AGUILAN','F',2015,'2015-03-19'),(253,4,NULL,'GALAITES','ARIEL','CARALOS','M',2015,'2015-03-19'),(254,8,5,'GALANO','ROSE ANNE','BORDADO','F',2015,'2015-03-19'),(255,11,NULL,'GALANO','ROSELYN','GANDOL','F',2015,'2015-03-19'),(256,9,NULL,'GALANTO','MARLY','LAIZA','F',2015,'2015-03-19'),(257,13,NULL,'GALANTO','ALMA FAYE','V.','F',2015,'2015-03-19'),(258,11,NULL,'GALCON','JUDY ANN','RABE','F',2015,'2015-03-19'),(259,8,6,'GALDONES','JOSEPH','BRAVO','M',2015,'2015-03-19'),(260,13,NULL,'GALDONEZ','MARY ANN ','VALDEZ','F',2015,'2015-03-19'),(261,4,NULL,'GALIMBA','SARAH JANE','FABULA','F',2015,'2015-03-19'),(262,8,5,'GALINATO','ARVIN','ROBLEDO','M',2015,'2015-03-19'),(263,8,5,'GALINATO','MARCELA ROWENA','GAMILDE','F',2015,'2015-03-19'),(264,5,NULL,'GALLA ','MAE','AGUDAL','F',2015,'2015-03-19'),(265,8,5,'GALLARDO','BREN CARLO','DAVAL','M',2015,'2015-03-19'),(266,1,NULL,'GALLARDO','SALLY GRACE','MANINGAN','F',2015,'2015-03-19'),(267,14,NULL,'GALLARDO','EMALYN','GABIANA','F',2015,'2014-10-14'),(268,4,NULL,'GALLERO','MARY ANN ESTRELLA','BAWAS','F',2015,'2015-03-19'),(269,12,NULL,'GALLETES','MARGARITA','ACOSTA','F',2015,'2015-03-19'),(270,1,NULL,'GALOPE','JAKE','JARAMILLA','M',2015,'2015-03-19'),(271,8,6,'GALUARDO','RHEALYN','GALINATO','F',2015,'2015-03-19'),(272,4,NULL,'GALUTAN','NERIZA','TEJADA','F',2015,'2015-03-19'),(273,5,NULL,'GALVEZ','REBECCA','GOLEZ','F',2015,'2015-03-19'),(274,1,NULL,'GALVEZ','ALJAM','MEDINA','M',2015,'2015-03-19'),(275,13,NULL,'GALZOTE','APRILYN','VIROS','F',2015,'2015-03-19'),(276,8,6,'GAMAYEN','LYKA ROSE','MECOS','F',2015,'2015-03-19'),(277,5,NULL,'GAMBOA','EVA MARIE','SARAOS','F',2015,'2015-03-19'),(278,5,NULL,'GAMBOA','MINA','CADDARAO','F',2015,'2015-03-19'),(279,6,3,'GAMBOL','RICHARD BONG','BARROGA','M',2015,'2015-03-19'),(280,14,NULL,'GAMOSO','FATIMA','ESCARATE','F',2015,'2014-05-16'),(281,5,NULL,'GAMUEDA','BERNARDO JR.','PASCUA','M',2015,'2015-03-19'),(282,13,NULL,'GAMUEDA','JENILA','NONE','F',2015,'2015-03-19'),(283,14,NULL,'GAMUEDA','MIRIAM','PASCUA','F',2015,'2015-03-19'),(284,9,NULL,'GANABO','ARVIN','MORENO','M',2015,'2015-03-19'),(285,5,NULL,'GANACIAS','MARJORIE','','F',2015,'2015-03-19'),(286,8,6,'GANADO','ELYSA MARIE','GALICIA','F',2015,'2015-03-19'),(287,8,5,'GANDALERA','JERIC','GARNACE','M',2015,'2015-03-19'),(288,5,NULL,'GANDOL','MARJORIE','DE GUZMAN','F',2015,'2015-03-19'),(289,13,NULL,'GANI','MARY ANNE','GADIA','F',2015,'2015-03-19'),(290,13,NULL,'GANI','MARY JOY','GADIA','F',2015,'2015-03-19'),(291,8,6,'GANSAEN','RICHARD','MANZANO','M',2015,'2015-03-19'),(292,11,NULL,'GAOAT','SARAH JANE','JAMANDRA','F',2015,'2015-03-19'),(293,1,NULL,'GAPATE','JAY-R','ORPILLA','M',2015,'2015-03-19'),(294,11,NULL,'GARABILES','GRETHEL JANE','RAGUINDIN','F',2015,'2015-03-19'),(295,1,NULL,'GARABILEZ','JOHN PAUL','LUCAS','M',2015,'2015-03-19'),(296,13,NULL,'GARABILEZ','MARY JOY','ORTEGA','F',2015,'2015-03-19'),(297,4,NULL,'GARCIA','ROWENALYN','HABAN','F',2015,'2015-03-19'),(298,4,NULL,'GARCIA','TEODORO','FERNAN','M',2015,'2015-03-19'),(299,9,NULL,'GATCHALLAN','FLORENCE','BANSIYEG','M',2015,'2015-03-19'),(300,10,NULL,'GAURAN','RAQUEL','CASTRO','F',2015,'2015-03-19'),(301,1,NULL,'GAUTANI','JHOEVIC','RAPADA','M',2015,'2015-03-19'),(302,6,4,'GAYYED','VENUS','VICENTE','F',2015,'2015-03-19'),(303,9,NULL,'GENOVE','SHIELA MAY','CORTEZ','F',2015,'2015-03-19'),(304,5,NULL,'GERONDA','FLORABELLE','TUMACDANG','F',2015,'2015-03-19'),(305,11,NULL,'GERONILLA','JASMINE','BUTIGUIN','F',2015,'2015-03-19'),(306,8,5,'GIRONELLA','CATHERINE','VALDEZ','F',2015,'2015-03-19'),(307,4,NULL,'GOBANTES','GINA','RAPANUT','F',2015,'2015-03-19'),(308,5,NULL,'GONZAGA','SHIELA MAY','CUENCO','F',2015,'2015-03-19'),(309,13,NULL,'GONZALES','KRIZELLE','DAWA','F',2015,'2015-03-19'),(310,5,NULL,'GONZALO','JERALYN','ANCHETA','F',2015,'2015-03-19'),(311,5,NULL,'GONZALO','MARK CHRISTOPHER','FERNANDO','M',2015,'2015-03-19'),(312,4,NULL,'GRANADA','MARLO II','SOLIVEN','M',2015,'2015-03-19'),(313,8,5,'GRANFIL','AIZA','VALDEZ','F',2015,'2015-03-19'),(314,8,6,'GRAY','KARYL MAE','GACUSANA','F',2015,'2015-03-19'),(315,4,NULL,'GUANZON','ROMEL','CALINDAS','M',2015,'2015-03-19'),(316,5,NULL,'GUERZON','PRINCESS KAYE','DUQUING','F',2015,'2015-03-19'),(317,9,NULL,'GUERZON','MIRASOL','CAMACHO','F',2015,'2015-03-19'),(318,9,NULL,'GUEVARA','VINALYN','BANAO','F',2015,'2015-03-19'),(319,14,NULL,'GUEVARRA','JAZMIN','ALIBANG','F',2015,'2014-05-16'),(320,8,6,'GUIBAOAN','JONALYN','JESTO','F',2015,'2015-03-19'),(321,13,NULL,'GUIEB','VENUS','BAL-UT','F',2015,'2015-03-19'),(322,5,NULL,'GUITBA','ARLAN','ATCHILES','M',2015,'2015-03-19'),(323,11,NULL,'GUMANGAN','LOVELY','ESTOQUIA','F',2015,'2015-03-19'),(324,11,NULL,'GURTIZA','JUANITA ROSE','AGAS','F',2015,'2015-03-19'),(325,4,NULL,'GUZMAN','MAUREEN','GAPUSAN','F',2015,'2015-03-19'),(326,5,NULL,'HABER','JENNY','TAALA','F',2015,'2015-03-19'),(327,8,5,'HABON','WARREN JAGE','CADAYONG','M',2015,'2015-03-19'),(328,14,NULL,'HABON','AUBREY','ANTE','F',2015,'2015-03-19'),(329,8,5,'HABOS','LUCIA','VALLAR','F',2015,'2015-03-19'),(330,8,6,'HADAP','DANE LOUIE','SOTELO','M',2015,'2015-03-19'),(331,8,6,'HADLOC','MELANIE','CASTRO','F',2015,'2015-03-19'),(332,11,NULL,'HADLOC','JENNYLYN','CASTRO','F',2015,'2015-03-19'),(333,1,NULL,'HADUCA','JOY','MONTOYA','F',2015,'2015-03-19'),(334,11,NULL,'HAGUNOS','GAYLENE','NONE','F',2015,'2015-03-19'),(335,9,NULL,'HAILAR','VICTORIA','VALDEZ','F',2015,'2015-03-19'),(336,13,NULL,'HAILAR','CITADEL NINA','RUIZ','F',2015,'2015-03-19'),(337,13,NULL,'HALABAS','JESIEL','HAGUNOS','F',2015,'2015-03-19'),(338,11,NULL,'HALAMAN','SHARMAINE','CORTEZ','F',2015,'2015-03-19'),(339,6,3,'HALLEGADO','JAYMELYN','CORTEZ','F',2015,'2015-03-19'),(340,4,NULL,'HALUBER','REYNALYN','ABLANG','F',2015,'2015-03-19'),(341,4,NULL,'HERNANDEZ','JAYMART','GALLESO','M',2015,'2015-03-19'),(342,14,NULL,'HERNANDO','GERALDINE','LATORRE','F',2015,'2015-03-19'),(343,1,NULL,'HOMBREBUENO','ALLEN','','M',2015,'2015-03-19'),(344,5,NULL,'ILAGAN','JOVIEMAR','ANGAOAN','M',2015,'2015-03-19'),(345,14,NULL,'ILAGAN','MICHAEL JAY','ABARQUEZ','M',2015,'2015-03-19'),(346,6,1,'ILAO','ARIANE','FERNANDEZ','F',2015,'2015-03-19'),(347,9,NULL,'IMMONG','JOEBELLE','ALOS','F',2015,'2014-05-16'),(348,8,5,'IMPERIAL','JULIUS ALAN','ALAY-AY','M',2015,'2015-03-19'),(349,11,NULL,'INCIEN','DONNALYN','LAPIC','F',2015,'2015-03-19'),(350,8,6,'INIGO','JERWINA','PANELA','F',2015,'2015-03-19'),(351,13,NULL,'ISIDRO','RICA-ANN','LAGAYA','F',2015,'2015-03-19'),(352,8,6,'JABONITALLA','MA. ESMERALDA','RAMOS','F',2015,'2015-03-19'),(353,13,NULL,'JAINAR','MERRY JEAN','ASTRERO','F',2015,'2015-03-19'),(354,8,6,'JANDOC','MA. LAILANI','NONES','F',2015,'2015-03-19'),(355,5,NULL,'JAPEN','ROD JHON','ORDINARIO','M',2015,'2015-03-19'),(356,13,NULL,'JARAMILLA','MARILYN JOY','LAOAGAN','F',2015,'2015-03-19'),(357,11,NULL,'JARAMILLO','DOMINIQUE','VALLEJO','F',2015,'2015-03-19'),(358,6,3,'JAVIER','PRINCESS','JOSE','F',2015,'2014-05-16'),(359,8,5,'JAVIER','MYNARD','NONE','M',2015,'2015-03-19'),(360,10,NULL,'JAVIER','JINGLE','RABON','F',2015,'2015-03-19'),(361,9,NULL,'JAVILLONAR','AMALIA','SEVILLANO','F',2015,'2015-03-19'),(362,4,NULL,'JAVINES','JOHN JOENARD','RACHO','M',2015,'2015-03-19'),(363,8,5,'JIMENEZ',' ERCEL MAY','CATBAGAN','F',2015,'2015-03-19'),(364,13,NULL,'JIMENEZ','CL ADAM','GINES','M',2015,'2015-03-19'),(365,13,NULL,'JIMENEZ','ELIZA','BRAVO','F',2015,'2015-03-19'),(366,13,NULL,'JIMENEZ','MARIA MERCEDES','CALDERON','F',2015,'2015-03-19'),(367,10,NULL,'LABAGNOY','MARY ROSE','FLORES','F',2015,'2015-03-19'),(368,11,NULL,'LABAGNOY','MARY ROSE','FLORES','F',2015,'2014-05-15'),(369,1,NULL,'LABIANO','EVANGELYN','CORPUZ','F',2015,'2015-03-19'),(370,8,6,'LACADEN','JENNIFER','LAIS','F',2015,'2015-03-19'),(371,5,NULL,'LAGUA','MA. CONCEPCION','LAMES','F',2015,'2015-03-19'),(372,1,NULL,'LAOAGAN','MARY ANNE','ALCANTARA','F',2015,'2015-03-19'),(373,14,NULL,'LAPIC','MARJORIE','LABTANG','F',2015,'2015-03-19'),(374,8,6,'LARDIZABAL','AILEEN','CABRADILLA','F',2015,'2015-03-19'),(375,1,NULL,'LARDIZABAL','ANGELICA','LEAL','F',2015,'2015-03-19'),(376,11,NULL,'LATAC','RHONAMAE','GARCIA','F',2015,'2015-03-19'),(377,11,NULL,'LAUZON','JEVERLIE','BATIN','F',2015,'2015-03-19'),(378,3,NULL,'LAVARO','MARKU DOMINIC','GINES','M',2015,'2015-03-19'),(379,11,NULL,'LAVARO','CRISTAL','SAMILIN','F',2015,'2015-03-19'),(380,13,NULL,'LAYAO','CEYLON ODESSA YSRAEL','MALABANAN','F',2015,'2015-03-19'),(381,6,7,'LAYYAG','NISSAN','DALIDA','F',2015,'2015-03-19'),(382,11,NULL,'LAZARTE','CRISTALYN','TORRES','F',2015,'2015-03-19'),(383,11,NULL,'LEE','RON KEITH','LAGMAN','M',2015,'2015-03-19'),(384,5,NULL,'LIBERATO','CAROL ','TORRES','F',2015,'2015-03-19'),(385,6,4,'LICUDINE','JASMIN','GUIEB','F',2015,'2015-03-19'),(386,11,NULL,'LLANES','REGGIE ANN','CUSTODIO','M',2015,'2015-03-19'),(387,9,NULL,'LOPEZ','RYAN','ORDINARIO','M',2015,'2015-03-19'),(388,14,NULL,'LOPEZ','MAY CLAIRE','CALADO','F',2015,'2015-03-19'),(389,6,7,'LUCENARIO','ROMEL','DUKEY','M',2015,'2015-03-19'),(390,4,NULL,'MAALA','VLADIMIR','MARIANO','M',2015,'2015-03-19'),(391,5,NULL,'MADARANG','MARK ANTHONY','TEOFILO','M',2015,'2015-03-19'),(392,5,NULL,'MAGTAJAS','JANSEN','','M',2015,'2015-03-19'),(393,4,NULL,'MALINIS','YVONNE','ALFREDO','F',2015,'2015-03-19'),(394,5,NULL,'MANGAY-AYAM','JHON LEE','DACANAY','M',2015,'2015-03-19'),(395,9,NULL,'MANIBLOC','LIZA','CARLOS','F',2015,'2015-03-19'),(396,11,NULL,'MANIPOL','CAROL','BARONGAY','F',2015,'2015-03-19'),(397,5,NULL,'MANZANO','ANNA MARIE','IÑIGO','F',2015,'2015-03-19'),(398,5,NULL,'MANZANO','GLORIA ZENY','DOMINNO','F',2015,'2015-03-19'),(399,5,NULL,'MANZANO','ROWENA','GACUSAN','F',2015,'2015-03-19'),(400,8,5,'MANZANO','JOHN PAUL','QUIDANGEN','M',2015,'2015-03-19'),(401,9,NULL,'MANZANO','MADILYN','','F',2015,'2015-03-19'),(402,10,NULL,'MANZANO','JESSA MAE','ETRATA','F',2015,'2015-03-19'),(403,13,NULL,'MANZANO','LEIZEL','GARINGGO','F',2015,'2015-03-19'),(404,14,NULL,'MANZANO','MYRMA','SAPGUIAN','F',2015,'2015-03-19'),(405,8,5,'MARASIGAN','KRIZIA','SANCHEZ','F',2015,'2015-03-19'),(406,5,NULL,'MARBAS','RIZALYN','MANZANO','M',2015,'2015-03-19'),(407,8,5,'MARQUEZ','RONIEL','MEJIA','M',2015,'2015-03-19'),(408,1,NULL,'MARQUEZ','ANTHONY','FLORES','M',2015,'2015-03-19'),(409,1,NULL,'MARQUEZ','JAYSON','MANUZON','M',2015,'2015-03-19'),(410,11,NULL,'MARTINEZ','MARICEL','MILLIAN','F',2015,'2015-03-19'),(411,13,NULL,'MARTINEZ','MARICAR','HABON','F',2015,'2015-03-19'),(412,14,NULL,'MASENDO','ARVEI','OLEGARIO','F',2015,'2015-03-19'),(413,3,NULL,'MATCHO','ALEXIS','MARTINEZ','M',2015,'2015-03-19'),(414,5,NULL,'MATEO','DIVINE GRACE','GALIMBA','F',2015,'2015-03-19'),(415,6,7,'MECOS','ERICSON','DIMALANTA','M',2015,'2015-03-19'),(416,14,NULL,'MECOS','MARY ROSE','GALDONES','F',2015,'2015-03-19'),(417,14,NULL,'MEDINA','JUNABEL','CORPUZ','F',2015,'2015-03-19'),(418,4,NULL,'MENDOZA','REMEDIOS','OLANIO','F',2015,'2015-03-19'),(419,4,NULL,'MILLARES','MAE VALERIE','JAVONITALLA','F',2015,'2015-03-19'),(420,10,NULL,'MILLIAN','MECHIEN','GACUSANA','F',2015,'2015-03-19'),(421,8,5,'MOCALENG','GINALYN','SAGORSOR','F',2015,'2015-03-19'),(422,5,NULL,'MOLINA','ALDRINE','CARRANZA','M',2015,'2015-03-19'),(423,8,6,'MOLINA','EDELYN','AZUR','F',2015,'2015-03-19'),(424,14,NULL,'MORQUED','DEVIE','AGUILAN','F',2015,'2015-03-19'),(425,1,NULL,'MOSTRERO','JAYBEE','ALIMARI','M',2015,'2015-03-19'),(426,6,1,'NADELA','ROSSEL','RODRIGUEZ','F',2015,'2014-05-16'),(427,8,5,'NAKAR','JERICK','FERALDO','M',2015,'2015-03-19'),(428,8,6,'NAUNGAYAN','ALGIER','DEL ROSARIO','M',2015,'2015-03-19'),(429,8,5,'NAUNGAYAN','RAFFY','GALICIA','M',2015,'2015-03-19'),(430,8,5,'NAVARRO','SHANELLE','CARTA','F',2015,'2015-03-19'),(431,10,NULL,'NERAL','NEIL PATRICK','BINAS','M',2015,'2015-03-19'),(432,4,NULL,'NIÑONUEVO','FERNANDO JR.','MANZANO','M',2015,'2015-03-19'),(433,9,NULL,'NISPEROS','JENNIFER','BAGSAO','F',2015,'2015-03-19'),(434,5,NULL,'OANDASAN','HENRY JEFFERSON','HIDALGO','M',2015,'2015-03-19'),(435,8,6,'OBILLO','MICHAEL KNIGHT','LANGIDEN','M',2015,'2015-03-19'),(436,4,NULL,'OLIVAR','ANTHONY ELMAR','MORENO','M',2015,'2015-03-19'),(437,6,1,'OLIVER','PRESALYN JANICE','MENDOZA','F',2015,'2015-03-19'),(438,14,NULL,'OLOAN','ELAIJAH','SAY-AO','F',2015,'2015-03-19'),(439,8,6,'ORDOÑEZ','JEFFREY','VILLENA','M',2015,'2015-03-19'),(440,4,NULL,'ORPILLA','JOY','RODRIGUEZ','F',2015,'2015-03-19'),(441,5,NULL,'ORPILLA','JONALYN','PASCUA','F',2015,'2015-03-19'),(442,1,NULL,'ORTEGA','RHODA','TUMACDANG','F',2015,'2015-03-19'),(443,5,NULL,'ORTIZ','JOEY','AZUR','M',2015,'2015-03-19'),(444,13,NULL,'PACIS','CLAIRE GENESIS','CORTEZ','F',2015,'2015-03-19'),(445,14,NULL,'PACQUING','MARY GRACE','GARABILIS','F',2015,'2015-03-19'),(446,11,NULL,'PACURSA','MARIMAR','CADIS','F',2015,'2015-03-19'),(447,11,NULL,'PADSING','MICHELLE','LIBLIBEN','F',2015,'2015-03-19'),(448,8,6,'PALACOL','FRANCIS PAULO','HALUBER','M',2015,'2015-03-19'),(449,14,NULL,'PALANGDAO','ALYSSA MAY','MANZANO','F',2015,'2015-03-19'),(450,10,NULL,'PANIT','VANESSA','ISIDRO','F',2015,'2015-03-19'),(451,5,NULL,'PAROTINA','ROVI DIANNE','ROSAL','F',2015,'2015-03-19'),(452,6,1,'PASCUA','EDEL BLESS','RUIZ','F',2015,'2015-03-19'),(453,8,6,'PASCUA','CHARMING','ORTIZ','M',2015,'2015-03-19'),(454,8,5,'PASCUA','AEMBERLYNN','GARLEJO','F',2015,'2015-03-19'),(455,11,NULL,'PASCUA','LOVELY ANNE','GAMBALA','F',2015,'2015-03-19'),(456,5,NULL,'PASCUAL','RONALYN','HERLABAN','F',2015,'2015-03-19'),(457,8,6,'PASION','MICHAEL RHENZO','ELEFANTE','M',2015,'2015-03-19'),(458,13,NULL,'PASSI','JOMELENE','ADEPINE','F',2015,'2015-03-19'),(459,4,NULL,'PAYANGA','ALPHA','TOMACDANG','F',2015,'2015-03-19'),(460,4,NULL,'PE MANUEL','ANGELICA','BAUTISTA','F',2015,'2015-03-19'),(461,8,6,'PEPITO','VANGIELYN','GUERERO','F',2015,'2015-03-19'),(462,6,1,'PIANO','KRISTINE','TOQUERO','F',2015,'2015-03-19'),(463,9,NULL,'PILOR','RJ','VALDEZ','M',2015,'2015-03-19'),(464,4,NULL,'PIMENTEL','ELIZABETH','JOVEN','F',2015,'2015-03-19'),(465,12,NULL,'PINEDA','EDUARDO JR.','CUDIAMAT','M',2015,'2015-03-19'),(466,1,NULL,'PINGKIAN','DIVINUS NEIL','RODRIGUEZ','M',2015,'2015-03-19'),(467,11,NULL,'PIS-O','MYRA YUKO','OPAO','F',2015,'2015-03-19'),(468,5,NULL,'PONCIANO','MARICON','ISIDRO','F',2015,'2015-03-19'),(469,8,5,'PONTEJOS','ANGELO','GADIANO','M',2015,'2015-03-19'),(470,13,NULL,'PURUGGANAN','KIMBERLY','GABAYAN','F',2015,'2015-03-19'),(471,13,NULL,'PUTIL','JAEZELE','FAYE','F',2015,'2015-03-19'),(472,1,NULL,'QUIDPOAN','ERNIE','APALET','M',2015,'2015-03-19'),(473,8,5,'QUILOP','CRYSTAL JOYCE','TINAYA','F',2015,'2015-03-19'),(474,8,6,'QUIMSON','JENNIFER','GALLETO','F',2015,'2015-03-19'),(475,1,NULL,'QUITILEN','CHRISTIAN','OBILLE','M',2015,'2015-03-19'),(476,8,6,'RABAGO','JESSA','ACOSTA','F',2015,'2015-03-19'),(477,8,6,'RAFANAN','MARK LOUIE','REFUERZO','M',2015,'2015-03-19'),(478,8,5,'RAGANDAP','MEYNARD','VALDEZ','M',2015,'2015-03-19'),(479,5,NULL,'RAMIREZ','ALFREDO','BALBERAN','M',2015,'2015-03-19'),(480,8,6,'RAMIREZ','CRYSTAL','ALING','F',2015,'2015-03-19'),(481,1,NULL,'RAMIREZ','JOEL','PIMENTEL','M',2015,'2015-03-19'),(482,1,NULL,'RAMON','HOLY','PANGISBAN','M',2015,'2015-03-19'),(483,4,NULL,'RAMOS','ANTONIO JR.','GUERRERO','M',2015,'2015-03-19'),(484,5,NULL,'RAMOS','ADELIO','GARABILEZ','F',2015,'2015-03-19'),(485,1,NULL,'RAMOS','JAIRUS','FIGURACION','M',2015,'2015-03-19'),(486,1,NULL,'RAMOS','RAYMART','DE GUZMAN','M',2015,'2015-03-19'),(487,11,NULL,'RAMOS','MAY ANN','ORPILLA','F',2015,'2015-03-19'),(488,14,NULL,'RAPADA','APPLE LYRA','RAGASA','F',2015,'2015-03-19'),(489,11,NULL,'RAPOSA','RUTH GAY','DEFEISTA','F',2015,'2015-03-19'),(490,4,NULL,'RAQUIZA','MARY JANE','ELECCION','F',2015,'2015-03-19'),(491,8,6,'REAL','JENELYN','GACUSAN','F',2015,'2015-03-19'),(492,14,NULL,'REBAULA','AIRALYN ROSS','PASION','F',2015,'2015-03-19'),(493,8,5,'REBULDELA','RAYMOND','RIVERA','M',2015,'2015-03-19'),(494,14,NULL,'REMOLACIO','RYZZA','TORREJAS','F',2015,'2015-03-19'),(495,13,NULL,'RENDON','GLADYS','GALIMBA','F',2015,'2015-03-19'),(496,14,NULL,'RENDON','REY','AGOSTO','M',2015,'2015-03-19'),(497,1,NULL,'REPAREJO','JENG JENG','SAN PEDRO','F',2015,'2015-03-19'),(498,4,NULL,'RESURRECCION','SHARMAINE','GAMUETA','F',2015,'2015-03-19'),(499,4,NULL,'REYES','AILYN','DIANO','F',2015,'2015-03-19'),(500,9,NULL,'REYES','MYRA','MILIARE','F',2015,'2015-03-19'),(501,8,5,'REYNANTE','JONATHAN','ESPIRITU','M',2015,'2015-03-19'),(502,6,1,'RIMANDO','DIANNE GRACE','BAUTISTA','F',2015,'2015-03-19'),(503,13,NULL,'RIVERA','KRISTABELLE SHANE','GANABO','F',2015,'2015-03-19'),(504,10,NULL,'ROQUETA','DEN MARC','VELASCO','M',2015,'2015-03-19'),(505,6,1,'ROSARIO','MELISSA','CABRAL','F',2015,'2015-03-19'),(506,8,6,'ROSARIO','JEAN','LIBERATO','F',2015,'2015-03-19'),(507,13,NULL,'ROSARIO','ROMELY','VELASCO','F',2015,'2015-03-19'),(508,12,NULL,'ROSENDO','JOHNNY JR.','QUILLY','M',2015,'2015-03-19'),(509,13,NULL,'RUIZ','ELMA ROSE','PALUNAN','F',2015,'2015-03-19'),(510,14,NULL,'SALDEVAR','JONALYN','LANGBAYAN','F',2015,'2015-03-19'),(511,1,NULL,'SALES','DANIEL LEO','DADIS','M',2015,'2015-03-19'),(512,14,NULL,'SAMBAOA','FLORIDA MAE','MATIAS','F',2015,'2014-05-16'),(513,8,5,'SANCHEZ','KARL PRINCE','GALVEZ','M',2015,'2015-03-19'),(514,1,NULL,'SANTAMARIA','JETH MARTSON','GALIMBA','M',2015,'2015-03-19'),(515,13,NULL,'SANTIAGO','MAUREEN','DILEM','F',2015,'2015-03-19'),(516,6,2,'SANTISTEBAN','CLAIRE ANTONETTE','VALDEZ','F',2015,'2015-03-19'),(517,1,NULL,'SANTOS','LEOFRE','WANAGEN','M',2015,'2015-03-19'),(518,13,NULL,'SAYA-SAYA','RONALYN','BAUTISTA','F',2015,'2015-03-19'),(519,8,6,'SESE','HONEY MAE','RAMOS','F',2015,'2015-03-19'),(520,8,6,'SILAPAN','GRETCHEN','JAVINAR','F',2015,'2015-03-19'),(521,5,NULL,'SOCIAS','MAY LUANNE','SOLIVEN','F',2015,'2015-03-19'),(522,11,NULL,'SOLIVEN','LAILANIE','SISON','F',2015,'2015-03-19'),(523,8,5,'SORIANO','KAREN JEF','TAGBO','F',2015,'2015-03-19'),(524,10,NULL,'SORIANO','LADY-ANGEL','FABULA','F',2015,'2015-03-19'),(525,10,NULL,'SUBLATEN','CHARISMA','MATICYENG','F',2015,'2015-03-19'),(526,12,NULL,'TALLUD','LEONITA','CALLUENG','F',2015,'2015-03-19'),(527,14,NULL,'TAMAYO','BRIGITTE MAE','FRIAL','F',2015,'2015-03-19'),(528,14,NULL,'TAMIING','CHARACE','DANIEL','F',2015,'2015-03-19'),(529,6,4,'TAN ','EDGAR','VIERNES','M',2015,'2014-10-14'),(530,5,NULL,'TAYOCNOG','NELY ANN','MENDOZA','F',2015,'2015-03-19'),(531,11,NULL,'TEJADA','ROWENA','HERAÑA','F',2015,'2015-03-19'),(532,14,NULL,'TEJADA','MARIMAR','SUBIDO','F',2015,'2015-03-19'),(533,1,NULL,'TEL-E','RHEINDEL','BASILIO','M',2015,'2015-03-19'),(534,5,NULL,'TERIO','ALJON','GUISTOC','M',2015,'2015-03-19'),(535,9,NULL,'TILAD','MYNAH MARIE','ALOS','F',2015,'2015-03-19'),(536,8,5,'TOLENTINO','JUN ','VALDEZ','M',2015,'2015-03-19'),(537,5,NULL,'TOME','VANGIE','BALDEVISIO','F',2015,'2015-03-19'),(538,4,NULL,'TOQUERO','RHUNEL','GABAON','M',2015,'2015-03-19'),(539,1,NULL,'TOUGAN','JOVEN','HALAMAN','M',2015,'2015-03-19'),(540,1,NULL,'TUMACDANG','ROLAND','BAOBAOEN','M',2015,'2015-03-19'),(541,5,NULL,'TUNGBABAN','JENNELYN','APOLTO','F',2015,'2015-03-19'),(542,9,NULL,'UBUAN','MARIDEL','DUKEY','F',2015,'2015-03-19'),(543,8,5,'ULIDAN','RHEYNALYN','VALDEZ','M',2015,'2015-03-19'),(544,5,NULL,'UMINGA','ASHLEE','BENNAGEN','F',2015,'2015-03-19'),(545,10,NULL,'UMIPIG','MARJORIE','ARREOLA','F',2015,'2015-03-19'),(546,4,NULL,'VALDEZ','MHERVA VALERIE','GRAY','F',2015,'2015-03-19'),(547,5,NULL,'VALDEZ','JAYMALYN','TABLAC','F',2015,'2015-03-19'),(548,12,NULL,'VALDEZ','AVEGAIL','JIMENEZ','F',2015,'2015-03-19'),(549,12,NULL,'VALDEZ','KATHRYN','MANZANO','F',2015,'2015-03-19'),(550,12,NULL,'VALDEZ','ROXAN FE','GALLERO','F',2015,'2015-03-19'),(551,8,6,'VALDEZ','ANNABELL','APUHIN','F',2015,'2015-03-19'),(552,8,6,'VALDEZ','CHRISTIAN','GARCIA','M',2015,'2015-03-19'),(553,1,NULL,'VALDEZ','JHOMAR','LANGUEY','M',2015,'2015-03-19'),(554,9,NULL,'VALDEZ','CREIZLE MAE','GACUTAN','F',2015,'2015-03-19'),(555,10,NULL,'VALDEZ','BEVERLY','PASIAN','F',2015,'2015-03-19'),(556,11,NULL,'VALDEZ','ROXAN','FORONDA','F',2015,'2015-03-19'),(557,13,NULL,'VALDEZ','ROWENA','PASIAN','F',2015,'2015-03-19'),(558,12,NULL,'VALDEZ ','LIEZL ANN','PACQUING','F',2015,'2015-03-19'),(559,8,6,'VALDEZ ','GLORY ','GASATAN','F',2015,'2015-03-19'),(560,8,6,'VALDEZ ','KIMBERLY MAE','GALICIA','F',2015,'2015-03-19'),(561,8,5,'VALLEJOS','KENNETH','MANLAPAZ','M',2015,'2015-03-19'),(562,1,NULL,'VELARDE','REYMARK','ROLDAN','M',2015,'2015-03-19'),(563,8,6,'VELASCO','MICHELLE','CABATO','F',2015,'2015-03-19'),(564,10,NULL,'VELASCO','MAE','AGUTO','F',2015,'2015-03-19'),(565,11,NULL,'VELASCO','MA. ANGELICA','MARQUEZ','F',2015,'2015-03-19'),(566,5,NULL,'VERBO','APRILLE PEARL','BAGANO','F',2015,'2015-03-19'),(567,5,NULL,'VERBO','NOVELYNNE GENESIS','BAGANO','F',2015,'2015-03-19'),(568,6,1,'VERZOSA','HAYDEE GLENN','CASTRO','F',2015,'2014-05-16'),(569,4,NULL,'VICENTE','GENEVIEVE','AGCAOILI','F',2015,'2015-03-19'),(570,8,6,'VILLACAMPA','NELIA','BENITEZ','F',2015,'2015-03-19'),(571,6,1,'VILLANUEVA','ALMA','GALACIO','F',2015,'2015-03-19'),(572,11,NULL,'VILLANUEVA','DINA','GALACIO','F',2015,'2015-03-19'),(573,5,NULL,'VILLEGAS','RONNIE','LORENZO','M',2015,'2015-03-19'),(574,8,6,'VILOG','ANGELICA','','F',2015,'2015-03-19'),(575,8,6,'VILOG','DEN MARC','HABAN','M',2015,'2015-03-19'),(576,8,6,'VIROCEL','MAY ANN',' GAMBON','F',2015,'2015-03-19'),(577,1,NULL,'VIVENCIO','PAUL JOHN','SORIO','M',2015,'2015-03-19'),(578,4,NULL,'WAGAYEN','KRISTEL','GUILAY','F',2015,'2015-03-19'),(579,14,NULL,'WAGIS','ISAGANI','JUSTO','M',2015,'2015-03-19'),(580,6,1,'ALCANTARA','JENIFER ','MATA','F',2016,'2016-03-19'),(581,1,NULL,'Abad','Eduard Joseph','Gacusan','M',2016,'2015-10-14'),(582,14,NULL,'Abata','Myla','Quitorio','F',2016,'2016-03-19'),(583,4,NULL,'Acance','Jenius Edward','Peralta','M',2016,'2016-03-19'),(584,13,NULL,'Adona','Jullibe','Gasatan','F',2016,'2016-03-19'),(585,11,NULL,'Aglibut','Felicisimo','Omega','M',2016,'2016-03-19'),(586,4,NULL,'Alcantara','Ana Marie','Cortez','F',2016,'2016-03-19'),(587,3,NULL,'Alcantara','Luisa ','Palit-ang','F',2016,'2016-03-19'),(588,4,NULL,'Alibang','Juny II','Cariaso','M',2016,'2016-03-19'),(589,8,5,'Alminario','Elvira Francesca','Bagay','F',2016,'2016-03-19'),(590,13,NULL,'Alnas  ','Rio Jade','Biligan','F',2016,'2016-03-19'),(591,5,NULL,'Alos','Michelle','Polides','F',2016,'2016-03-19'),(592,6,3,'ALTEz','FLORENCE ','BERZABAL','M',2016,'2016-03-19'),(593,1,NULL,'Aluad','Ronel','Opinion','M',2016,'2015-05-17'),(594,9,NULL,'Alvarado','Lomen ','Galleta','F',2016,'2016-03-19'),(595,13,NULL,'Alvarado',' Vivian','Galleta','F',2016,'2016-03-19'),(596,5,NULL,'Ambrocio','Glenda','Bayatin','F',2016,'2015-10-13'),(597,13,NULL,'Ammang','Via Faye','Lagasan','F',2016,'2016-03-19'),(598,10,NULL,'Andaya',' Rosel','Hachiles','F',2016,'2016-03-19'),(599,8,6,'Andres','Jenny Mae','Dalay-on','F',2016,'2016-03-19'),(600,8,6,'Angala','Maria Victoria ','Fabia','F',2016,'2016-03-19'),(601,13,NULL,'Annaguey','Vea Lyka','Basabas','F',2016,'2016-03-19'),(602,8,6,'Antonio','Ronniel','Molina','M',2016,'2016-03-19'),(603,14,NULL,'Apacqued',' Novie Ann','Dipaysa','F',2016,'2016-03-19'),(604,1,NULL,'Apolonio','Marienel','Garidan','F',2016,'2015-10-13'),(605,4,NULL,'Aquino','Debielyn ','Bandioan','F',2016,'2016-03-19'),(606,4,NULL,'Arcega','Ellaine Lewee ','Suyat','F',2016,'2016-03-19'),(607,8,5,'Arellano','Harold','Tubaña','M',2016,'2016-03-19'),(608,11,NULL,'Arola','Divine Grace','Angoay','F',2016,'2016-03-19'),(609,5,NULL,'Arre','Jerick','Pagullay','M',2016,'2015-05-17'),(610,5,NULL,'Aspa','Mhedelyn','Colcolen','F',2016,'2016-03-19'),(611,8,5,'Aton','Patricia Mae','Batin','F',2016,'2016-03-19'),(612,14,NULL,'Ayson','Marife','Estipular','F',2016,'2016-03-19'),(613,5,NULL,'Azur','Julie Ann','Rigor','F',2016,'2016-03-19'),(614,6,7,'BAGAOI','JAYSON KRISTIAN','PASCUA','M',2016,'2015-10-13'),(615,1,NULL,'Bagnet','Donna','Gapay','F',2016,'2016-03-19'),(616,4,NULL,'Balacday','Grace ','Bulalat','F',2016,'2016-03-19'),(617,3,NULL,'Balao-as','Jee-ar ','Fernandez','M',2016,'2016-03-19'),(618,5,NULL,'Balbin','Myrna','Hapalla','F',2016,'2016-03-19'),(619,9,NULL,'Balbin','Analyn','Lising','F',2016,'2016-03-19'),(620,10,NULL,'Balbin','Clarisss ','Pagullay','F',2016,'2016-03-19'),(621,3,NULL,'Ballocanag','April Joy ','Antolin','F',2016,'2016-03-19'),(622,1,NULL,'Balloging','Maricel ','Nicolas','F',2016,'2016-03-19'),(623,8,5,'Baluyot','Almie Grace','Gagarin','F',2016,'2016-03-19'),(624,12,NULL,'Banao','Jim ','Ugale','M',2016,'2016-03-19'),(625,5,NULL,'Banasan','Rialyn','Omaoeng','F',2016,'2016-03-19'),(626,13,NULL,'Bansiyeg','Maria Ana','Alday','F',2016,'2016-03-19'),(627,14,NULL,'Bantor','Luz Marie Alma','Sierra','F',2016,'2015-05-17'),(628,8,6,'Bao-ingan','Eva','Tejano','F',2016,'2016-03-19'),(629,6,2,'BARBER','NILDA ','HAPALLA','F',2016,'2016-03-19'),(630,13,NULL,'Barit','May Ann','Acosta','F',2016,'2016-03-19'),(631,11,NULL,'Barnachea,','Kenelyn ','Ballesteros','F',2016,'2016-03-19'),(632,6,3,'BARRETO','JEFFREY','CARRANZA','M',2016,'2016-03-19'),(633,14,NULL,'Barroga','Ma. Herminia','Valdez','F',2016,'2016-03-19'),(634,5,NULL,'Bartolay','Charity Mae ','Manzano','F',2016,'2016-03-19'),(635,5,NULL,'Batao-ey','Richelle','Dawi','F',2016,'2016-03-19'),(636,6,1,'BAUTISTA','MA. ROBELLE ','PAPA','F',2016,'2016-03-19'),(637,8,5,'Bello','Alessandra','Andaquig','F',2016,'2016-03-19'),(638,8,6,'Bersano','Allan','Gallen','M',2016,'2016-03-19'),(639,6,7,'BIDES','MARIA LOURDES','RAMOS','F',2016,'2016-03-19'),(640,8,6,'Bilog','Jeffrey','Estelero','M',2016,'2016-03-19'),(641,6,4,'BINTOR',' JIMMALYN ','ONGAY','F',2016,'2016-03-19'),(642,8,6,'Bismonte','Steffany','Ragunton','',2016,'2016-03-19'),(643,5,NULL,'Bitibit','Molita','Cam-ani','F',2016,'2016-03-19'),(644,6,1,'BITONGAN, ','JUNELYN ','TIW-ADAN','F',2016,'2016-03-19'),(645,5,NULL,'Bongolan',' John Aries','Dela Cruz','M',2016,'2016-03-19'),(646,1,NULL,'Brioso','Geneloyd','Bersamina','M',2016,'2016-03-19'),(647,4,NULL,'Buenavista','Rowena ','Gao-gao','F',2016,'2016-03-19'),(648,3,NULL,'Bugarin','Julius ','Dongawen','M',2016,'2016-03-19'),(649,9,NULL,'Bugarin','Diana Karen','Bolin','F',2016,'2016-03-19'),(650,6,1,'BUGASTO, ',' MIRASOL ','DOMINGO','F',2016,'2016-03-19'),(651,6,3,'BUQUING','CHRISTY ','UMIPIG','F',2016,'2016-03-19'),(652,8,6,'Burgonio','Daryl Nathaniel','Jimenez','M',2016,'2016-03-19'),(653,1,NULL,'Buseley','Kevin ','Angedan','M',2016,'2016-03-19'),(654,10,NULL,'Cabasal','Jennifer','Canlas','F',2016,'2016-03-19'),(655,13,NULL,'Cabaya','Jucel','Manibla','F',2016,'2016-03-19'),(656,11,NULL,'Cabbab','Joy','Cortez','F',2016,'2016-03-19'),(657,6,3,'CABERO, ',' HUNNY BOY ','TEJADA','M',2016,'2016-03-19'),(658,13,NULL,'Cabrales ','Ghirly','Valdez','F',2016,'2016-03-19'),(659,5,NULL,'Cabrera','Kristine Joy','Moreno','F',2016,'2016-03-19'),(660,8,5,'Cabueñas','Archie','Gabatino','M',2016,'2016-03-19'),(661,3,NULL,'Cabus','Jerome ','Nacorda','M',2016,'2016-03-19'),(662,4,NULL,'Caceres','Justin ','Diga','M',2016,'2016-03-19'),(663,11,NULL,'Cacho','Gretel Marie','Apacqued','F',2016,'2016-03-19'),(664,9,NULL,'Cadapan','Lyza','Toquero','F',2016,'2016-03-19'),(665,8,6,'Cadongonan','Sunday Boy','Dagusen','M',2016,'2016-03-19'),(666,4,NULL,'Calanno',' John Nikko ','Acosta','M',2016,'2016-03-19'),(667,5,NULL,'Calatay','Ronalyn','','F',2016,'2015-10-13'),(668,8,6,'Calindas','Catherine','Ganapin','F',2016,'2016-03-19'),(669,1,NULL,'Calip','Hazel Faith','Donato','F',2016,'2016-03-19'),(670,1,NULL,'Canaoay','Royces May ','Cabangcala','F',2016,'2016-03-19'),(671,11,NULL,'Canaoay','Leslyn Abigail','Dolormente','F',2016,'2016-03-19'),(672,8,5,'Cañero','Charize Joy','Raiz','F',2016,'2016-03-19'),(673,8,5,'Cañero','Jessa ','Gonzalo','F',2016,'2016-03-19'),(674,8,5,'Canonizado','Jasmin Joy ','Drez','F',2016,'2016-03-19'),(675,8,5,'Carbo','Bryan','Española','M',2016,'2016-03-19'),(676,13,NULL,'Carbo','Jonalyn','Española','F',2016,'2016-03-19'),(677,8,5,'Cardona','Jessel Mae','Laberinto','F',2016,'2016-03-19'),(678,13,NULL,'Carreon','Katrina','Valdez','F',2016,'2016-03-19'),(679,5,NULL,'Cartilla','Charace','Sumbad','F',2016,'2016-03-19'),(680,4,NULL,'Cartilla','Kelvin Lollard ','Layao','M',2016,'2016-03-19'),(681,11,NULL,'Castillo','Lizel','Gandalera','F',2016,'2016-03-19'),(682,14,NULL,'Castro','Ma. Theresa','Joaquin','F',2016,'2015-05-17'),(683,6,3,'CASUGA','JEROME ','PAGADUAN','M',2016,'2016-03-19'),(684,10,NULL,'Chincho','Judy','De Guzman','F',2016,'2016-03-19'),(685,8,5,'Chua','Deo Anthony','Oropesa','M',2016,'2016-03-19'),(686,1,NULL,'Cirilo','Eloisa ','Balbin','F',2016,'2016-03-19'),(687,5,NULL,'Consebido',' Nikki ','Selin','F',2016,'2016-03-19'),(688,6,4,'CORDOVA','JANICE ','GALUS','F',2016,'2016-03-19'),(689,8,6,'Cordova',' Jayson ','Galima','M',2016,'2016-03-19'),(690,8,5,'Coronacion ','Meryl Angel','Cortado','F',2016,'2016-03-19'),(691,5,NULL,'Corpuz','Mary Jean','Mina','F',2016,'2016-03-19'),(692,8,6,'Corpuz','Donabel ','Valdez','F',2016,'2016-03-19'),(693,8,6,'Corpuz','Rusell','Valdez','F',2016,'2016-03-19'),(694,9,NULL,'Cortado','Angelica ','','F',2016,'2016-03-19'),(695,9,NULL,'Cortado','Mary Joy ','Galdones','F',2016,'2016-03-19'),(696,9,NULL,'Cortado.','Joana Marie','Agullana','F',2016,'2016-03-19'),(697,5,NULL,'Cortez','Janet','Gabatin','F',2016,'2016-03-19'),(698,5,NULL,'Cortez','Rachelle','Soliven','F',2016,'2016-03-19'),(699,8,6,'Cortez','Al Jexter','Rome','M',2016,'2016-03-19'),(700,9,NULL,'Cortez','Jomar ','Tabutol','M',2016,'2016-03-19'),(701,9,NULL,'Cortez','Rubie','Labanar','F',2016,'2016-03-19'),(702,13,NULL,'Cortez','Felicisima','Ciervo','F',2016,'2016-03-19'),(703,10,NULL,'Cortez Jr.','Jimmy','Mecos','M',2016,'2016-03-19'),(704,5,NULL,'Cosme',' Arlyn','Dulay','F',2016,'2016-03-19'),(705,13,NULL,'Costelo','Kristine','','F',2016,'2016-03-19'),(706,8,6,'Cudiamat','Aiko ','Ariona','F',2016,'2016-03-19'),(707,13,NULL,'Cudiamat','Jessabel','Cortez','F',2016,'2016-03-19'),(708,13,NULL,'Cudiamat','Rachelle ','Pascua','F',2016,'2016-03-19'),(709,3,NULL,'Cuello','Jayson ','Bona Cruz','M',2016,'2016-03-19'),(710,13,NULL,'Cuenta','Moises','Acosta','M',2016,'2016-03-19'),(711,4,NULL,'Culapit','Gomer ','Pascua','M',2016,'2016-03-19'),(712,13,NULL,'Custodio','Camille ','Gadingan','F',2016,'2016-03-19'),(713,1,NULL,'Dagsi','Leo Ceasar ','Tumacdang','M',2016,'2016-03-19'),(714,9,NULL,'Dalida','Jennifer','Flomar','F',2016,'2016-03-19'),(715,6,1,'DALILIS','FREDDIE ','UBUAN','M',2016,'2016-03-19'),(716,8,5,'Dalit','Rodolfo ','Javar','M',2016,'2016-03-19'),(717,14,NULL,'Dalligos','Rushel','Patindo','F',2016,'2015-05-17'),(718,1,NULL,'Dalmacio','Jing-jing ','Baybayan','F',2016,'2016-03-19'),(719,12,NULL,'Dalus','Jennifer ','Sid-ay','F',2016,'2016-03-19'),(720,14,NULL,'Dalus','Rosanna','Sid-ay','F',2016,'2016-03-19'),(721,13,NULL,'Danao ','Ronalyn','Catubay','F',2016,'2016-03-19'),(722,6,2,'DAO-GAS',' ALPHA ','SALAY','F',2016,'2016-03-19'),(723,6,7,'DAPIAOEN',' RONALYN ','MUECA','F',2016,'2016-03-19'),(724,6,2,'DAPIOSEN','EUGENE ','BANZA','M',2016,'2016-03-19'),(725,8,6,'De Guzman',' Rica ','Malaga','F',2016,'2016-03-19'),(726,13,NULL,'De Guzman','Letecia','','F',2016,'2016-03-19'),(727,6,7,'DE JESUS','KARINA ','GABOR','F',2016,'2016-03-19'),(728,1,NULL,'Decano','Allyssa ','Jornacion','F',2016,'2016-03-19'),(729,5,NULL,'Del Rosario','Cristene','Alcantara','F',2016,'2016-03-19'),(730,8,6,'Dela Cruz','Redentor Jr.','Manzano','M',2016,'2016-03-19'),(731,9,NULL,'dela Cruz','Kathreen','Ramos','F',2016,'2016-03-19'),(732,10,NULL,'Deladia','Renalyn ','Carbonel','F',2016,'2016-03-19'),(733,5,NULL,'Delizo','Leeleth','Cortez','F',2016,'2016-03-19'),(734,13,NULL,'Delos Reyes','Mae-ann ','Domingo','F',2016,'2016-03-19'),(735,5,NULL,'Diana','Loyd Angelo','makiramdam','M',2016,'2016-03-19'),(736,14,NULL,'Dilla, Ma','Ma. Emerald','Larroza','F',2016,'2016-03-19'),(737,1,NULL,'Dioag','Heniboy ','Berto','M',2016,'2016-03-19'),(738,1,NULL,'Dipaysa','Alexon ','Keyaw','M',2016,'2016-03-19'),(739,12,NULL,'Divina','Cristopher ','Bayon','M',2016,'2016-03-19'),(740,6,1,'DOLLIENTE.',' JULINA','DIWAYAN','M',2016,'2016-03-19'),(741,10,NULL,'Dolormente','Genelyn','Bobiles','F',2016,'2016-03-19'),(742,5,NULL,'Domanas','Mary Jane','Bautista','F',2016,'2016-03-19'),(743,11,NULL,'Domingo','Riza Fe','Bragil','F',2016,'2016-03-19'),(744,9,NULL,'Duga','Karen Ann','Real','F',2016,'2016-03-19'),(745,6,4,'DUKILING','HAY-LYN','DAGYAN','F',2016,'2015-05-17'),(746,14,NULL,'Dumaoa','Eamjoy','Matuque','F',2016,'2016-03-19'),(747,8,6,'Elefante','Maricel ','Sotelo','F',2016,'2016-03-19'),(748,14,NULL,'Elizarde','Crisel','Carsola','F',2016,'2016-03-19'),(749,13,NULL,'Empabido','Myla Grace','Fontilar','F',2016,'2016-03-19'),(750,1,NULL,'Encarnacion','Mark Anthony ','Martinez','M',2016,'2016-03-19'),(751,8,5,'Eroda','Ellencel','Sobrepena','F',2016,'2016-03-19'),(752,12,NULL,'Escalona','Jenette ','Barba','F',2016,'2016-03-19'),(753,13,NULL,'Escalona','Joy ','Barba','F',2016,'2016-03-19'),(754,6,1,'ESCOBAR','KRISTEL ','VILLANUEVA','F',2016,'2016-03-19'),(755,1,NULL,'Escobar','Ermelyn ','Darang','F',2016,'2016-03-19'),(756,5,NULL,'Espanto','Levi Ros ','Guieb','F',2016,'2016-03-19'),(757,4,NULL,'Espinosa','Olive Grace ','Ramos','F',2016,'2016-03-19'),(758,4,NULL,'Etabag','Leotero ','Okence','M',2016,'2016-03-19'),(759,1,NULL,'Ewitan','Marlon ','Laureano','M',2016,'2016-03-19'),(760,1,NULL,'Fabro','Honorato Jr. ','Villanroque','M',2016,'2016-03-19'),(761,1,NULL,'Fabro','Jerwin ','Suyat','M',2016,'2016-03-19'),(762,8,6,'Fabro','Carla','Habungan','F',2016,'2016-03-19'),(763,6,7,'FAROL',' ANA MAY ','DE GUZMAN','F',2016,'2016-03-19'),(764,14,NULL,'Felipe','Blessing','Lang-ayan','F',2016,'2016-03-19'),(765,4,NULL,'Fernandez','Rommel ','Haduca','M',2016,'2016-03-19'),(766,4,NULL,'Fernandez','Teddy ','Mendoza','M',2016,'2016-03-19'),(767,12,NULL,'Ferrer','Jayson ','Gamboa','M',2016,'2016-03-19'),(768,8,6,'Fieldad','Jenny Rose ','Felicitas','F',2016,'2016-03-19'),(769,11,NULL,'Flores','Louie','Valdez','F',2016,'2016-03-19'),(770,11,NULL,'Flores','Romilyn','Gerdan','F',2016,'2016-03-19'),(771,4,NULL,'Fontanilla','Aaron James','Del Rosario','M',2016,'2016-03-19'),(772,8,6,'Fontanilla','Donnabelle','Gacusan','F',2016,'2016-03-19'),(773,5,NULL,'Francia','Argy','Foronda','M',2016,'2016-03-19'),(774,5,NULL,'Francia','Edgardo Jr.','Foronda','M',2016,'2016-03-19'),(775,3,NULL,'Fung','Rosemarie ','Olanio','F',2016,'2016-03-19'),(776,8,6,'Gabaine','Valen Paul','Dal-uyen','M',2016,'2016-03-19'),(777,13,NULL,'Gabatino','Jona Marie','Mifa','F',2016,'2016-03-19'),(778,1,NULL,'Gabayan','Eden Rose ','Galay','F',2016,'2016-03-19'),(779,13,NULL,'Gabor','Rochelle','Apolonio','F',2016,'2016-03-19'),(780,11,NULL,'Gabuat','Dayanara','Gacilos','F',2016,'2016-03-19'),(781,9,NULL,'Gabuyo','Angelica','Olermo','F',2016,'2016-03-19'),(782,9,NULL,'Gacilan','Mary Claire ','Rigor','F',2016,'2016-03-19'),(783,5,NULL,'Gacilos','Jeffrey','Abinoja','M',2016,'2016-03-19'),(784,13,NULL,'Gacilos','Maricris ','Gatmen','F',2016,'2016-03-19'),(785,13,NULL,'Gacilos','Sunshine','Valdez','F',2016,'2016-03-19'),(786,6,1,'GACULA',' ANA AMOR ','QUIANIO','F',2016,'2016-03-19'),(787,8,6,'Gacula','Roxanne','Acosta','F',2016,'2015-10-13'),(788,11,NULL,'Gacusan','Jing Jing ','Ganado','F',2016,'2016-03-19'),(789,1,NULL,'Gacusana','Swetziel Mae ','Gacula','F',2016,'2016-03-19'),(790,8,6,'Gacusana','Joice Ann','Jabonillo','F',2016,'2016-03-19'),(791,1,NULL,'Gacutan','Charlie ','Gander','M',2016,'2016-03-19'),(792,14,NULL,'Gadia','Jan Rey','Rafanan','M',2016,'2016-03-19'),(793,9,NULL,'Gadia','Michelle','Rillorta','F',2016,'2016-03-19'),(794,5,NULL,'Gadiano','Arlene','Liporada','F',2016,'2016-03-19'),(795,5,NULL,'Gadingan','Harise Dave','Abalaing','M',2016,'2016-03-19'),(796,1,NULL,'Gadingan','Arjay','Aspa','M',2016,'2016-03-19'),(797,8,6,'Gadut','Haidee ','Gines','F',2016,'2016-03-19'),(798,8,6,'Gagno','Karen ','Balingit','F',2016,'2016-03-19'),(799,9,NULL,'Gagno','Celia Faye','Agulan','F',2016,'2016-03-19'),(800,8,5,'Gagto','Vitex Lee ','Corpuz','M',2016,'2016-03-19'),(801,8,6,'Galacio','Maricel','Diamos','F',2016,'2016-03-19'),(802,8,6,'Galangco',' Lanie','Espina','F',2016,'2016-03-19'),(803,3,NULL,'Galanta','Aileen Grace ','Gasmen','F',2016,'2016-03-19'),(804,5,NULL,'Galao','Joshua','Valdez','M',2016,'2016-03-19'),(805,8,6,'Galao','Cherry Mae ','Gaboy','M',2016,'2016-03-19'),(806,5,NULL,'Galay','Emily','Valdez','F',2016,'2016-03-19'),(807,6,7,'GALCON',' ESTRELLA ','JIMENEZ','F',2016,'2016-03-19'),(808,8,6,'Galdones','Grace ','Pascua','F',2016,'2016-03-19'),(809,8,6,'Galdones','Shiela Marie','','F',2016,'2016-03-19'),(810,8,6,'Galdonez','Kaye Yvone','Rafael','M',2016,'2016-03-19'),(811,11,NULL,'Galdonez','Mary Ann','Valdez','F',2016,'2016-03-19'),(812,6,7,'GALICIA',' SHERLYN ','SIBAL','F',2016,'2016-03-19'),(813,14,NULL,'Galima','Imeros Polyne','Escritor','F',2016,'2016-03-19'),(814,3,NULL,'Galimba','Jan Michael','Adviento','M',2016,'2015-10-13'),(815,8,6,'Galimba','Jerelle \"Precious\"','Calindas','F',2016,'2016-03-19'),(816,8,6,'Galimba','Randy ','EEEEEE','',2016,'1900-01-00'),(817,1,NULL,'Galinato','Johnson ','Bagano','M',2016,'2016-03-19'),(818,12,NULL,'Galinato','Lilibeth','Canonizado','F',2016,'2015-05-17'),(819,1,NULL,'Gallano','Jheric ','Gamoso','M',2016,'2016-03-19'),(820,8,6,'Gallano','Ganie Vhie ','Navigar','F',2016,'2016-03-19'),(821,8,6,'Gallano','Marinel ','Ramos','F',2016,'2016-03-19'),(822,1,NULL,'Gallardo','Jerick ','Ordoñez','M',2016,'2016-03-19'),(823,8,6,'Gallardo','Joanna Pauline','Apelo','F',2016,'2016-03-19'),(824,5,NULL,'Gallebo','Beverly','Quiabang','F',2016,'2016-03-19'),(825,3,NULL,'Galleso','Roselle ','Alcantara','F',2016,'2016-03-19'),(826,4,NULL,'Galleta','Renzson','Espejo','M',2016,'2016-03-19'),(827,8,6,'Galleto','Marichu ','Molina','F',2016,'2016-03-19'),(828,1,NULL,'Galolo','Redentor Niño ','Laguitan','M',2016,'2016-03-19'),(829,4,NULL,'Galut','Maria Victoria ','Valdez','F',2016,'2016-03-19'),(830,8,6,'Galutan','Karen','Fernandez','F',2016,'2016-03-19'),(831,5,NULL,'Galutan ','Myenn','Ballocanag','F',2016,'2016-03-19'),(832,8,5,'Galvez','Glydel Rose','Serrano','F',2016,'2016-03-19'),(833,11,NULL,'Galzote','Aprilyn','Viros','F',2016,'2016-03-19'),(834,8,5,'Gamad','Precious','Resonable','F',2016,'2016-03-19'),(835,8,6,'Gambala','Abigail ','Garnace','F',2016,'2016-03-19'),(836,5,NULL,'Gamboa','Pia','Orpilla','F',2016,'2016-03-19'),(837,3,NULL,'Gamboa','Shannen Krysler ','Galimba','F',2016,'2016-03-19'),(838,13,NULL,'Gambon','Angelica ','Garnace','F',2016,'2016-03-19'),(839,5,NULL,'Gamer','Carmina','Olayvar','F',2016,'2016-03-19'),(840,13,NULL,'Gamera','Joanna Marie','Tuzon','F',2016,'2016-03-19'),(841,8,6,'Gamoso','Rachel ','Manzano','F',2016,'2016-03-19'),(842,6,2,'GAMUEDA',' MYLA ','GACILOS','F',2016,'2016-03-19'),(843,1,NULL,'Gamueda','Kennelyn ','Cortez','F',2016,'2016-03-19'),(844,13,NULL,'Gamueda','Blenda','Pascua','F',2016,'2016-03-19'),(845,11,NULL,'Ganabo','Jenny','','F',2016,'2016-03-19'),(846,8,6,'Ganacias','Krizza Marie','','F',2016,'2016-03-19'),(847,6,7,'GANADO',' MARLITO ','GALICIA','M',2016,'2016-03-19'),(848,8,5,'Ganado',' Rose-ann','Abalos','F',2016,'2016-03-19'),(849,8,5,'Ganado','Sharlene ','Fontanilla','F',2016,'2016-03-19'),(850,13,NULL,'Ganado','Nellie Anne ','Tudayan','F',2016,'2016-03-19'),(851,1,NULL,'Ganase','Josefa ','Ciano','F',2016,'2016-03-19'),(852,5,NULL,'Gandalera','Diana Rose','Ramos','F',2016,'2015-10-13'),(853,13,NULL,'Gandalera','Charen','Juan','F',2016,'2016-03-19'),(854,13,NULL,'Gandalera','Rachel ','Bayasan','F',2016,'2016-03-19'),(855,12,NULL,'Gander','Prelyn ','Gabon','F',2016,'2016-03-19'),(856,8,6,'Gani','Marcon Fe','Gadia','F',2016,'2016-03-19'),(857,11,NULL,'Gani','Mary Anne ','Gadia','F',2016,'2016-03-19'),(858,11,NULL,'Gani','Mary Joy','Gadia','F',2016,'2016-03-19'),(859,5,NULL,'Gannad','Bryle Jim Bj','Boromeo','M',2016,'2016-03-19'),(860,10,NULL,'Gaoat','Sarah Jane','Jamandra','F',2016,'2016-03-19'),(861,5,NULL,'Gapate','Ruby Ann ','Laparejo','F',2016,'2016-03-19'),(862,4,NULL,'Gapate','Romely ','Vargas','F',2016,'2016-03-19'),(863,5,NULL,'Garabiles','Sharmaine','Raguindin','F',2016,'2016-03-19'),(864,3,NULL,'Garabiles','Cloey ','Lopez','F',2016,'2016-03-19'),(865,1,NULL,'Garabilez','Joan ','Berzabal','F',2016,'2016-03-19'),(866,11,NULL,'Garabilez','Mary Joy ','Ortega','F',2016,'2016-03-19'),(867,5,NULL,'Garcia','Julie','Fernan','F',2016,'2016-03-19'),(868,5,NULL,'Garcia','Lovely','Inigo','F',2016,'2016-03-19'),(869,8,NULL,'Garcia ','Ryan','','',2016,'1900-01-00'),(870,12,NULL,'Garrido','Angelica ','Caronan','F',2016,'2016-03-19'),(871,6,1,'GASALAO','CYNTHIA ','GALIMA','F',2016,'2016-03-19'),(872,6,7,'GASALAO',' RIZEL ','CRISOLOGO','F',2016,'2016-03-19'),(873,5,NULL,'Gassil','Ligaya','Caoaing','F',2016,'2016-03-19'),(874,9,NULL,'Gauran','Raquel','Castro','F',2016,'2016-03-19'),(875,3,NULL,'Gayadan','Anabel ','Domasing','F',2016,'2016-03-19'),(876,5,NULL,'Gayao','Almiramae','Dampulay','F',2016,'2016-03-19'),(877,10,NULL,'Geronilla','Jasmine','Botiquin','F',2016,'2016-03-19'),(878,0,NULL,'Gines','Barbara','Manzano','',2016,'1900-01-00'),(879,8,6,'Gines','Michelle ','Ruiz','F',2016,'2016-03-19'),(880,5,NULL,'Gironella','John Denver','Dangtayan','M',2016,'2016-03-19'),(881,12,NULL,'Gironella','Brian Emerson','','M',2016,'2016-03-19'),(882,14,NULL,'Gironella','Josevina','Solivio','F',2016,'2016-03-19'),(883,8,6,'Gomez','Reuvert Alecksis','','M',2016,'2016-03-19'),(884,11,NULL,'Gonzales','Krizelle','Dawa','F',2016,'2016-03-19'),(885,4,NULL,'Gonzalo','Rommel ','Coral','M',2016,'2016-03-19'),(886,6,2,'GOROSPE',' ROMA DIVINE ','BAGSINGIT','F',2016,'2016-03-19'),(887,8,6,'Grabanzor','Mark Angel','Calindas','M',2016,'2016-03-19'),(888,8,6,'Gravilez','Lesly Joy ','De Guzman','F',2016,'2016-03-19'),(889,3,NULL,'Gray','Reymark ','Gacusana','M',2016,'2016-03-19'),(890,8,6,'Gray','Edli ','Gray','M',2016,'2016-03-19'),(891,10,NULL,'Gurtiza','Juanita Rose ','Agas','F',2016,'2016-03-19'),(892,1,NULL,'Habab','Ariel ','Manzano','M',2016,'2016-03-19'),(893,13,NULL,'Habab','Maria Ellain','Mancellano','F',2016,'2016-03-19'),(894,1,NULL,'Haban','Dick Dominick ','Apalla','M',2016,'2016-03-19'),(895,6,1,'HABER','HAZEL ','CORNACION','F',2016,'2016-03-19'),(896,10,NULL,'Hadloc','Jennylyn','Castro','F',2016,'2016-03-19'),(897,1,NULL,'Haduca','Marvin ','Brazil','M',2016,'2016-03-19'),(898,13,NULL,'Hafalla','Estrella ','Hagad','F',2016,'2016-03-19'),(899,1,NULL,'Hailar','Gerome ','Alcantara','M',2016,'2016-03-19'),(900,11,NULL,'Hailar','Citadel Nina ','Ruiz','F',2016,'2016-03-19'),(901,14,NULL,'Halabas','Samuel','Ferrer','M',2016,'2016-03-19'),(902,11,NULL,'Halabas','Jesiel','Hagunos','F',2016,'2016-03-19'),(903,4,NULL,'Halaman','Gaudencio Jr. ','Mariñas','M',2016,'2016-03-19'),(904,8,6,'Halaman','Lerma ','Guerzon','F',2016,'2016-03-19'),(905,4,NULL,'Hallascon','Christian','Zambale','M',2016,'2016-03-19'),(906,14,NULL,'Hallascon','Kleaford','Zambale','M',2016,'2016-03-19'),(907,8,6,'Hortizuela','Marc Alfred','Cortez','M',2016,'2016-03-19'),(908,1,NULL,'Hufemia','Rowel ','Gabayan','M',2016,'2016-03-19'),(909,10,NULL,'Incien','Donnalyn','Lapic','F',2016,'2016-03-19'),(910,1,NULL,'Inigo','Efraim','Hamadon','M',2016,'2015-10-13'),(911,8,6,'Inigo','Krizell','Despa','F',2016,'2016-03-19'),(912,13,NULL,'Inigo','Ivy','Llanes','F',2016,'2016-03-19'),(913,6,1,'IÑIGO','JENNIFER ','ACACIO','F',2016,'2016-03-19'),(914,5,NULL,'Iñigo','Clarefel ','Valdez','F',2016,'2016-03-19'),(915,8,6,'Iñigo','Aileen Mae ','Inigo','F',2016,'2016-03-19'),(916,11,NULL,'Isidro','Rica-Ann','Lagaya','F',2016,'2016-03-19'),(917,11,NULL,'Jainar','Merry Jean ','Astrero','F',2016,'2016-03-19'),(918,13,NULL,'Jallorina','Abigail ','Fernandez','F',2016,'2016-03-19'),(919,5,NULL,'Jandoc','Heidy','Ragasa','F',2016,'2016-03-19'),(920,3,NULL,'Jandoc','Cindy ','Ragasa','F',2016,'2016-03-19'),(921,3,NULL,'Jandoc','Eva Rose ','Llagas','F',2016,'2016-03-19'),(922,5,NULL,'Jaquias','Vanessa','Dela Cruz','F',2016,'2016-03-19'),(923,11,NULL,'jaramilla','marilyn joy','Laoagan','F',2016,'2016-03-19'),(924,10,NULL,'Jaramillo','Dominique','Vallejo','F',2016,'2016-03-19'),(925,6,7,'JAVILLONAR',' DEBBIE-AN','','F',2016,'2016-03-19'),(926,8,6,'Javillonar','Valerie','Acosta','F',2016,'2016-03-19'),(927,10,NULL,'Javillonar','Ana Marie','','',2016,'2015-10-13'),(928,5,NULL,'Javonitalla','Edwin','Crisologo','F',2016,'2016-03-19'),(929,11,NULL,'Jimenez',' Darlene','Molina','F',2016,'2016-03-19'),(930,11,NULL,'Jimenez','Maria Mercedes','Calderon','F',2016,'2016-03-19'),(931,5,NULL,'Jornacion','Beverly','Jacinto','F',2016,'2016-03-19'),(932,5,NULL,'Kohari','Jorielyn','Gacoscos','F',2016,'2016-03-19'),(933,9,NULL,'Labagnoy','Mary Rose','Flores','F',2016,'2016-03-19'),(934,6,7,'LACADEN','VIC MERANDA ','BAL-IYANG','F',2016,'2016-03-19'),(935,13,NULL,'Ladia','Benelyn ','Cabebe','F',2016,'2016-03-19'),(936,8,6,'Langcao','Rheyndel','Gaogao','F',2016,'2016-03-19'),(937,14,NULL,'Lang-oey','Veronica','Manioang','F',2016,'2015-10-13'),(938,8,5,'Lanuza','Jonathan','Collado','M',2016,'2016-03-19'),(939,5,NULL,'Laoat','Cristine ','Callang','F',2016,'2016-03-19'),(940,5,NULL,'Lastimoso','Jessa Mae','Panganiban','F',2016,'2016-03-19'),(941,10,NULL,'Latac','Rhonamae','Garcia','F',2016,'2016-03-19'),(942,8,6,'Laungayan','Erwin ','Galdonez','M',2016,'2016-03-19'),(943,8,5,'Laurente',' Jean','Anquillano','F',2016,'2016-03-19'),(944,5,NULL,'Lavaro','Julie','Galimba','F',2016,'2016-03-19'),(945,11,NULL,'Layao','Ceylon Odessa Ysrael ','Malabanan','F',2016,'2016-03-19'),(946,5,NULL,'Lazan','Israel','Labagan','M',2016,'2016-03-19'),(947,4,NULL,'Lemi','Dennis ','Pecenda','M',2016,'2016-03-19'),(948,5,NULL,'Leonzon','Cyrene','Lagon','F',2016,'2016-03-19'),(949,6,3,'LEUTERIO',' JOSE JR.','ATAD','M',2016,'2016-03-19'),(950,6,1,'LIWAN',' RODA MAE ','MORALES','F',2016,'2016-03-19'),(951,4,NULL,'Llanes','Jayson ','Licudine','M',2016,'2016-03-19'),(952,10,NULL,'Llanes','Reggie Ann','Custodio','F',2016,'2016-03-19'),(953,13,NULL,'Llanes','Rosemarie','Padilla','F',2016,'2016-03-19'),(954,6,7,'LOMITENG ',' RYAN ','SARMIENTO','M',2016,'2016-03-19'),(955,6,2,'LOZANO','MABELLE ','ALAYON','F',2016,'2016-03-19'),(956,14,NULL,'Lozano','Donalyn De','De Castro','F',2016,'2016-03-19'),(957,8,6,'Lozano','Vanessa','Gacutan','F',2016,'2016-03-19'),(958,6,2,'LUCENA',' RUBELYN ','GALANTA','F',2016,'2016-03-19'),(959,14,NULL,'Lucena','Anterose','Cosile','F',2016,'2016-03-19'),(960,3,NULL,'Macabeo','Michelle Anne ','Carranza','F',2016,'2016-03-19'),(961,13,NULL,'Mackey','Jezzil May','Escobar','F',2016,'2016-03-19'),(962,8,6,'Madarang','Princess Gaezelle','Galaites','F',2016,'2016-03-19'),(963,5,NULL,'Madrid','Maricon','Blando','F',2016,'2016-03-19'),(964,1,NULL,'Maduli','John Vic ','Camagay','M',2016,'2016-03-19'),(965,5,NULL,'Magabilin','Angela Fe','Capoquian','F',2016,'2016-03-19'),(966,6,7,'MAGLAYA',' LYKA ','CORTEZ','F',2016,'2016-03-19'),(967,13,NULL,'Maglinao','Emieleth Joy','Callejo','F',2016,'2016-03-19'),(968,12,NULL,'Mamaclay','Rowena ','Etrata','F',2016,'2016-03-19'),(969,13,NULL,'Mangante','Vannie','Bugtong','F',2016,'2016-03-19'),(970,4,NULL,'Mangay-ayam','Melody ','Figer','F',2016,'2016-03-19'),(971,4,NULL,'Mangibat','Janeva','Lumpangi','F',2016,'2016-03-19'),(972,14,NULL,'Manguiat','Mary Claire','Pascua','F',2016,'2016-03-19'),(973,5,NULL,'Manzano','Winston','Valdez','M',2016,'2016-03-19'),(974,9,NULL,'Manzano','Jessa Mae','Etrata','F',2016,'2016-03-19'),(975,11,NULL,'Manzano','Leizel ','Garinggo','F',2016,'2016-03-19'),(976,5,NULL,'Maque','Melody','Gaspar','F',2016,'2016-03-19'),(977,4,NULL,'Maravilla','Earvin Paul','Fernandez','M',2016,'2016-03-19'),(978,8,6,'Marcelo','Maybelyn','Gambol','F',2016,'2016-03-19'),(979,4,NULL,'Marcos','Carlo John','Roqueta','M',2016,'2016-03-19'),(980,1,NULL,'Mariñas','Rick ','Kiapan','M',2016,'2016-03-19'),(981,8,6,'Marquez','Maria Fatima','Vilog','F',2016,'2016-03-19'),(982,8,6,'Martinez','Ingrid Joyce','Cuaycong','F',2016,'2016-03-19'),(983,8,5,'Martinez','Charlene ','Rabaya','F',2016,'2016-03-19'),(984,8,5,'Martinez','Nora','Prado','F',2016,'2016-03-19'),(985,4,NULL,'Mayegayeg','Leolyn ','Basilio','F',2016,'2016-03-19'),(986,1,NULL,'Mayo','Keng Jin ','Abuten','M',2016,'2016-03-19'),(987,6,4,'MECOS',' ERICNEL ','DIMALANTA','M',2016,'2016-03-19'),(988,5,NULL,'Mecos','Mary Joy','Ragma','F',2016,'2016-03-19'),(989,13,NULL,'Medrano','Angielic Melody ','Ruiz','F',2016,'2016-03-19'),(990,8,6,'Mocaleng','Remelyn','Sagorsor','F',2016,'2016-03-19'),(991,13,NULL,'Mogaey','Lovely Joy','Bado','F',2016,'2016-03-19'),(992,14,NULL,'Molina','Jessica','Buyet','F',2016,'2015-05-17'),(993,8,5,'Molina','Daryle','Raiz','M',2016,'2016-03-19'),(994,8,5,'Molina','Jessel Mae','Gadut','F',2016,'2016-03-19'),(995,6,1,'MORADOS',' YSABELLE ','BOY-OAN','F',2016,'2016-03-19'),(996,4,NULL,'Morales','Mae Anne','Bustillos','F',2016,'2016-03-19'),(997,4,NULL,'Morales','Nathaniel Alvin','Monillas','M',2016,'2016-03-19'),(998,1,NULL,'Moreno','Elvis John ','Conde','M',2016,'2016-03-19'),(999,4,NULL,'Moriente','Geneva ','Gamueda','F',2016,'2016-03-19'),(1000,1,NULL,'Moriente','Leo ','Valdez','M',2016,'2016-03-19'),(1001,13,NULL,'Murillo','Judy Ann ','Pangayan','F',2016,'2016-03-19'),(1002,6,7,'NACAR',' MICHAEL ','PUZON','M',2016,'2016-03-19'),(1003,5,NULL,'Narval','Melody','Dela Rosa','F',2016,'2016-03-19'),(1004,4,NULL,'Naungayan','Kristopher ','Garcellano','M',2016,'2016-03-19'),(1005,12,NULL,'Naungayan','Jeffrey ','Gagarin','M',2016,'2016-03-19'),(1006,8,6,'Naungayan','Angelica','Ricque','F',2016,'2016-03-19'),(1007,4,NULL,'Navarro','Justin ','Carta','M',2016,'2016-03-19'),(1008,9,NULL,'Neral','Neil Patrick','Biñas','M',2016,'2016-03-19'),(1009,8,5,'Nges-o','Brendalyn','Sa-ong','F',2016,'2016-03-19'),(1010,12,NULL,'Noto','Jordan ','Contaoi','M',2016,'2016-03-19'),(1011,1,NULL,'Oppus','Jean ','Gaoat','F',2016,'2016-03-19'),(1012,8,6,'Ordoñez','Marieliz','Pineda','F',2016,'2016-03-19'),(1013,3,NULL,'Orpilla','Ellis Bernard','Basilio','M',2016,'2015-10-13'),(1014,8,5,'Oso','Jonathan','Gacusana','M',2016,'2016-03-19'),(1015,11,NULL,'Pacis','Claire Genesis ','Cortez','F',2016,'2016-03-19'),(1016,10,NULL,'Pacursa','Marimar','Cadasi','F',2016,'2016-03-19'),(1017,6,1,'PADILLA','MARY GRACE ','RAMOS','F',2016,'2016-03-19'),(1018,6,7,'PADRON',' HAIDEE ','ORPILLA','F',2016,'2016-03-19'),(1019,1,NULL,'Palasiw','Haspe','Panganiban','F',2016,'2015-10-13'),(1020,5,NULL,'Paloay','Medylyn','Delan','F',2016,'2016-03-19'),(1021,5,NULL,'Panganiban','Mary Claire','Rodriguez','F',2016,'2016-03-19'),(1022,8,5,'Pangayan','Elynita','Nuto','F',2016,'2015-10-13'),(1023,1,NULL,'Panggay','Luther ','Enomis','M',2016,'2016-03-19'),(1024,9,NULL,'Panit','Vanessa','Isidro','F',2016,'2016-03-19'),(1025,5,NULL,'Pantoja','Kimberly Martha','Sagao','F',2016,'2016-03-19'),(1026,11,NULL,'Parallag','Arjay ','','M',2016,'2016-03-19'),(1027,5,NULL,'Parayno','Jun Karlo','Rebuldela','M',2016,'2016-03-19'),(1028,12,NULL,'Paringit','Jay-r ','Rabena','M',2016,'2016-03-19'),(1029,1,NULL,'Pascua','Marcos Paulo','Balles','M',2016,'2016-03-20'),(1030,14,NULL,'Pascua','Ruth','Melencion','F',2016,'2016-03-19'),(1031,8,6,'Pascua','Marife Grace','Naungayan','F',2016,'2016-03-19'),(1032,8,5,'Pascua','Gelyn','Valdez','F',2016,'2015-10-13'),(1033,10,NULL,'Pascua','Lovely Anne ','Gambala','F',2016,'2016-03-19'),(1034,12,NULL,'Pascual','Janeth Joy ','Hilario','F',2016,'2016-03-19'),(1035,1,NULL,'Pasion','Arlon','Villadelgado','M',2016,'2015-10-13'),(1036,13,NULL,'Pasion','Jonalyn','Galdones','F',2016,'2016-03-19'),(1037,11,NULL,'Passi','Jomelene','Adepin','F',2016,'2016-03-19'),(1038,6,2,'PATINIO',' JOVELYN ','GACOSCOS','F',2016,'2016-03-19'),(1039,6,1,'PATRAS','DJOWANA ','TINGUEY','F',2016,'2016-03-19'),(1040,4,NULL,'PE Manuel','Jerome ','Acance','M',2016,'2016-03-19'),(1041,1,NULL,'Peralta','Irene','Asiong','F',2016,'2015-10-13'),(1042,8,6,'Peralta','Julie Ann','Mamaclay','F',2016,'2016-03-19'),(1043,13,NULL,'Peralta','Maria Kristine','Albuera','F',2016,'2016-03-19'),(1044,6,2,'PERMEJO ','LHEDDY ANN ','MENDROS','F',2016,'2016-03-19'),(1045,4,NULL,'Piamonte','Allan Jr.','Ragma','M',2016,'2016-03-19'),(1046,5,NULL,'PimenteL','Jovie Ann','Haduca','F',2016,'2016-03-19'),(1047,9,NULL,'Pimentel','Reina','Grad','F',2016,'2016-03-19'),(1048,1,NULL,'Pineda','Jay Jay ','Olpinaldo','M',2016,'2016-03-19'),(1049,5,NULL,'Pio','Liberty','Abaten','F',2016,'2016-03-19'),(1050,3,NULL,'Pitong','Chester Jake ','Hortizuela','M',2016,'2016-03-19'),(1051,8,5,'Polides','Charie','Oandali','F',2016,'2016-03-19'),(1052,1,NULL,'Prades','Jude Errol ','Sagay-oc','M',2016,'2016-03-19'),(1053,8,6,'Pre','Sunshine','Molina','F',2016,'2016-03-19'),(1054,11,NULL,'Purugganan','Kimberly','Gabayan','F',2016,'2016-03-19'),(1055,11,NULL,'Purugganan','Mark Jason ','Gabayan','M',2016,'2016-03-19'),(1056,6,3,'QUITEVIS',' DAVID HIROSHI ','AGNAEN','F',2016,'2016-03-19'),(1057,8,5,'Rabara','Liezel','Beston','F',2016,'2016-03-19'),(1058,1,NULL,'Racca','John Ray','Antonio','M',2016,'2016-03-19'),(1059,8,6,'Racuya','Aira Jean','Omanto','F',2016,'2016-03-19'),(1060,13,NULL,'Rafanan','Abigail','Buenavista','F',2016,'2016-03-19'),(1061,13,NULL,'Ragadio','Nicah','Javier','F',2016,'2016-03-19'),(1062,8,5,'Raganit','Ellen Grace','Laparejo','F',2016,'2016-03-19'),(1063,3,NULL,'Ragasa','Richie ','Rabon','M',2016,'2016-03-19'),(1064,4,NULL,'Raguindin','John Eric','','M',2016,'2016-03-19'),(1065,4,NULL,'Ragunton','Ulysses ','Halabaso','M',2016,'2016-03-19'),(1066,1,NULL,'Ragunton','Jayric','Tejada','M',2016,'2016-03-19'),(1067,1,NULL,'Ramirez','Josua ','Pimentel','M',2016,'2016-03-19'),(1068,8,6,'Ramirez','Jean Hazel','Ccarbonel','F',2016,'2016-03-19'),(1069,6,7,'RAMOS','VINCENT ','TORRES','M',2016,'2016-03-19'),(1070,8,6,'Ramos','George','Lacaden','M',2016,'2016-03-19'),(1071,8,6,'Ramos','Marilyn','Lacaden','F',2016,'2016-03-19'),(1072,8,6,'Ramos','Zeena','Pascua','F',2016,'2016-03-19'),(1073,13,NULL,'Ramos','Rustom ','Habon','M',2016,'2016-03-19'),(1074,1,NULL,'Rapadas','Ken Pierce ','Cinco','M',2016,'2016-03-19'),(1075,10,NULL,'Raposa','Ruth Gay','Defiesta','F',2016,'2016-03-19'),(1076,6,3,'RAQUIÑO','HANNA VANESSA','','F',2016,'2016-03-19'),(1077,3,NULL,'Raras','Rommel ','Benitez','M',2016,'2016-03-19'),(1078,4,NULL,'Rebellon','Jake ','Anagaran','M',2016,'2016-03-19'),(1079,5,NULL,'Rendon','Janet','Galangco','F',2016,'2016-03-19'),(1080,11,NULL,'Rendon','Gladys','Galimba','F',2016,'2016-03-19'),(1081,13,NULL,'Resurreccion','Joan ','Paredes','F',2016,'2016-03-19'),(1082,8,6,'Reyes','Aira Mae','Neral','F',2016,'2016-03-19'),(1083,4,NULL,'Reynante','Archie Rey','Ativo','M',2016,'2016-03-19'),(1084,1,NULL,'Riño','Julius ','Gacilos','M',2016,'2016-03-19'),(1085,11,NULL,'Rivera','Kristabelle Shane ','Ganabo','F',2016,'2016-03-19'),(1086,8,6,'Rizo','Marichu','Quare','F',2016,'2016-03-19'),(1087,8,6,'Rizo','Michelle','Quare','F',2016,'2016-03-19'),(1088,14,NULL,'Rodriguez','Eunice','Olajay','F',2016,'2015-10-13'),(1089,8,6,'Rodriguez','Jenny','Bugtong','F',2016,'2016-03-19'),(1090,10,NULL,'Roldan ','Aiza','Taqueban','F',2016,'2016-03-19'),(1091,9,NULL,'Roqueta','Den Mar ','Velasco','M',2016,'2016-03-19'),(1092,6,7,'ROSARIO',' JOHANNA MARIE ','COL-LONG','F',2016,'2016-03-19'),(1093,11,NULL,'Rosario.','Romely ','Velasco','F',2016,'2016-03-19'),(1094,8,6,'Ruiz','Gracebeth Rhea','Bagano','F',2016,'2016-03-19'),(1095,11,NULL,'Ruiz','Elma Rose','Palunan','F',2016,'2016-03-19'),(1096,8,6,'Sabado',' Almarie','Valdez','F',2016,'2016-03-19'),(1097,8,6,'Sabado','Carlo ','Sabado','M',2016,'2016-03-19'),(1098,6,1,'SABALAN','JUDIANN ROSE ','RELAYO','F',2016,'2016-03-19'),(1099,5,NULL,'Sadang','Sheryhan','Suyat','F',2016,'2016-03-19'),(1100,1,NULL,'Sales','Kashane','Manzano','F',2016,'2015-05-17'),(1101,12,NULL,'Saliquet','Reniel ','Furton','M',2016,'2016-03-19'),(1102,6,3,'SANCHEZ','MARCO','','M',2016,'2016-03-19'),(1103,1,NULL,'Sanchez','Jonas ','Libliben','M',2016,'2016-03-19'),(1104,12,NULL,'Sanchez','Justyn','Dao-gas','M',2016,'2016-03-19'),(1105,13,NULL,'Sanchez','Precila','','F',2016,'2016-03-19'),(1106,5,NULL,'Santolaja','Venice Valerie','Rayray','F',2016,'2016-03-19'),(1107,1,NULL,'Santos','John Ray ','Bacdayan','M',2016,'2016-03-19'),(1108,4,NULL,'Saura','Karen ','Resurreccion','F',2016,'2016-03-19'),(1109,11,NULL,'Saya-saya','Ronalyn','Bautista','F',2016,'2016-03-19'),(1110,6,1,'SEVILLA',' RALPH NICOLE ','ALAYON','M',2016,'2016-03-19'),(1111,13,NULL,'Silverio','Mirasol','Roldan','F',2016,'2016-03-19'),(1112,10,NULL,'Soliven','Lailanie','Sison','F',2016,'2016-03-19'),(1113,9,NULL,'Sublaten','Charisma ','Maticyeng','F',2016,'2016-03-19'),(1114,6,1,'SUCAT','LEVI ','DURO','M',2016,'2016-03-19'),(1115,4,NULL,'Sugui','Ginalyn ','Gasatan','F',2016,'2016-03-19'),(1116,1,NULL,'Sumaoang','Frany Joy ','Pandico','F',2016,'2016-03-19'),(1117,5,NULL,'Sunio','Jhon Hay','Turgano','M',2016,'2016-03-19'),(1118,8,6,'Sunio','Prim Rose','Argallon','F',2016,'2016-03-19'),(1119,8,6,'Tabaco','Michael','Gadingan','M',2016,'2016-03-19'),(1120,11,NULL,'Tabangcura','Jenifer','Andres','F',2016,'2016-03-19'),(1121,14,NULL,'Tabigne','Erica Everdeline','Galapon','F',2016,'2015-05-17'),(1122,5,NULL,'Tallayo','Myrlanie ','Piano','F',2016,'2016-03-19'),(1123,12,NULL,'Tallayo','Garry Aldu ','Domingo','M',2016,'2016-03-19'),(1124,8,6,'Tamayo','Kris Ann','Aglibut','F',2016,'2016-03-19'),(1125,6,2,'TAN',' DANILYN ','ALCODIA','F',2016,'2016-03-19'),(1126,5,NULL,'Tanglib','Michelle ','Galuardo','F',2016,'2016-03-19'),(1127,1,NULL,'Tang-o','Jeffrey ','Ballera','M',2016,'2016-03-19'),(1128,1,NULL,'Taoaguen','Nick ','Agsungot','M',2016,'2016-03-19'),(1129,1,NULL,'Tasani','Anna Marie ','Arconado','F',2016,'2016-03-19'),(1130,1,NULL,'Tejada','Margaret ','Subido','F',2016,'2016-03-19'),(1131,8,6,'Tejada','Arjay','Duqueña','M',2016,'2016-03-19'),(1132,8,5,'Tejada','Maria Lourdes','Corpuz','F',2016,'2016-03-19'),(1133,8,6,'Templo','Frederick','Fabro','M',2016,'2016-03-19'),(1134,8,6,'Tenoria','Monica Bema','Agunan','F',2016,'2016-03-19'),(1135,1,NULL,'Tenorio','Cindy Walter ','Batin','F',2016,'2016-03-19'),(1136,9,NULL,'Terio','Melissa Mae ','Fernando','F',2016,'2016-03-19'),(1137,8,6,'Tome','Romar Willie Franc','Pingawan','M',2016,'2016-03-19'),(1138,6,3,'TOQUERO','CECILIO JR. ','RABACA','M',2016,'2016-03-19'),(1139,6,3,'TOQUERO',' GISELLE ','GADINGAN','F',2016,'2016-03-19'),(1140,1,NULL,'Toquero','Randy ','Gabor','M',2016,'2016-03-19'),(1141,13,NULL,'Toquero','Laarnie','Loveria','F',2016,'2016-03-19'),(1142,14,NULL,'Toroc','Kathleen Jean','Tirante','F',2016,'2016-03-19'),(1143,8,6,'Torres','Julie -Ann','Tatson','F',2016,'2016-03-19'),(1144,1,NULL,'Tumacdang','Joel ','Orpilla','M',2016,'2016-03-19'),(1145,8,6,'Tumbaga','Carl Bryan','Castro','M',2016,'2016-03-19'),(1146,1,NULL,'Ubias','Reymond ','Laoagan','M',2016,'2016-03-19'),(1147,8,6,'Ugalde','Jessa','Gragasin','F',2016,'2016-03-19'),(1148,1,NULL,'Ulpindo','Christian ','Talamillo','M',2016,'2016-03-19'),(1149,9,NULL,'Umipig','Marjorie','Arreola','F',2016,'2016-03-19'),(1150,6,4,'VALDEZ','CHRISTIAN PAUL ','CUDIAMAT','M',2016,'2016-03-19'),(1151,5,NULL,'Valdez','Rudy Jr.','Tudayan','M',2016,'2016-03-19'),(1152,5,NULL,'Valdez','Cristel Joy','Acosta','F',2016,'2016-03-19'),(1153,5,NULL,'Valdez','Gerlyn','Cortez','F',2016,'2016-03-19'),(1154,5,NULL,'Valdez','Ma. Cristina','Galvez','F',2016,'2016-03-19'),(1155,4,NULL,'Valdez','Exerxes ','Daligdig','M',2016,'2016-03-19'),(1156,4,NULL,'Valdez','Kimberly Ann','','F',2016,'2016-03-19'),(1157,1,NULL,'Valdez','Jolina ','Granfil','F',2016,'2016-03-19'),(1158,1,NULL,'Valdez','Jonathan ','Tumacdang','M',2016,'2016-03-19'),(1159,3,NULL,'Valdez','Anthony Carlo ','Rabena','M',2016,'2016-03-19'),(1160,12,NULL,'Valdez','Gil ','Valdez','M',2016,'2016-03-19'),(1161,8,6,'Valdez','Angelique','Vidad','F',2016,'2016-03-19'),(1162,8,6,'Valdez','Mary Joy','Ramos','F',2016,'2016-03-19'),(1163,9,NULL,'Valdez','Beverly','Pasian','F',2016,'2016-03-19'),(1164,10,NULL,'Valdez','Roxan','Foronda','F',2016,'2016-03-19'),(1165,11,NULL,'Valdez','Rowena','Pasian','F',2016,'2016-03-19'),(1166,13,NULL,'Valdez','Estefania ','Dapig','F',2016,'2016-03-19'),(1167,13,NULL,'Valdez','Sinamar','Cabangcala','F',2016,'2016-03-19'),(1168,13,NULL,'Valdez','Edison','Inigo','M',2016,'2016-03-19'),(1169,6,1,'VALERIANO','SHEILA MAE ','FAMA','F',2016,'2016-03-19'),(1170,8,6,'Varela','Gerallene','Mayao','F',2016,'2016-03-19'),(1171,1,NULL,'Velasco','Ian ','Majadas','M',2016,'2016-03-19'),(1172,9,NULL,'Velasco','Mae','Aguto','F',2016,'2016-03-19'),(1173,10,NULL,'Velasco','Ma. Angelica','Marquez','F',2016,'2016-03-19'),(1174,13,NULL,'Velasco','Jean Marie','Agoto','F',2016,'2016-03-19'),(1175,3,NULL,'Vicente','Angelica ','Garrido','F',2016,'2016-03-19'),(1176,6,7,'VIERNES',' VENUS','BALLOCANAG','F',2016,'2016-03-19'),(1177,8,6,'Villanueva','Robeli','Gasatan','F',2016,'2016-03-19'),(1178,8,6,'Vilog, ','Vanessa Mae','','F',2016,'2016-03-19'),(1179,13,NULL,'Vuelta','Mary Joy ','','F',2016,'2016-03-19'),(1180,5,NULL,'Wallang','Megan','Gandalera','F',2016,'2016-03-19'),(1181,6,7,'WIGAN','ROWEL','FIGURACION','M',2016,'2016-03-19'),(1182,8,5,'Yumul','Kathleen Kay','Sanchez','F',2016,'2016-03-19'),(1183,6,7,'Abad','Mary Luisa ','Europa','F',2017,'2017-05-30'),(1184,8,6,'Abagguey','Aileen ','Riñopa','F',2017,'2017-05-30'),(1185,1,NULL,'Abalos','Michelle Graye','Soriano','F',2017,'2017-05-30'),(1186,8,6,'Abarra','Jhan Kevin ','Galaites','M',2017,'2017-05-30'),(1187,8,5,'Aben','Jaline ','Olida','F',2017,'2017-05-30'),(1188,12,NULL,'Abrero','Aldous Kahlil','Cortez','M',2017,'2017-05-30'),(1189,6,7,'Acosta','Ervin ','Ting ','M',2017,'2017-05-30'),(1190,8,5,'Acosta','Aron ','Ganal','M',2017,'2017-05-30'),(1191,4,NULL,'Acutina','Lyle Areane ','Cortez','F',2017,'2017-05-30'),(1192,1,NULL,'Acyangan','Edjelyn','Ciano','F',2017,'2017-05-30'),(1193,11,NULL,'Adona','Jullibe','','F',2017,'2017-05-30'),(1194,13,NULL,'Adrid','Princess May','Gadia','F',2017,'2017-05-30'),(1195,6,7,'Agapito','Glecyle ','Pascua ','F',2017,'2017-05-30'),(1196,8,6,'Aglibut','Dexter John','Gacusana','M',2017,'2017-05-30'),(1197,1,NULL,'Aguirre','Alexander','Meliton','M',2017,'2017-05-30'),(1198,5,NULL,'Agusen','Jhun Dominic ','Estabillo','M',2017,'2017-05-30'),(1199,1,NULL,'Alcantara','Catherine','Ugalde','F',2017,'2017-05-30'),(1200,4,NULL,'Alipio','Joseph ','Galliente','M',2017,'2017-05-30'),(1201,11,NULL,'Alnas','Rio Jade','Biligan','F',2017,'2017-05-30'),(1202,8,6,'Altez','Marinel ','Obrado','F',2017,'2017-05-30'),(1203,11,NULL,'Alvarado','Vivian','Galleta','F',2017,'2017-05-30'),(1204,8,5,'Amate','Ma. Socorro ','Lindero','F',2017,'2017-05-30'),(1205,11,NULL,'Ammang','Via Faye','Lagasan','F',2017,'2017-05-30'),(1206,9,NULL,'Andaya','Rosel','Hachiles','F',2017,'2017-05-30'),(1207,1,NULL,'Anobar','John','Alberto','M',2017,'2017-05-30'),(1208,3,NULL,'Antalan','Rhona Joy ','Calvo','F',2017,'2017-05-30'),(1209,6,7,'Apangco','Rowelynne Rose ','Ebojo','F',2017,'2017-05-30'),(1210,6,1,'Apusen','Aiza ','Velasco','F',2017,'2017-05-30'),(1211,6,1,'Aquino','Rochelle ','Barber ','F',2017,'2017-05-30'),(1212,8,6,'Arellano','Germaine ','Lavarez','F',2017,'2017-05-30'),(1213,4,NULL,'Arizanga','Mayrose ','Aguila','F',2017,'2017-05-30'),(1214,8,6,'Arquillo','Frency Mae ','Gamboa','F',2017,'2017-05-30'),(1215,1,NULL,'Artates','Reylan','Molina','M',2017,'2017-05-30'),(1216,1,NULL,'Asaja','Carlos','Moreno','M',2017,'2017-05-30'),(1217,1,NULL,'Asistin','Maharlika','Sabalburo','F',2017,'2017-05-30'),(1218,14,NULL,'Ayate','Risa ','Alforna','F',2017,'2017-05-30'),(1219,8,6,'Ayco','Kristel Marie ','Delos Santos','F',2017,'2017-05-30'),(1220,4,NULL,'Azur','Romalyn ','Manzano','F',2017,'2017-05-30'),(1221,8,6,'Azur','Mark Jayson ','Gabor','M',2017,'2017-05-30'),(1222,1,NULL,'Bacalzo','John Proceso','Domenden','M',2017,'2017-05-30'),(1223,1,NULL,'Bagayao','Mary Ann','Iban','F',2017,'2017-05-30'),(1224,14,NULL,'Bagayao','Arlene ','Kiapan','F',2017,'2016-06-25'),(1225,11,NULL,'Baguioen','Lara Mae','Sagay','F',2017,'2017-05-30'),(1226,5,NULL,'Balanza','Jenny-ann ','Espiritu','F',2017,'2017-05-30'),(1227,9,NULL,'Balbin','Clarisss','Pagullay','F',2017,'2017-05-30'),(1228,6,7,'Bal-ot','Marceline ','Bal-iyang','F',2017,'2017-05-30'),(1229,5,NULL,'Baltazar','Sarah Jane ','Bistoyong','F',2017,'2017-05-30'),(1230,4,NULL,'Bang-asan','Karen ','Salapio','F',2017,'2017-05-30'),(1231,1,NULL,'Bang-asan','Ezekiel','Angala','M',2017,'2017-05-30'),(1232,14,NULL,'Baniaga','Zhairyl Joy ','Viernes','F',2017,'2016-06-25'),(1233,11,NULL,'Bansiyeg','Maria Ana','Alday ','F',2017,'2017-05-30'),(1234,10,NULL,'Baptista','Sonny','Peralta','M',2017,'2017-05-30'),(1235,1,NULL,'Baraquio','Noelle','Gamueda','M',2017,'2017-05-30'),(1236,1,NULL,'Barba','John Vohn','Mati','M',2017,'2017-05-30'),(1237,11,NULL,'Barit','May Ann','Acosta','F',2017,'2017-05-30'),(1238,6,1,'Barnachea','Jemarie ','','F',2017,'2017-05-30'),(1239,6,3,'Barroga','Caren ','Calderon ','F',2017,'2017-05-30'),(1240,12,NULL,'Barroga','Kristine','Rabena','F',2017,'2017-05-30'),(1241,14,NULL,'Basconcillo','Princess','Ferrer','F',2017,'2017-05-30'),(1242,9,NULL,'Batao-ey  ','Ruth May','Aquino','F',2017,'2017-05-30'),(1243,13,NULL,'Batin','Jon Allan','Domongdong','M',2017,'2017-05-30'),(1244,6,7,'Bayud','Jeremy ','Galuga','M',2017,'2017-05-30'),(1245,5,NULL,'Belen','Aurea Mila ','Quiming','F',2017,'2017-05-30'),(1246,6,7,'Benido','Katrina ','Tayaan ','F',2017,'2017-05-30'),(1247,1,NULL,'Benido','Aryan','Tayaan','M',2017,'2017-05-30'),(1248,1,NULL,'Bersalona','Jayselle','Canibe','F',2017,'2016-12-11'),(1249,4,NULL,'Biala','Andy ','Novida','M',2017,'2017-05-30'),(1250,8,6,'Biala','Keith Jay ','Gamose','M',2017,'2017-05-30'),(1251,13,NULL,'Biala','Naima','Palma','F',2017,'2017-05-30'),(1252,1,NULL,'Bistoyong','Genesis','Habon','M',2017,'2017-05-30'),(1253,1,NULL,'Bitongan','Novlee','Roldan','M',2017,'2017-05-30'),(1254,5,NULL,'Blogo ','Analyn ','Meneses','F',2017,'2016-12-11'),(1255,4,NULL,'Borce','May Ann ','Habon','F',2017,'2017-05-30'),(1256,14,NULL,'Bravo','Krisha Mae ','Bravo','F',2017,'2017-05-30'),(1257,5,NULL,'Buccat','Sheila Marie ','Gamilo','F',2017,'2017-05-30'),(1258,13,NULL,'Budayao','Reiline Joy','Julian','F',2017,'2017-05-30'),(1259,1,NULL,'Bueno','King','Baturi','M',2017,'2017-05-30'),(1260,4,NULL,'Bumanglag','Britney ','Mina','F',2017,'2017-05-30'),(1261,4,NULL,'Bumatay','Jessica Joy ','Teofilo','F',2017,'2017-05-30'),(1262,5,NULL,'Bustillos','Nathalia ','Targa','F',2017,'2017-05-30'),(1263,14,NULL,'Cabanas','Dolores ','Glorioso','F',2017,'2017-05-30'),(1264,9,NULL,'Cabasal','Jennifer','Canlas','F',2017,'2017-05-30'),(1265,1,NULL,'Cabasan','Mark Louie','Arre','M',2017,'2017-05-30'),(1266,1,NULL,'Cabaya','Francis Ryan','Torres','M',2017,'2017-05-30'),(1267,11,NULL,'Cabaya','Jucel','Manibloc','F',2017,'2017-05-30'),(1268,1,NULL,'Cabotage','Ana Roses','Antolin','F',2017,'2017-05-30'),(1269,11,NULL,'Cabrales','Ghirly','Valdez','F',2017,'2017-05-30'),(1270,10,NULL,'Cacho','Gretel Marie ','Apacquid','F',2017,'2017-05-30'),(1271,4,NULL,'Cadiente','Kervin Jay ','Janerol','M',2017,'2017-05-30'),(1272,12,NULL,'Cagdan','Dexter Jhon','Bagbaguen','M',2017,'2017-05-30'),(1273,8,6,'Cahilig','Chellie Mae ','Gonzalo','F',2017,'2017-05-30'),(1274,5,NULL,'Caleon','Rose Mean ','Silva','F',2017,'2017-05-30'),(1275,4,NULL,'Calicdan','Jomart ','Prestoza','M',2017,'2017-05-30'),(1276,1,NULL,'Caliva','Norian','Destor','M',2017,'2017-05-30'),(1277,5,NULL,'Calub','Jan Orlynz ','Javonillo','M',2017,'2017-05-30'),(1278,12,NULL,'Cam-ani','Susan ','Gumpad','F',2017,'2017-05-30'),(1279,6,1,'Camiring','Josie ','Eguiab ','F',2017,'2017-05-30'),(1280,1,NULL,'Canosa','Thalia Mari','Soriano','F',2017,'2017-05-30'),(1281,1,NULL,'Capillo','Jaymond','Gallano','M',2017,'2017-05-30'),(1282,11,NULL,'Carbo','Jonalyn','Española','F',2017,'2017-05-30'),(1283,8,5,'Carbonel','Rona Jane ','Cabigon','F',2017,'2016-12-11'),(1284,11,NULL,'Carreon','Katrina','Valdez','F',2017,'2017-05-30'),(1285,14,NULL,'Casinova','Kirna','','F',2017,'2017-05-30'),(1286,8,6,'Castillo','Nico ','Samson','M',2017,'2017-05-30'),(1287,5,NULL,'Celestino','Sheila ','Domaoang','F',2017,'2017-05-30'),(1288,14,NULL,'Cello','Mergie ','Tom-an','F',2017,'2017-05-30'),(1289,1,NULL,'Collado','Mark Anthony','Palomado','M',2017,'2017-05-30'),(1290,5,NULL,'Corpuz','Marissa ','Antolin','F',2017,'2017-05-30'),(1291,9,NULL,'Corpuz','Jenerose','Genetiano','F',2017,'2017-05-30'),(1292,14,NULL,'Corpuz','Rochelle ','Mendez','F',2017,'2017-05-30'),(1293,6,2,'Cortado','Joseph ','','M',2017,'2017-05-30'),(1294,8,6,'Cortado','Judy Ann ','Agullana','F',2017,'2017-05-30'),(1295,1,NULL,'Cortado','Apple May','Eugenio','F',2017,'2017-05-30'),(1296,6,2,'Cortez','Louiela ','Adelante','F',2017,'2017-05-30'),(1297,8,5,'Cortez','Rhea ','Alterado','F',2017,'2017-05-30'),(1298,9,NULL,'Cortez','Jimmy Jr','Mecos','M',2017,'2017-05-30'),(1299,1,NULL,'Cortez','Daiserie','Lucena','F',2017,'2017-05-30'),(1300,1,NULL,'Cortez','Gerald','Alterado','M',2017,'2017-05-30'),(1301,1,NULL,'Cortez','Mark','Gambala','M',2017,'2017-05-30'),(1302,11,NULL,'Cortez','Felicisima','Ciervo','F',2017,'2017-05-30'),(1303,11,NULL,'Costelo','Kristine','','F',2017,'2017-05-30'),(1304,9,NULL,'Coyepyep','Franklin John','Sumago','M',2017,'2016-05-16'),(1305,3,NULL,'Crisostomo','Mae ','Gamueda','F',2017,'2017-05-30'),(1306,1,NULL,'Cruz','Edgie Boy','Tejada','M',2017,'2017-05-30'),(1307,8,5,'Cudiamat','Angelica ','De asis','F',2017,'2017-05-30'),(1308,11,NULL,'Cudiamat','Jessabel','Cortez','F',2017,'2017-05-30'),(1309,11,NULL,'Cuenta','Moises','Acosta','M',2017,'2017-05-30'),(1310,11,NULL,'Custodio','Camille','Gadingan','F',2017,'2017-05-30'),(1311,1,NULL,'Daligan','Joanna Eve','Siniclang','F',2017,'2017-05-30'),(1312,4,NULL,'Dalligos','Dhona Cris ','Patindo','F',2017,'2017-05-30'),(1313,11,NULL,'Danao','Ronalyne','Catuday','F',2017,'2017-05-30'),(1314,8,6,'Dangtayan','Lie Marianne ','Galuardo','F',2017,'2017-05-30'),(1315,8,5,'Daniel','Glydel ','Ellorin','F',2017,'2017-05-30'),(1316,6,7,'Danzalan','Diony Mar ','Mariano ','M',2017,'2017-05-30'),(1317,1,NULL,'Dazon','Rizmond','Dongalen','M',2017,'2016-12-11'),(1318,6,7,'De Guzman','Edwin Jr.','Escabusa ','M',2017,'2017-05-30'),(1319,11,NULL,'De Guzman','Letecia','','F',2017,'2017-05-30'),(1320,4,NULL,'De Vera','Vera Mae ','Angel','F',2017,'2017-05-30'),(1321,14,NULL,'Defiesta','Jennifer','Tan','F',2017,'2017-05-30'),(1322,8,5,'Degorio','Trecia ','Abaya','F',2017,'2017-05-30'),(1323,14,NULL,'Del Castillo','Krisha ','De Gracia','F',2017,'2016-06-25'),(1324,6,7,'Del Rosario','April Joy ','Manganaan ','F',2017,'2017-05-30'),(1325,5,NULL,'Del Rosario',' Precious Jannine ','Galimba','F',2017,'2017-05-30'),(1326,5,NULL,'Dela Cruz','Lovely Mae ','Gomintong','F',2017,'2017-05-30'),(1327,5,NULL,'Dela Cruz','Rey June ','Bautista','M',2017,'2017-05-30'),(1328,8,5,'Dela Cruz','Charlie ','Tamayo','M',2017,'2016-12-11'),(1329,1,NULL,'Dela Cruz','Tirso','Vilonta','M',2017,'2017-05-30'),(1330,14,NULL,'Dela Rosa','Randell ','','F',2017,'2016-06-25'),(1331,8,6,'Dela Vega','Joel ','Gallardo','M',2017,'2017-05-30'),(1332,9,NULL,'Deladia','Renalyn','Carbonel','F',2017,'2017-05-30'),(1333,11,NULL,'Delos Reyes','Mae-ann','Domingo','F',2017,'2017-05-30'),(1334,5,NULL,'Delosreyes','Jenny ','Corpuz','F',2017,'2017-05-30'),(1335,4,NULL,'Digao','Princess ','Reyes','F',2017,'2017-05-30'),(1336,8,5,'Dilla','Ruston ','Budayao','M',2017,'2017-05-30'),(1337,4,NULL,'Dimailig','Giselle ','Paderes','F',2017,'2017-05-30'),(1338,5,NULL,'Dimalanta','Renalyn ','Laberinto','F',2017,'2017-05-30'),(1339,5,NULL,'Divina','Fema ','Reclusado','F',2017,'2017-05-30'),(1340,1,NULL,'Diyan','Baltazar','Laoagan','M',2017,'2017-05-30'),(1341,8,6,'Dizon','Andrea Kaye ','Ancheta','F',2017,'2017-05-30'),(1342,8,6,'Doce','Glaiza Ruth ','Anno','F',2017,'2017-05-30'),(1343,6,3,'Doctolero','Adrian ','Cabaluna','M',2017,'2017-05-30'),(1344,11,NULL,'Dolormente','Christian','Divina','M',2017,'2017-05-30'),(1345,4,NULL,'Domingo','Gillian Belle ','Soliven','F',2017,'2017-05-30'),(1346,6,7,'Dulay','Emilyn Rose ','Gironella','F',2017,'2017-05-30'),(1347,14,NULL,'Dumag','April Joy','','F',2017,'2017-05-30'),(1348,5,NULL,'Dumagay','Elizabeth ','Banite','F',2017,'2017-05-30'),(1349,8,6,'Dungalen','Michael ','Raymundo','M',2017,'2017-05-30'),(1350,8,6,'Duque','Sunshine ','Halos','F',2017,'2016-12-11'),(1351,14,NULL,'Duque','Christine Joy ','Basconcillo','F',2017,'2017-05-30'),(1352,11,NULL,'Duque','Nikki','Martinez','M',2017,'2017-05-30'),(1353,14,NULL,'Ebojo','Destinie Joy ','Tamo','F',2017,'2017-05-30'),(1354,1,NULL,'Elaydo','Mischele','Arceo','F',2017,'2017-05-30'),(1355,8,5,'Elefante','Jayson ','Dela Cruz','M',2017,'2017-05-30'),(1356,11,NULL,'Empabido','Myla Grace','Fontilar','F',2017,'2017-05-30'),(1357,6,3,'Encarnacion','Albert ','Galacio ','M',2017,'2017-05-30'),(1358,12,NULL,'Espejo','Jaemee Erleen','Tuzon','F',2017,'2017-05-30'),(1359,14,NULL,'Espejo','Mariane ','Dangtayan','F',2017,'2017-05-30'),(1360,8,5,'Espiritu','Calvin Kei ','Villalobos','M',2017,'2017-05-30'),(1361,1,NULL,'Espiritu','Bryanlee','Magan-An','M',2017,'2017-05-30'),(1362,1,NULL,'Espiritu','Hilario','Magan-An','M',2017,'2017-05-30'),(1363,1,NULL,'Espiritu','Mark Edward','Sampayan','M',2017,'2017-05-30'),(1364,13,NULL,'Espora ','Meghan Angel','Marquez','F',2017,'2017-05-30'),(1365,8,6,'Esteban','Allysa Jane ','Hailar','F',2017,'2017-05-30'),(1366,8,6,'Estrada','Mark Christian ','Ortega','M',2017,'2017-05-30'),(1367,11,NULL,'Estrada','Vilma ','Gaurino','F',2017,'2017-05-30'),(1368,8,6,'Etrata','Marco ','Nero','M',2017,'2017-05-30'),(1369,13,NULL,'Eugenio','Renante ','Halnas','M',2017,'2017-05-30'),(1370,6,4,'Evangelista','Ryan ','Abaya','M',2017,'2017-05-30'),(1371,4,NULL,'Fababe','Ma. Isabelle ','Palacio','F',2017,'2017-05-30'),(1372,8,6,'Fabro','Myra ','Haboc','F',2017,'2017-05-30'),(1373,13,NULL,'Fabro','Rhozel ','Pascua','F',2017,'2017-05-30'),(1374,6,7,'Fabros','Jedidah ','Ancheta ','F',2017,'2017-05-30'),(1375,4,NULL,'Fabros','Joshua ','Ancheta','M',2017,'2017-05-30'),(1376,1,NULL,'Fabros','Lezter','Gaoat','M',2017,'2016-12-11'),(1377,8,6,'Felipe','Jhon Carlo ','Raguindin','M',2017,'2017-05-30'),(1378,1,NULL,'Felix','Jeron','Bondios','M',2017,'2017-05-30'),(1379,6,7,'Fernandez','Francis ','Garabiles ','M',2017,'2017-05-30'),(1380,1,NULL,'Fernandez','Joanna Mae','Etrata','F',2017,'2017-05-30'),(1381,4,NULL,'Flores','Queenie ','Lavaro','F',2017,'2017-05-30'),(1382,8,6,'Flores','Lovelee ','Alvarez','F',2017,'2017-05-30'),(1383,8,5,'Flores','Jean ','Valdez','F',2017,'2017-05-30'),(1384,1,NULL,'Flores','Lovely','Anido','F',2017,'2017-05-30'),(1385,8,6,'Fontanilla','Mary Joy ','borja','F',2017,'2017-05-30'),(1386,1,NULL,'Gabaon        ','Nathaniel','Tomas','M',2017,'2016-05-16'),(1387,8,5,'Gabatilan','Mark Clifford ','Hadloc','M',2017,'2017-05-30'),(1388,8,6,'Gabatin','Rommel ','Valdez','M',2017,'2017-05-30'),(1389,11,NULL,'Gabatino','Jona Marie','Mifa','F',2017,'2017-05-30'),(1390,8,5,'Gabayan','Shainalyn','','F',2017,'2017-05-30'),(1391,8,6,'Gabertan','Elizabeth Ann ','Makil','F',2017,'2017-05-30'),(1392,11,NULL,'Gabor','Rochelle','Apolonio','F',2017,'2017-05-30'),(1393,8,6,'Gaboy','Gezza ','Valdez','F',2017,'2017-05-30'),(1394,14,NULL,'Gabrillo','Roselie','Narsisi','F',2017,'2017-05-30'),(1395,5,NULL,'Gabuat','Ruben ','Jurado','M',2017,'2017-05-30'),(1396,8,6,'Gabuat','Ever ','Duro','F',2017,'2017-05-30'),(1397,10,NULL,'Gabuat','Dayanara','Gacilos','F',2017,'2017-05-30'),(1398,6,4,'Gacayan','Sarah Mae ','Moncado','F',2017,'2017-05-30'),(1399,8,6,'Gacilos','Jelyn ','Tang-o','F',2017,'2017-05-30'),(1400,8,6,'Gacilos','Joanne ','Galima','F',2017,'2017-05-30'),(1401,11,NULL,'Gacilos','Maricris ','Gatmen','F',2017,'2017-05-30'),(1402,11,NULL,'Gacilos','Sunshine','Valdez','F',2017,'2017-05-30'),(1403,8,6,'Gacoscos','Camille ','Flores','F',2017,'2017-05-30'),(1404,1,NULL,'Gacoscos','Osman Jerico','Dawisan','M',2017,'2017-05-30'),(1405,3,NULL,'Gacula','Joyce ','Bad-ay','F',2017,'2017-05-30'),(1406,6,4,'Gacusan','Paulene','Galimba','F',2017,'2017-05-30'),(1407,6,3,'Gacusan','Analiza ','Galimba','F',2017,'2017-05-30'),(1408,5,NULL,'Gacusan','Alyssa Jane ','Fermin','F',2017,'2017-05-30'),(1409,9,NULL,'Gacusan','Jing Jing','Ganado','F',2017,'2017-05-30'),(1410,1,NULL,'Gacusan','Ervin','Caratay','M',2017,'2017-05-30'),(1411,8,6,'Gacutan','Cesar Jr. ','Gasillan','M',2017,'2017-05-30'),(1412,1,NULL,'Gadia','Cedrick','Galdones','M',2017,'2017-05-30'),(1413,5,NULL,'Gadier ','Jenifer ','Angala','F',2017,'2016-12-11'),(1414,5,NULL,'Gadingan','Jhobelle ','Cudiamat','F',2017,'2017-05-30'),(1415,1,NULL,'Gadingan','Marvin','Galdones','M',2017,'2017-05-30'),(1416,14,NULL,'Gadut','Crisanta ','Valdez','F',2017,'2017-05-30'),(1417,5,NULL,'Gagarin','Jhun ','Batin','M',2017,'2017-05-30'),(1418,8,6,'Gagarin','Alleli ','Habab','F',2017,'2017-05-30'),(1419,8,6,'Gagarin','Reggie ','Del Rosario','M',2017,'2017-05-30'),(1420,1,NULL,'Gagarin','Jackson','Bao-Sit','M',2017,'2017-05-30'),(1421,14,NULL,'Gagarin','Rachele Ann','','F',2017,'2017-05-30'),(1422,1,NULL,'Galang','Nel Christian','Pascua','M',2017,'2017-05-30'),(1423,4,NULL,'Galangco','Arleen ','Tecson','F',2017,'2017-05-30'),(1424,1,NULL,'Galangco','Eden','Estelero','F',2017,'2017-05-30'),(1425,3,NULL,'Galario','Allyca V.','Valdez','F',2017,'2017-05-30'),(1426,6,4,'Galcon','Aileen','Vilog','F',2017,'2017-05-30'),(1427,5,NULL,'Galcon','Precious Mae ','Madarang','F',2017,'2017-05-30'),(1428,8,6,'Galcon','Eric ','Jimenez','M',2017,'2017-05-30'),(1429,8,6,'Galdones','Mario Jr. ','Toquero','M',2017,'2017-05-30'),(1430,11,NULL,'Galdones','Vince Audrey','Calibuso','M',2017,'2017-05-30'),(1431,13,NULL,'Galdones','Vince Audrey','Calibuso','M',2017,'2016-12-11'),(1432,6,4,'Galicia','Dianne ','Orpilla','F',2017,'2017-05-30'),(1433,5,NULL,'Galicia','April Rose ','Ramirez','F',2017,'2017-05-30'),(1434,4,NULL,'Galicia','Kimberly ','Ramos','F',2017,'2017-05-30'),(1435,8,6,'Galicia','Jocelle ','Gaoat','F',2017,'2017-05-30'),(1436,8,6,'Galima','Ernestine ','Cortado','F',2017,'2017-05-30'),(1437,8,6,'Galima','Karen ','','F',2017,'2017-05-30'),(1438,8,6,'Galima','Niño Arly ','Manzano','M',2017,'2017-05-30'),(1439,14,NULL,'Galima','Krizzia Mae ','Sison','F',2017,'2017-05-30'),(1440,14,NULL,'Galinato','Beverly','G','F',2017,'2016-05-16'),(1441,6,3,'Gallano',' Crisha ','Duca','F',2017,'2017-05-30'),(1442,8,6,'Gallardo','Mary Loise ','Pascua','F',2017,'2017-05-30'),(1443,8,6,'Gallardo','Raffa Sheana ','','F',2017,'2017-05-30'),(1444,8,5,'Gallardo','Cheaster ','Borje','M',2017,'2017-05-30'),(1445,1,NULL,'Galleon','Franklin Jr.','Ang-Oay','M',2017,'2016-12-11'),(1446,8,5,'Galolo','Vanessa ','Gacusan','F',2017,'2017-05-30'),(1447,6,4,'Galoso','Romeo','Gapasin ','F',2017,'2017-05-30'),(1448,14,NULL,'Galuardo','Dayanara Lou ','Bolin','F',2017,'2017-05-30'),(1449,11,NULL,'Galutan','Jenifer','Manzano','F',2017,'2017-05-30'),(1450,10,NULL,'Galzote','Aprilyn','Viros','F',2017,'2017-05-30'),(1451,1,NULL,'Gambala','John Michael','Pascua','M',2017,'2017-05-30'),(1452,3,NULL,'Gamboa','Geselle S.','Sabado','F',2017,'2017-05-30'),(1453,1,NULL,'Gamboa','Cherry','Legson','F',2017,'2017-05-30'),(1454,11,NULL,'Gambon','Angelica','Garnace','F',2017,'2017-05-30'),(1455,11,NULL,'Gamera','Joanna Marie','Tuzon','F',2017,'2017-05-30'),(1456,11,NULL,'Gamueda','Renalyn','Del Rosario','F',2017,'2017-05-30'),(1457,11,NULL,'Ganado','Nellie Anne','Tudayan','F',2017,'2017-05-30'),(1458,6,2,'Ganapin','Kisses ','Miguel','F',2017,'2017-05-30'),(1459,1,NULL,'Gandalera','Sandrew','Medrano','M',2017,'2017-05-30'),(1460,11,NULL,'Gandalera','Charen','Juan','F',2017,'2017-05-30'),(1461,11,NULL,'Gandalera','Rachel','Bayasan','F',2017,'2017-05-30'),(1462,8,6,'Gandol','Gerlyn ','Gacusan','F',2017,'2017-05-30'),(1463,6,7,'Gaoat','Eva','','F',2017,'2017-05-30'),(1464,6,7,'Gaoat','Joy','Tamano ','F',2017,'2017-05-30'),(1465,5,NULL,'Gaoat','Kassandra ','Apayo','F',2017,'2017-05-30'),(1466,5,NULL,'Gaoat','Maria Jesusa ','Manzano','F',2017,'2017-05-30'),(1467,9,NULL,'Gaoat','Sarah Jane','Jamandra','F',2017,'2017-05-30'),(1468,1,NULL,'Gaoat','Clarise','Fernandez','F',2017,'2017-05-30'),(1469,5,NULL,'Garcia','Elena ','Gagarin','F',2017,'2017-05-30'),(1470,8,6,'Garcia','Annie Mae ','Fieldad','F',2017,'2017-05-30'),(1471,3,NULL,'Garcia','Richelle Anne ','Tichay','F',2017,'2017-05-30'),(1472,8,6,'Garlejo','Jessica ','Galao','F',2017,'2017-05-30'),(1473,6,7,'Garnace','Jurant ','Tacuycuy ','M',2017,'2017-05-30'),(1474,1,NULL,'Garrido','James Lester','Angdos','M',2017,'2017-05-30'),(1475,8,6,'Garringo','Denden ','Lorica','M',2017,'2017-05-30'),(1476,5,NULL,'Gasalao','Angelito ','Galano','M',2017,'2017-05-30'),(1477,8,6,'Gasmen','Charle Mayne Cristy ','Cudiamat','F',2017,'2017-05-30'),(1478,5,NULL,'Gatmen','Christian ','Galdones','M',2017,'2017-05-30'),(1479,5,NULL,'Gawaen','Laila ','Waking','F',2017,'2017-05-30'),(1480,6,1,'Gaygayed','June ','Agsi','M',2017,'2017-05-30'),(1481,5,NULL,'Gayyed','Carmen ','Vicente','F',2017,'2017-05-30'),(1482,4,NULL,'Genove','William Mhaverick ','Cortez','M',2017,'2017-05-30'),(1483,9,NULL,'Geronilla','Jasmine','Botiquin','F',2017,'2017-05-30'),(1484,1,NULL,'Goce','Rheyzen','De Leon','M',2017,'2017-05-30'),(1485,13,NULL,'Gomez','Marry Ann','Enaya','F',2017,'2017-05-30'),(1486,6,1,'Gonzales','Joanne ','Raciles ','F',2017,'2017-05-30'),(1487,10,NULL,'Gonzales','Krizelle','Dawa','F',2017,'2017-05-30'),(1488,12,NULL,'Gonzalo','Relina Claire','Lacaden','F',2017,'2017-05-30'),(1489,14,NULL,'Gonzalo','Maricel ','Dona','F',2017,'2017-05-30'),(1490,5,NULL,'Gorospe','Pepsi ','Bagsingit','F',2017,'2017-05-30'),(1491,5,NULL,'Gotgotao','Lariza ','Pasion','F',2017,'2017-05-30'),(1492,1,NULL,'Grabanzor','Princess Mie','Miguel','F',2017,'2016-12-11'),(1493,5,NULL,'Granfil ','Jerose ','Bartolay','M',2017,'2016-05-16'),(1494,8,6,'Gray','Renz Jayson ','Millian','M',2017,'2017-05-30'),(1495,11,NULL,'Gray','Chris John','Millian','M',2017,'2017-05-30'),(1496,8,6,'Guisit','Robert Jun ','Rufino','M',2017,'2017-05-30'),(1497,9,NULL,'Gurtiza','Juanita Rose','Agas','F',2017,'2017-05-30'),(1498,11,NULL,'Habab','Maria Ellain','Marcellano','F',2017,'2017-05-30'),(1499,13,NULL,'Haban','Mary Grace','Viernes','F',2017,'2017-05-30'),(1500,8,5,'Haber','Melisa Grace ','Sim','F',2017,'2017-05-30'),(1501,1,NULL,'Habitchuela','Cindy','Diga','F',2017,'2017-05-30'),(1502,5,NULL,'Haboc','Jason ','Pimentel','M',2017,'2017-05-30'),(1503,13,NULL,'Haboc','Honey May','Balagtas','F',2017,'2017-05-30'),(1504,8,5,'Habon','Raymart ','Guillen','M',2017,'2017-05-30'),(1505,4,NULL,'Habon ','Rowena ','Racusa','F',2017,'2017-05-30'),(1506,8,5,'Habungan','Gerald ','Tamayo','M',2017,'2016-12-11'),(1507,8,5,'Hadap','Alli ','Coloma','M',2017,'2017-05-30'),(1508,6,7,'Hadloc','Maria Andrea ','Galanote','F',2017,'2017-05-30'),(1509,6,1,'Hadloc','Jay Ar ','Tamo','M',2017,'2017-05-30'),(1510,9,NULL,'Hadloc','Jennylyn','Castro','F',2017,'2017-05-30'),(1511,8,6,'Hadoc','Yvette ','Manzano','F',2017,'2017-05-30'),(1512,10,NULL,'Haduca','Rona Jane','Lapitan','F',2017,'2017-05-30'),(1513,13,NULL,'Haduca','Sharlien','Halunajan','F',2017,'2017-05-30'),(1514,11,NULL,'Hafalla','Estrella','Hagad','F',2017,'2017-05-30'),(1515,14,NULL,'Hagacer','Jolina ','Hagacer','F',2017,'2017-05-30'),(1516,8,6,'Hagoot','Elizabeth ','Hafalla','F',2017,'2017-05-30'),(1517,4,NULL,'Hailar','Maricel ','Palacol','F',2017,'2017-05-30'),(1518,10,NULL,'Hailar','Citadel Nina','Ruiz','F',2017,'2017-05-30'),(1519,5,NULL,'Halaba','Marilyn ','Lavaro','F',2017,'2017-05-30'),(1520,4,NULL,'Halaman','Eric John ','Marinas','M',2017,'2017-05-30'),(1521,13,NULL,'Halos','Maricon','Alcayde','F',2017,'2017-05-30'),(1522,6,3,'Heraña','Mark ','Ragunjan ','M',2017,'2017-05-30'),(1523,13,NULL,'Heraña','Karren','Gonzales','F',2017,'2017-05-30'),(1524,5,NULL,'Hermosa','Jane Patrice ','Raquepo','F',2017,'2017-05-30'),(1525,5,NULL,'Hermosura','Julienne ','Hermosa','F',2017,'2017-05-30'),(1526,8,6,'Hernaez','Christian ','Monzero','M',2017,'2017-05-30'),(1527,13,NULL,'Ilagan','Raizel Cyrille','Abarquez','F',2017,'2017-05-30'),(1528,9,NULL,'Incien','Donnalyn','Lapic','F',2017,'2017-05-30'),(1529,4,NULL,'Ingen','Jayson ','De Guzman','M',2017,'2017-05-30'),(1530,5,NULL,'Inigo','Ronalyn ','Serrano','F',2017,'2017-05-30'),(1531,8,6,'Inigo','Kristine ','Despa','F',2017,'2017-05-30'),(1532,11,NULL,'Inigo','Ivy','Llanes','F',2017,'2017-05-30'),(1533,13,NULL,'Ison','Elaiza May','Alipo-on','F',2017,'2017-05-30'),(1534,8,6,'Jacob','Mary Joy ','Romero','F',2017,'2017-05-30'),(1535,4,NULL,'Jacobe','Rey ','Hadap','M',2017,'2017-05-30'),(1536,6,1,'Jadormeo','Joyze Anne ','','F',2017,'2017-05-30'),(1537,10,NULL,'Jainar','Merry Jean','Astrero','F',2017,'2017-05-30'),(1538,1,NULL,'Jallorina','Gerald Jet','De Paz','M',2017,'2017-05-30'),(1539,14,NULL,'Jallorina','Deborah Jane','Baturi','F',2017,'2017-05-30'),(1540,4,NULL,'Jalover','Sarah ','Batin','F',2017,'2017-05-30'),(1541,8,6,'Janerol','Angela ','Alban','F',2017,'2017-05-30'),(1542,6,1,'Jaramilla','Daniel ','Nacionales','M',2017,'2017-05-30'),(1543,9,NULL,'Jaramillo','Dominique','Vallejo','F',2017,'2017-05-30'),(1544,5,NULL,'Javillo','Mikee ','Ablan','F',2017,'2017-05-30'),(1545,4,NULL,'Javillo','Marjorie ','Ablan','F',2017,'2017-05-30'),(1546,1,NULL,'Javillonar','Mark','Sales','M',2017,'2017-05-30'),(1547,13,NULL,'Javonitalla','May Ann','Osorno','F',2017,'2017-05-30'),(1548,4,NULL,'Jimenez','Gilowel ','Catbagan','M',2017,'2017-05-30'),(1549,8,6,'Jimenez','Jayson ','Mina','M',2017,'2017-05-30'),(1550,8,5,'Jimenez','Glowie ','Catbagan','F',2017,'2017-05-30'),(1551,10,NULL,'Jimenez','Maria Mercedes','Calderon','F',2017,'2017-05-30'),(1552,10,NULL,'Jimenez                  ','Cl Adam','Gines','M',2017,'2017-05-30'),(1553,14,NULL,'Joseph','Lerma ','Cordero','F',2017,'2016-06-25'),(1554,5,NULL,'Joven','Emily ','Redaja','F',2017,'2017-05-30'),(1555,8,6,'Labanar','Daisy ','Solomon','F',2017,'2017-05-30'),(1556,8,6,'Labanar','Jessa ','Ramirez','F',2017,'2017-05-30'),(1557,4,NULL,'Labasen','Daniel ','Lacdang','M',2017,'2017-05-30'),(1558,3,NULL,'Lab-ongen','Marianne ','Dang-alan','F',2017,'2017-05-30'),(1559,1,NULL,'Lab-ongen','Cherry Kris','Dang-Alan','F',2017,'2016-12-11'),(1560,14,NULL,'Lacaden','Gia Angelie ','Lopez','F',2017,'2017-05-30'),(1561,5,NULL,'Lamarca','Gracia ','Agaloos','F',2017,'2017-05-30'),(1562,12,NULL,'Lames','Mayjean','Gaget','F',2017,'2017-05-30'),(1563,1,NULL,'Langcao','Creyshell','Gao Gao','F',2017,'2017-05-30'),(1564,1,NULL,'Langiden','Joel Clark II','Bataller','M',2017,'2017-05-30'),(1565,1,NULL,'Langoey','Reymond','Bello','M',2017,'2017-05-30'),(1566,1,NULL,'Lang-oy','June Michael','Mocaleng','M',2017,'2017-05-30'),(1567,9,NULL,'Latac','Rhonamae','Garcia','F',2017,'2017-05-30'),(1568,1,NULL,'Lawaguey','Robert','Cosning','M',2017,'2017-05-30'),(1569,14,NULL,'Laweng','Analyn ','Cariaso','F',2017,'2016-06-25'),(1570,1,NULL,'Lazaro','Lance Paul','Dumal-Is','M',2017,'2017-05-30'),(1571,8,6,'Lemi','Bernalyn ','Peconda','F',2017,'2017-05-30'),(1572,8,6,'Limon','Clint Jasper ','Garcia','M',2017,'2017-05-30'),(1573,14,NULL,'Limos','Maria Anjanneth ','labarette','F',2017,'2017-05-30'),(1574,4,NULL,'Llanes','Danilo II ','Del Rosario','M',2017,'2017-05-30'),(1575,4,NULL,'Llanes','Mary Laureen ','Ramos','F',2017,'2017-05-30'),(1576,8,6,'Llanes','Lucille ','Cortez','F',2017,'2017-05-30'),(1577,9,NULL,'Llanes','Reggie Ann','Custodio','F',2017,'2017-05-30'),(1578,4,NULL,'Lopez','Wilborn','','M',2017,'2017-05-30'),(1579,6,3,'Lorenzo','Jodelyn ','Quitevis','F',2017,'2016-12-11'),(1580,5,NULL,'Lozano','Rocelina ','Balboa','F',2017,'2016-12-11'),(1581,4,NULL,'Lucena','Clarence ','Dela Cruz','F',2017,'2017-05-30'),(1582,14,NULL,'Lucena','Rhonalyn ','Olasiman','F',2017,'2016-06-25'),(1583,6,1,'Luchina','Pamela Becca ','Suda-i','F',2017,'2017-05-30'),(1584,4,NULL,'Lulu','Mary Pop Jean ','Jacildo','F',2017,'2017-05-30'),(1585,8,5,'Lumsod','Anios Anola ','Sibayan','F',2017,'2017-05-30'),(1586,14,NULL,'Luna','Alyssa Joy ','Simeon','F',2017,'2017-05-30'),(1587,11,NULL,'Mackey','Jezzil May','Batao-ey','F',2017,'2017-05-30'),(1588,8,6,'Madarang','Stephanie ','Tuscano','F',2017,'2017-05-30'),(1589,1,NULL,'Madarang','Angelo Mark','Calibuso','M',2017,'2017-05-30'),(1590,5,NULL,'Madrid','Maria Kimberlyn ','Rapanut','F',2017,'2017-05-30'),(1591,11,NULL,'Maglinao','Emieleth Joy','Callejo','F',2017,'2017-05-30'),(1592,5,NULL,'Makil','Flave ','Valdez','M',2017,'2017-05-30'),(1593,8,6,'Makil','Jerry John ','Millian','M',2017,'2017-05-30'),(1594,8,5,'Makil','Kris Keith ','Bunoan','M',2017,'2017-05-30'),(1595,1,NULL,'Managuey','James','Ngallawen','M',2017,'2017-05-30'),(1596,6,4,'Manganip','Meber ','Macyon','F',2017,'2017-05-30'),(1597,11,NULL,'Mangante','Vannie','Bugtong','F',2017,'2017-05-30'),(1598,8,6,'Mangay-ayam','Rommel ','Dom-ayan','M',2017,'2017-05-30'),(1599,1,NULL,'Mangay-ayam','Cheverly','Raquel','M',2017,'2017-05-30'),(1600,6,7,'Manlapas','Sherrie Lyn ','Justo ','F',2017,'2017-05-30'),(1601,6,4,'Manzano','Rowena','Gamboa','F',2017,'2017-05-30'),(1602,6,1,'Manzano','Joylyn ','Etrata ','F',2017,'2017-05-30'),(1603,8,6,'Manzano','Arianna Kazandra ','Quidangen','F',2017,'2017-05-30'),(1604,8,6,'Manzano','Dianne Joy       ','Pre','F',2017,'2017-05-30'),(1605,8,5,'Manzano','Lea Mae ','Galao','F',2017,'2017-05-30'),(1606,1,NULL,'Manzano','Clyde','Belo','M',2017,'2017-05-30'),(1607,14,NULL,'Manzano','Monique ','Salacyaw','F',2017,'2017-05-30'),(1608,10,NULL,'Manzano','Leizel','Garinggo','F',2017,'2017-05-30'),(1609,5,NULL,'Maranion','Anna Monica ','Rapada','F',2017,'2017-05-30'),(1610,8,6,'Marcelo','Daryl Owen             ','','M',2017,'2017-05-30'),(1611,3,NULL,'Marcos','Roxanne ','Barawed','F',2017,'2017-05-30'),(1612,5,NULL,'Mariano','Nathaniel ','Pickley','M',2017,'2017-05-30'),(1613,6,7,'Marquez','Luis Anthony ','Aglibot ','M',2017,'2017-05-30'),(1614,5,NULL,'Marquez','Maricel ','Llorca','F',2017,'2017-05-30'),(1615,8,6,'Marquez','Camela ','Llorca','F',2017,'2017-05-30'),(1616,1,NULL,'Marquez','Dindi Bryce','Big-Asan','F',2017,'2017-05-30'),(1617,12,NULL,'Marte','Emera','Baturi','F',2017,'2017-05-30'),(1618,1,NULL,'Martin','Edilberto','Ortilla','M',2017,'2017-05-30'),(1619,8,6,'Martinez','Rayzl ','Baldevicio','F',2017,'2017-05-30'),(1620,1,NULL,'Martinez','Carlo','Amiano','M',2017,'2017-05-30'),(1621,11,NULL,'Martinez','Maricel ','Millian','F',2017,'2016-12-11'),(1622,1,NULL,'Matbagan','Ria Grace','Matoque','F',2017,'2016-12-11'),(1623,8,5,'Mati','Regina Joy ','Galaites','F',2017,'2017-05-30'),(1624,6,1,'Matias','Madelaina ','Abaya','F',2017,'2016-07-25'),(1625,3,NULL,'Mationg','Maridel ','Alcantara','F',2017,'2017-05-30'),(1626,11,NULL,'Mayores','Romart','','M',2017,'2017-05-30'),(1627,1,NULL,'Medrano','Meli Ann','Ruiz','F',2017,'2017-05-30'),(1628,11,NULL,'Medrano','Angielic Melody','Ruiz','F',2017,'2017-05-30'),(1629,8,6,'Mendoza','Christian Rey ','Figer','M',2017,'2017-05-30'),(1630,8,6,'Meneses','Lorieluz ','Abadayan','F',2017,'2017-05-30'),(1631,6,7,'Molina','Reneboy ','Jimenez','M',2017,'2017-05-30'),(1632,8,5,'Montellano','Alexander ','Sanchez','M',2017,'2017-05-30'),(1633,8,6,'Morales','Jordell ','Ballocanag','M',2017,'2017-05-30'),(1634,1,NULL,'Moriente','Jonalyn','Valdez','F',2017,'2017-05-30'),(1635,11,NULL,'Murillo','Judy Ann','Panggayan','F',2017,'2017-05-30'),(1636,5,NULL,'Naungayan','Karen ','Lacerna','F',2017,'2017-05-30'),(1637,8,6,'Naungayan','Jademark ','Del Rosario','M',2017,'2017-05-30'),(1638,5,NULL,'Navarro','Naicelene ','Valdez','F',2017,'2017-05-30'),(1639,14,NULL,'Noto','Jennylyn ','Cotaoi','F',2017,'2017-05-30'),(1640,6,1,'Nuyles','Vanessa ','Ballocanag ','F',2017,'2017-05-30'),(1641,13,NULL,'Obrero','Kenneth','Dela Cruz','M',2017,'2017-05-30'),(1642,6,7,'Olbinado','Karyll ','Garnace ','F',2017,'2017-05-30'),(1643,8,6,'Ordoñez','Jannelle ','Cruz','F',2017,'2017-05-30'),(1644,8,5,'Ordoñez','Mharjoe ','Pineda','F',2017,'2017-05-30'),(1645,14,NULL,'Oria','Jezreel Mae ','Galapon','F',2017,'2017-05-30'),(1646,1,NULL,'Orio','Aileen','Laureta','F',2017,'2017-05-30'),(1647,9,NULL,'Pacursa','Marimar ','Cadis','F',2017,'2017-05-30'),(1648,1,NULL,'Padaco','Marie','Bellon','F',2017,'2017-05-30'),(1649,4,NULL,'Paddil','Gerry Jr. ','Racusa','M',2017,'2017-05-30'),(1650,8,5,'Padsing','Lemar ','Libliben','M',2017,'2017-05-30'),(1651,3,NULL,'Pagaduan','Margie ','Echalar','F',2017,'2017-05-30'),(1652,14,NULL,'Paguia','Marc Lister ','Afalla','M',2017,'2017-05-30'),(1653,8,6,'Palacio','Joan ','Barreto','F',2017,'2017-05-30'),(1654,14,NULL,'Palad','April Joy ','Pendaden','F',2017,'2017-05-30'),(1655,5,NULL,'Paloay','Sunshine ','Delan','F',2017,'2017-05-30'),(1656,8,5,'Palulan','Jomelyn ','Daguasi','F',2017,'2017-05-30'),(1657,8,5,'Panao','Jessebel ','Baguilod','F',2017,'2017-05-30'),(1658,3,NULL,'Paringit','Jennyvive ','Barba','F',2017,'2017-05-30'),(1659,5,NULL,'Pascua','Fatima Jhay ','Maris','F',2017,'2017-05-30'),(1660,4,NULL,'Pascua','Cherry Bell ','Deocaris','F',2017,'2017-05-30'),(1661,4,NULL,'Pascua','Sheika Carl ','Bongay','F',2017,'2017-05-30'),(1662,8,6,'Pascua','Sharmaine ','Santos','F',2017,'2017-05-30'),(1663,8,5,'Pascua','Alice ','Cortez','F',2017,'2017-05-30'),(1664,8,5,'Pascua','Jocelyn ','Espanto','F',2017,'2017-05-30'),(1665,8,5,'Pascua','John Rey ','Galomato','M',2017,'2017-05-30'),(1666,8,5,'Pascua','Kristine Joy','','F',2017,'2017-05-30'),(1667,9,NULL,'Pascua','Lovely Anne','Gambala','F',2017,'2017-05-30'),(1668,14,NULL,'Pascua','Alona ','Molina','F',2017,'2017-05-30'),(1669,11,NULL,'Pasion','Jonalyn','Galdones','F',2017,'2017-05-30'),(1670,10,NULL,'Passi','Jomelene','Adepin','F',2017,'2017-05-30'),(1671,1,NULL,'Paungan','Kerry','Abadayan','F',2017,'2017-05-30'),(1672,11,NULL,'Peralta','Maria Kristine','Albuera','F',2017,'2017-05-30'),(1673,11,NULL,'Permejo ','Lhenylyn','Mendros','F',2017,'2017-05-30'),(1674,13,NULL,'Permejo ','Lhenylyn','Mendros','F',2017,'2016-07-25'),(1675,8,6,'Pilor','Shayne ','Valdez','F',2017,'2016-12-11'),(1676,5,NULL,'Pimentel','Gabriela ','Haboc','F',2017,'2017-05-30'),(1677,8,6,'Pimentel','Roseda ','Grad','F',2017,'2017-05-30'),(1678,1,NULL,'Pimentel','Kathrina','Liberato','F',2017,'2016-12-11'),(1679,5,NULL,'Pisawen','Melissa ','Bikesan','F',2017,'2017-05-30'),(1680,6,7,'Polonio','Mery-nol ','Rebuca ','F',2017,'2017-05-30'),(1681,6,3,'Ponce','John William ','Bulalague','M',2017,'2017-05-30'),(1682,10,NULL,'Purugganan','Kimberly','Gabayan','F',2017,'2017-05-30'),(1683,1,NULL,'Quanguey','Leo','Bomogao','M',2017,'2017-05-30'),(1684,6,4,'Quiabang','Elena','Cadongonan ','F',2017,'2017-05-30'),(1685,13,NULL,'Quilang','Rhejenn','Luis','F',2017,'2017-05-30'),(1686,5,NULL,'Rabago','Jeah ','Acosta','F',2017,'2017-05-30'),(1687,6,1,'Rabang','Germeline ','Laus','F',2017,'2017-05-30'),(1688,8,6,'Rabang','Andrew ','Fabros','M',2017,'2017-05-30'),(1689,5,NULL,'Rabara','Axcel ','Cabuenas','M',2017,'2017-05-30'),(1690,8,6,'Racuya','Jalyssa ','Nuesca','F',2017,'2017-05-30'),(1691,1,NULL,'Rafanan','Christian','Refuezo','M',2017,'2016-12-11'),(1692,11,NULL,'Rafanan','Nordy','Escobar','M',2017,'2017-05-30'),(1693,11,NULL,'Rafanan','Abigail','Buenaventura','F',2017,'2017-05-30'),(1694,11,NULL,'Ragadio','Nicah','','F',2017,'2017-05-30'),(1695,5,NULL,'Ragasa','Daisy ','Ragadi','F',2017,'2017-05-30'),(1696,4,NULL,'Ragasa','Maricel ','Rabbon','F',2017,'2017-05-30'),(1697,1,NULL,'Ramirez','Karen','Naungayan','F',2017,'2017-05-30'),(1698,13,NULL,'Ramirez','Jazlyn','Racca','F',2017,'2017-05-30'),(1699,5,NULL,'Ramos','Remalyn ','Abina','F',2017,'2017-05-30'),(1700,8,6,'Ramos','Glaiza ','Gacusan','F',2017,'2017-05-30'),(1701,11,NULL,'Ramos','Rustom','Habon','M',2017,'2017-05-30'),(1702,8,5,'Rapanut','Geraldine ','Raboy','F',2017,'2017-05-30'),(1703,8,6,'Raquepo','Mark Jherson ','Molina','M',2017,'2017-05-30'),(1704,6,7,'Raras','Venus ','Torres','F',2017,'2017-05-30'),(1705,5,NULL,'Razonable','Aprilene Grace ','Puyales','F',2017,'2017-05-30'),(1706,14,NULL,'Rebellon','Clarissa ','Anagaran','F',2017,'2017-05-30'),(1707,8,5,'Reboca','Jenny Rose ','Acutan','F',2017,'2017-05-30'),(1708,6,7,'Rebollido','Angelo','','M',2017,'2017-05-30'),(1709,1,NULL,'Reintegrado','Ronnie','Galangco','M',2017,'2017-05-30'),(1710,11,NULL,'Resurreccion','Joan','Paredes','F',2017,'2017-05-30'),(1711,5,NULL,'Reyes','Julienne ','Buenavista','F',2017,'2017-05-30'),(1712,4,NULL,'Reyes','Randell Seth ','Bennagen','M',2017,'2017-05-30'),(1713,6,7,'Ricarze','Christian Rey ','Raga','M',2017,'2016-12-11'),(1714,5,NULL,'Ricarze','April Ann ','Baron','F',2017,'2017-05-30'),(1715,13,NULL,'Rigor','Ronnalyn May','Carbonell','F',2017,'2017-05-30'),(1716,13,NULL,'Riñen','April Jamie','Marquez','F',2017,'2017-05-30'),(1717,8,6,'Rivera','Aileen ','Camaclang','F',2017,'2017-05-30'),(1718,8,6,'Rivera','Maria Concepcion ','Calanno','F',2017,'2017-05-30'),(1719,3,NULL,'Rivera','Caren ','Divina','F',2017,'2017-05-30'),(1720,13,NULL,'Rivera','Reden','Pascua','M',2017,'2017-05-30'),(1721,9,NULL,'Roldan','Aiza','Taqueban ','F',2017,'2016-12-11'),(1722,3,NULL,'Roldan','Geraldine','Cam-ani','F',2017,'2016-12-11'),(1723,1,NULL,'Roldan','Resty','Capulong','M',2017,'2017-05-30'),(1724,8,5,'Rondaris','Kaye ','Soliven','F',2017,'2017-05-30'),(1725,5,NULL,'Rongalerios','Cherry Ann ','Bragado','F',2017,'2017-05-30'),(1726,1,NULL,'Rosal','Arlene','Sibolboro','F',2017,'2017-05-30'),(1727,13,NULL,'Rous','Jennylyn','Rampa','F',2017,'2017-05-30'),(1728,5,NULL,'Sabado','Ciara Lou ','Dagullay','F',2017,'2017-05-30'),(1729,4,NULL,'Sabado','Christian Julius ','Halagao','M',2017,'2017-05-30'),(1730,8,5,'Sacayanan','Ma. Lolita Isabel ','Jose','F',2017,'2017-05-30'),(1731,3,NULL,'Sagao','Gloria Abegail ','','F',2017,'2017-05-30'),(1732,12,NULL,'Sagorsor','Joyada','Pamayan','F',2017,'2017-05-30'),(1733,6,2,'Sagun','Joanna ','Misalang ','F',2017,'2017-05-30'),(1734,8,6,'Saliquet','Lito Jr. ','Bastian','M',2017,'2017-05-30'),(1735,5,NULL,'Sanchez','Rea ','Saavedra','F',2017,'2017-05-30'),(1736,8,6,'Sanchez','Marjorie ','Salvio','F',2017,'2017-05-30'),(1737,8,6,'Sanchez','Roderei Jan ','Baroma','M',2017,'2017-05-30'),(1738,11,NULL,'Sanchez','Precila','Garnace','F',2017,'2017-05-30'),(1739,6,7,'Santos','Perla Elizabeth ','Haban ','F',2017,'2017-05-30'),(1740,5,NULL,'Santos ','Shermaine ','Espanto','F',2017,'2016-12-11'),(1741,8,6,'Saripada','Abdul Hamid ','Dayday','M',2017,'2017-05-30'),(1742,5,NULL,'Sarmiento','Elizabeth ','Abluyan','F',2017,'2016-12-11'),(1743,8,5,'Sebastian','Mary Joy ','Leonardo','F',2017,'2017-05-30'),(1744,4,NULL,'Serreno','Gemary ','Cortez','F',2017,'2017-05-30'),(1745,5,NULL,'Servillo','Alpha ','Ganiban','F',2017,'2017-05-30'),(1746,9,NULL,'Sipin','Randolph Jr.','Ragasa','M',2017,'2017-05-30'),(1747,11,NULL,'Sipin','Shen-lyn','Delos Santos','F',2017,'2017-05-30'),(1748,1,NULL,'Socias','Ronnell Wesley','Soliven','M',2017,'2017-05-30'),(1749,9,NULL,'Soliven','Lailanie','Sison','F',2017,'2017-05-30'),(1750,3,NULL,'Soliven','Rowel ','Toquero','M',2017,'2017-05-30'),(1751,14,NULL,'Soriao','Rhea Mae ','Tusi','F',2017,'2017-05-30'),(1752,1,NULL,'Sotio','Rose','Icio','F',2017,'2017-05-30'),(1753,1,NULL,'Suarez','Aljon','Marcos','M',2017,'2017-05-30'),(1754,8,5,'Sudario','Micah ','Tabayay','F',2017,'2017-05-30'),(1755,12,NULL,'Sumakiab','May ','Gadigad','F',2017,'2017-05-30'),(1756,4,NULL,'Sunga','Jasmin ','Aglibut','F',2017,'2017-05-30'),(1757,8,6,'Supnet','Gerald ','Cordova','M',2017,'2017-05-30'),(1758,8,6,'Suyat','Jayson ','Dagusen','M',2017,'2016-05-16'),(1759,9,NULL,'Tabangcura','Jenifer ','Andres','F',2017,'2017-05-30'),(1760,5,NULL,'Tabon','Robilyn ','Cultong','F',2017,'2017-05-30'),(1761,6,4,'Tacderas','Juan Diego','','M',2017,'2017-05-30'),(1762,6,1,'Tadeja','Julie Anne ','Cadag ','F',2017,'2017-05-30'),(1763,5,NULL,'Tajonera','Christine Joy ','Licsi','F',2017,'2017-05-30'),(1764,13,NULL,'Tamayo','Rhealyn','Eupalao','F',2017,'2017-05-30'),(1765,14,NULL,'Taqueban','Maricar ','Acosta','F',2017,'2017-05-30'),(1766,12,NULL,'Tasani','Jude Ann','Ancornado','F',2017,'2017-05-30'),(1767,8,5,'Taylan','Von Marelle ','Ramirez','M',2017,'2017-05-30'),(1768,1,NULL,'Taylan','Vizwanathan','Ramirez','M',2017,'2017-05-30'),(1769,1,NULL,'Tejada','Gemarie','Ellorin','F',2017,'2017-05-30'),(1770,11,NULL,'Tejada','Mia Hanieneth','Velasco','F',2017,'2017-05-30'),(1771,11,NULL,'Tejada','Ronalyn','Almoza','F',2017,'2017-05-30'),(1772,4,NULL,'Tenorio','Lady Walter ','Batin','F',2017,'2017-05-30'),(1773,4,NULL,'Teo','Ron Alphonse ','Nartatez','M',2017,'2017-05-30'),(1774,8,6,'Teves','Abigail ','Benitez','F',2017,'2017-05-30'),(1775,4,NULL,'Tobias','Queen Ann ','Abliter','F',2017,'2017-05-30'),(1776,12,NULL,'Tomacdang','George Bong','Langoey','M',2017,'2017-05-30'),(1777,8,6,'Tome','Precious Fritz ','Pingawan','F',2017,'2017-05-30'),(1778,8,6,'Toquero','Ma. Teresa ','Valdez','F',2017,'2017-05-30'),(1779,1,NULL,'Toquero','Rodel','Valdez','M',2017,'2017-05-30'),(1780,1,NULL,'Toquero','Nemar','Bicasan','F',2017,'2017-05-30'),(1781,11,NULL,'Toquero','Laarnie','','F',2017,'2017-05-30'),(1782,8,6,'Torres','Regina ','Garnace','F',2017,'2016-05-16'),(1783,5,NULL,'Tumacdang ','Ritchelle Kae ','','F',2017,'2016-12-11'),(1784,6,7,'Tupasi',' Maria Leann Maye ','Feraldo ','F',2017,'2017-05-30'),(1785,8,6,'Tupasi','Judy Ann ','Gacilos','F',2017,'2017-05-30'),(1786,8,5,'Tutica','Mark Alfred ','Palacol','M',2017,'2017-05-30'),(1787,8,6,'Uy','Vivian','','F',2017,'2017-05-30'),(1788,5,NULL,'Valdez','Rowena Mae ','Padillon','F',2017,'2017-05-30'),(1789,4,NULL,'Valdez','Krizaldy ','Cu','M',2017,'2017-05-30'),(1790,8,6,'Valdez','Arllaine ','Mallari','F',2017,'2017-05-30'),(1791,8,6,'Valdez','Arnelita ','Galinato','F',2017,'2017-05-30'),(1792,8,6,'Valdez','May Flor ','Galleta','F',2017,'2017-05-30'),(1793,8,6,'Valdez','Michael Dennis ','Gadiaza','M',2017,'2017-05-30'),(1794,8,6,'Valdez','Ryan ','Galinato','M',2017,'2017-05-30'),(1795,8,5,'Valdez','Charlie ','Taoagoen','M',2017,'2017-05-30'),(1796,9,NULL,'Valdez','Roxan ','Foronda','F',2017,'2017-05-30'),(1797,14,NULL,'Valdez','Fatima ','Pacis','F',2017,'2017-05-30'),(1798,10,NULL,'Valdez','Rowena','Pasian','F',2017,'2017-05-30'),(1799,11,NULL,'Valdez','Estefania','Dapig','F',2017,'2017-05-30'),(1800,11,NULL,'Valdez','Sinamar','Cabangcala','F',2017,'2017-05-30'),(1801,11,NULL,'Valdez','Edison','Inigo','M',2017,'2017-05-30'),(1802,8,6,'Valera','Jessa Mae ','Agullana','F',2017,'2017-05-30'),(1803,8,6,'Velasco','Marianne Joy ','Flores','F',2017,'2017-05-30'),(1804,9,NULL,'Velasco','Ma. Angelica','Marquez','F',2017,'2017-05-30'),(1805,11,NULL,'Velasco','Beverly','Marquez','F',2017,'2017-05-30'),(1806,11,NULL,'Velasco','Jean Marie','Aguto','F',2017,'2017-05-30'),(1807,5,NULL,'Ventura','Kreenah Gay ','Tiw-adan','F',2017,'2017-05-30'),(1808,8,6,'Viernes','Jay-ar ','Galela','M',2017,'2017-05-30'),(1809,8,5,'Viernes','Geraldine ','Buc-ong','F',2017,'2017-05-30'),(1810,12,NULL,'Viernes','Melvin','Carganilla','M',2017,'2017-05-30'),(1811,8,5,'Vilar','Joanne ','Tamayo','F',2017,'2017-05-30'),(1812,12,NULL,'Villalobos','Mary Ann ','Agaloos','F',2017,'2017-05-30'),(1813,6,3,'Villanueva','Zj','Gadut ','M',2017,'2017-05-30'),(1814,8,5,'Villanueva','Jamaica ','Tanglib','F',2017,'2017-05-30'),(1815,5,NULL,'Vilog','Mariele ','Haban','F',2017,'2017-05-30'),(1816,8,6,'Vilog','Jaramie ','Astrero','F',2017,'2017-05-30'),(1817,13,NULL,'Vilog','Princess Mae','Haduca','F',2017,'2017-05-30'),(1818,13,NULL,'Vilog  ','Gellie An','','F',2017,'2017-05-30'),(1819,1,NULL,'Vilway','Jezra','Nacion','M',2017,'2017-05-30'),(1820,5,NULL,'Virtud','Christine Joy ','Cablay','F',2017,'2017-05-30'),(1821,5,NULL,'Vivencio','Pamela Diane ','Gambon','F',2017,'2016-12-11'),(1822,11,NULL,'Vuelta','Mary Joy','Ramirez','F',2017,'2016-12-11'),(1823,1,NULL,'Wagayen','Jayson','Colbengan','M',2017,'2017-05-30'),(1824,8,5,'Yague','Rolando Jr.','Palacol','M',2017,'2017-05-30'),(1825,5,NULL,'Yulo','Jonalyn ','Gacayan','F',2017,'2017-05-30'),(1827,1,NULL,'Abando','Keith Cruz','Cruz','M',2018,'2018-05-30'),(1828,4,NULL,'Abaño','Catherine','Bravo','F',2018,'2018-05-30'),(1829,3,NULL,'Abaya','Franklin','Peralta','M',2018,'2018-05-30'),(1830,6,2,'Ablan','Jacquelyn ','Fajardo','F',2018,'2018-05-30'),(1831,4,NULL,'Abon','Sharmaine ','Abad','F',2018,'2018-05-30'),(1832,2,NULL,'Abrero','Ma. Katrina Frances ','Cortez ','F',2018,'2018-05-30'),(1833,4,NULL,'Abria','Carlito','Galdones','M',2018,'2018-05-30'),(1834,12,NULL,'Acerden','Bernabe','Racuya','M',2018,'2018-05-30'),(1835,4,NULL,'Acosta','Dionisio Jr.','Molina','M',2018,'2018-05-30'),(1836,4,NULL,'Acosta','Myra','Agader','F',2018,'2018-05-30'),(1837,2,NULL,'Agapito','Glenford ','Pascua','M',2018,'2018-05-30'),(1838,5,NULL,'Aglibut',' Mart Ryan ','Omega ','M',2018,'2018-05-30'),(1839,3,NULL,'Agpawa','Elaine Grace','Valdez','F',2018,'2018-05-30'),(1840,6,7,'Agrisola','Alex Jr.','Virocel','M',2018,'2018-05-30'),(1841,3,NULL,'Agrisola','Jennara','','F',2018,'2018-05-30'),(1842,3,NULL,'Aguas','Marlou','Pasamonte','M',2018,'2018-05-30'),(1843,3,NULL,'Aguas','Micah ','Pasamonte','F',2018,'2018-05-30'),(1844,4,NULL,'Aguiran','Zander','Bennagen','M',2018,'2018-05-30'),(1845,1,NULL,'Aguirre','Galahad Percival ','Perez','M',2018,'2018-05-30'),(1846,14,NULL,'Agustin','Janina Rose ','Reymundo ','F',2018,'2018-05-30'),(1847,5,NULL,'Alay-ay','Joan ','Habon ','F',2018,'2018-05-30'),(1848,5,NULL,'Alay-ay','Mark Jordan ','Pang-ot ','M',2018,'2018-05-30'),(1849,6,3,'Alcaide','Trisha Lyn ','Manzano','F',2018,'2018-05-30'),(1850,4,NULL,'Alcantara','Jinky','Valdez','F',2018,'2018-05-30'),(1851,8,5,'Alcantara','Glydel ','Teofilo ','F',2018,'2018-05-30'),(1852,14,NULL,'Alcantara','Angelica ','Valdez ','F',2018,'2018-05-30'),(1853,8,5,'Alejandrino','Dee Scott ','Balaque ','M',2018,'2018-05-30'),(1854,3,NULL,'Almazan','Reychel ','Garcia','F',2018,'2018-05-30'),(1855,4,NULL,'Almoite','Tee Jay','R','M',2018,'2018-05-30'),(1856,10,NULL,'Alnas ',' Rio Jade ','Biligan','F',2018,'2018-05-30'),(1857,12,NULL,'Altura','Vivian Rose','Galleta','F',2018,'2018-05-30'),(1858,9,NULL,'Alvarado','Vivian ','Galleta','F',2018,'2018-05-30'),(1859,8,5,'Alviento','Precious ','Hamor ','F',2018,'2017-12-18'),(1860,10,NULL,'Ammang',' Via Faye ','Lagasan','F',2018,'2018-05-30'),(1861,1,NULL,'Andal','Arnold ','Fontanilla','M',2018,'2018-05-30'),(1862,1,NULL,'Andallo','Jeffrey','Molina','M',2018,'2018-05-30'),(1863,4,NULL,'Anga-Angan','Richard','Riton','M',2018,'2018-05-30'),(1864,3,NULL,'Anga-angan','Harlene','Dela Cruz','F',2018,'2018-05-30'),(1865,4,NULL,'Angala','Diana','Moreno','F',2018,'2018-05-30'),(1866,4,NULL,'Angala','Nicole Grace','','F',2018,'2018-05-30'),(1867,6,2,'Angala','Noel ','Fabia ','M',2018,'2018-05-30'),(1868,1,NULL,'Annaguey','Ferdie Gregg','Garcia','M',2018,'2018-05-30'),(1869,6,1,'Antalan','Hazel ','Gadingan','F',2018,'2017-07-24'),(1870,8,5,'Antolin','Benedick','Directo ','M',2018,'2018-05-30'),(1871,6,3,'Antonio','Hazel Mae ','Gravilez','F',2018,'2018-05-30'),(1872,4,NULL,'Aplaca','John Mhark','Alforte','M',2018,'2018-05-30'),(1873,6,7,'Apostol','Julius ','Fresnido','M',2018,'2018-05-30'),(1874,12,NULL,'Aquino','Jeramae','Jecosalem','F',2018,'2018-05-30'),(1875,13,NULL,'Aquino','Noraine ','Cabello','F',2018,'2018-05-30'),(1876,13,NULL,'Arca',' Ronalyn','Bocboc','F',2018,'2018-05-30'),(1877,3,NULL,'Arcega','Leo Roman','Tan','M',2018,'2018-05-30'),(1878,6,1,'Arquero','Marjorie','Collado','F',2018,'2018-05-30'),(1879,8,6,'Arreola','Lovely Christine ','Dato','F',2018,'2018-05-30'),(1880,4,NULL,'Asaja','Claudia','Moreno','F',2018,'2018-05-30'),(1881,4,NULL,'Astocia','Jolly Ann','Figuracion','F',2018,'2018-05-30'),(1882,8,6,'Astrero',' Mary May ','Panilo','F',2018,'2018-05-30'),(1883,1,NULL,'Astrero','Edward ','Valdez','M',2018,'2018-05-30'),(1884,13,NULL,'Asuela','Jovy Lyn ','Semilla','F',2018,'2018-05-30'),(1885,3,NULL,'Azur','Jenica ','Polvorosa','F',2018,'2018-05-30'),(1886,13,NULL,'Baclao',' Elsie ','Heraña','F',2018,'2018-05-30'),(1887,1,NULL,'Bacuteng','Eldominic','Dabacos','M',2018,'2018-05-30'),(1888,2,NULL,'Bagaoi','Jordan ','Pascua ','M',2018,'2018-05-30'),(1889,4,NULL,'Bagnet','Aime ','Gapay','F',2018,'2018-05-30'),(1890,6,1,'Bagsangi','Evelyn ','Galutera','F',2018,'2018-05-30'),(1891,9,NULL,'Baguioen','Lara Mae ','Sagay','F',2018,'2018-05-30'),(1892,1,NULL,'Baguyos','Bryan Joe ','Waay','M',2018,'2018-05-30'),(1893,5,NULL,'Balan-eg','Kizzy Jane ','Ligligen ','F',2018,'2018-05-30'),(1894,1,NULL,'Balao','Rafael','Calipara','M',2018,'2018-05-30'),(1895,4,NULL,'Balaqui ','Isagani Jr.','Jamandre','M',2018,'2018-05-30'),(1896,13,NULL,'Balawen','Novimar ','Bellon','M',2018,'2018-05-30'),(1897,8,6,'Balbin',' Mia Precious ','Diaken','F',2018,'2018-05-30'),(1898,14,NULL,'Balingoay','Raquel ','Antonio ','F',2018,'2018-05-30'),(1899,1,NULL,'Baling-oay','Jim','Pordido','M',2018,'2018-05-30'),(1900,6,2,'Bal-iyang','Shirley ','Balbin','F',2018,'2018-05-30'),(1901,4,NULL,'Ballocanag','Joe-marie','Agbayani','M',2018,'2018-05-30'),(1902,4,NULL,'Ballocanag','Michael','Ramos','M',2018,'2018-05-30'),(1903,3,NULL,'Ballocanag','Abner','Saludar','M',2018,'2017-12-18'),(1904,1,NULL,'Ballocanag','Haidee','','F',2018,'2018-05-30'),(1905,6,1,'Ballocanag ','Janine Mariel','Ramirez','F',2018,'2018-05-30'),(1906,3,NULL,'Ballocanag.','Vherna May','Gagarin','F',2018,'2018-05-30'),(1907,1,NULL,'Banasan','Jayson','Joaquin','M',2018,'2017-07-24'),(1908,5,NULL,'Bang-asan','Joy ','Gamboa ','F',2018,'2018-05-30'),(1909,1,NULL,'Bang-asan','Rheymen','Col-long','M',2018,'2018-05-30'),(1910,6,4,'Banza','Orlan ','Hilario','',2018,'2017-12-18'),(1911,9,NULL,'Baptista','Sonny ','Peralta','M',2018,'2018-05-30'),(1912,12,NULL,'Bargas','Clifford David','Levina','M',2018,'2018-05-30'),(1913,6,3,'Barit','Carmela ','Habon','F',2018,'2018-05-30'),(1914,8,6,'Barit','Nichol ','Jacobe','F',2018,'2018-05-30'),(1915,3,NULL,'Barroga','Pamela Jane ','Rabena','F',2018,'2018-05-30'),(1916,10,NULL,'Batin','Jon Allan ','Domongdong','M',2018,'2018-05-30'),(1917,2,NULL,'Baylon','April Anne ','Alcantara ','F',2018,'2018-05-30'),(1918,4,NULL,'Belen','Bryan','Buaken','M',2018,'2018-05-30'),(1919,8,6,'Beleno','Therrie May ','Tomas','F',2018,'2017-12-18'),(1920,13,NULL,'Bernales','Angelita','Fabro','F',2018,'2018-05-30'),(1921,14,NULL,'Bey-as','Vangelyn ','Polides ','F',2018,'2018-05-30'),(1922,12,NULL,'Binas-o','Andrea Mae','Cabalar','F',2018,'2018-05-30'),(1923,1,NULL,'Binong','Ebenezer ','Garcia','M',2018,'2018-05-30'),(1924,1,NULL,'Blance','Alvin ','Reyes','M',2018,'2018-05-30'),(1925,13,NULL,'Bolin','Beverly ','Lunogan','F',2018,'2018-05-30'),(1926,4,NULL,'Brillo','Darrel','Garnace','F',2018,'2018-05-30'),(1927,13,NULL,'Briones','Rhealyn ','Lucido','F',2018,'2018-05-30'),(1928,11,NULL,'Budayao','Reiline Joy','','F',2018,'2018-05-30'),(1929,1,NULL,'Buenafe','Leemar Churls','Pascua','M',2018,'2018-05-30'),(1930,4,NULL,'Buenavista','Johnrick ','Ilacas','M',2018,'2018-05-30'),(1931,1,NULL,'Buenavista','Carl Janree','Patnaan','M',2018,'2018-05-30'),(1932,1,NULL,'Buenavista','Karl Jerick','De Guzman','M',2018,'2018-05-30'),(1933,8,6,'Bueno','Paul Benito M.','Martinez','M',2018,'2018-05-30'),(1934,3,NULL,'Buera','Kerene','Sunio','F',2018,'2018-05-30'),(1935,8,6,'Buquing','Renalyn ','Lat','F',2018,'2018-05-30'),(1936,14,NULL,'Cabacungan','Jennilha ','Teredanio ','F',2018,'2018-05-30'),(1937,10,NULL,'Cabaya','Jucel M','Manibloc','F',2018,'2018-05-30'),(1938,1,NULL,'Cabunoc','Miguel Anthony','Corrales','M',2018,'2018-05-30'),(1939,1,NULL,'Cadaoas','Brandon','Doña','M',2018,'2017-07-24'),(1940,4,NULL,'Cala','Aileen','Serrano','F',2018,'2018-05-30'),(1941,12,NULL,'Calindas','Maria Jennica ','Araquin','F',2018,'2018-05-30'),(1942,4,NULL,'Calixto','Roegin','Garayan','M',2018,'2018-05-30'),(1943,5,NULL,'Camero','Jennifer ','Garnace ','F',2018,'2018-05-30'),(1944,6,1,'Campilla','Marinel ','Ecolin','M',2018,'2018-05-30'),(1945,4,NULL,'Canonizado','Judea Ann','Drez','F',2018,'2018-05-30'),(1946,4,NULL,'Caoaing','Jesamiel','Balikid','F',2018,'2018-05-30'),(1947,10,NULL,'Carbo','Jonalyn ','Española','F',2018,'2018-05-30'),(1948,8,5,'Carbonel','Stephanie','Pascual ','F',2018,'2018-05-30'),(1949,4,NULL,'Cariño','Hilda Grace','Dangtayan.','F',2018,'2018-05-30'),(1950,10,NULL,'Carreon','Katrina ','Valdez','F',2018,'2018-05-30'),(1951,13,NULL,'Carreon','Keila Maris','Paneda','F',2018,'2018-05-30'),(1952,12,NULL,'Casamina','Raschell','Tejada','F',2018,'2018-05-30'),(1953,5,NULL,'Caslangen',' Mae Ann ','Cobre ','F',2018,'2018-05-30'),(1954,1,NULL,'Caslangen','Loida','Dalgo','F',2018,'2018-05-30'),(1955,9,NULL,'Castañeda','Diana Rose ','Gascon','F',2018,'2018-05-30'),(1956,4,NULL,'Castillo','Carmela Mae','Sanchez','F',2018,'2018-05-30'),(1957,6,1,'Castillo','Czarina ','Aba','F',2018,'2018-05-30'),(1958,12,NULL,'Castillo','Hazelyn','Castillo','F',2018,'2018-05-30'),(1959,1,NULL,'Catuday','Wency','Del Rosario','M',2018,'2018-05-30'),(1960,6,8,'Cavanes','Tricia ','Viduya ','F',2018,'2018-05-30'),(1961,4,NULL,'Cenezan','Sairamia','Fabros','F',2018,'2018-05-30'),(1962,4,NULL,'Choy-awen','Mark Jason','Garnace','M',2018,'2018-05-30'),(1963,1,NULL,'Chua ','Eddie Mar ','Elles','M',2018,'2018-05-30'),(1964,1,NULL,'Colina','Jefferson','Requizo','M',2018,'2018-05-30'),(1965,4,NULL,'Comedian','Jasmin Grace','Dalilis','F',2018,'2018-05-30'),(1966,6,2,'Compra ','Miechille','Duli ','F',2018,'2018-05-30'),(1967,14,NULL,'Conde','Mariel Klarizze ','Hermosa ','F',2018,'2018-05-30'),(1968,8,6,'Contaoi','Aljessa ','Cudiamat','F',2018,'2018-05-30'),(1969,4,NULL,'Cordial','Christian','Andrade','M',2018,'2018-05-30'),(1970,12,NULL,'Cordova','Carlo','Jimenez','M',2018,'2018-05-30'),(1971,1,NULL,'Cordova','Willy Jr.','Cuenca','M',2018,'2018-05-30'),(1972,4,NULL,'Cortado','Rose Ann ','Reyes','F',2018,'2018-05-30'),(1973,8,6,'Cortado','Jenylyn ','Valdez','F',2018,'2018-05-30'),(1974,8,5,'Cortado','Jason ','Galinato ','M',2018,'2018-05-30'),(1975,3,NULL,'Cortez','Dexter','Lavaro','M',2018,'2018-05-30'),(1976,9,NULL,'Cortez','Felicisima ','Ciervo','F',2018,'2018-05-30'),(1977,6,2,'Cortez ','Almira ','Valdez ','F',2018,'2018-05-30'),(1978,5,NULL,'Cosme','Manilyn ','Dulay ','F',2018,'2018-05-30'),(1979,13,NULL,'Cosning',' Erlyn ','Carillo','F',2018,'2018-05-30'),(1980,10,NULL,'Costelo','Kristine','','F',2018,'2018-05-30'),(1981,5,NULL,'Cuaresma','Desiree ','Limon ','F',2018,'2018-05-30'),(1982,14,NULL,'Cuaresma','Giselle ','Lapeña ','F',2018,'2018-05-30'),(1983,4,NULL,'Cudiamat','Rommel Jr.','Javonitalla','M',2018,'2018-05-30'),(1984,5,NULL,'Cudiamat','Arnold ','Basilio ','M',2018,'2017-12-18'),(1985,8,6,'Cudiamat','Lhe-ann ','Viernes ','F',2018,'2018-05-30'),(1986,10,NULL,'Cuenta','Moises','Acosta','M',2018,'2018-05-30'),(1987,8,6,'Cunanan','Sharon Joie','Gadut','F',2018,'2018-05-30'),(1988,6,7,'Custodio','Jocelyn ','Ambatang','F',2018,'2017-12-18'),(1989,10,NULL,'Custodio','Camille ','Gadingan','F',2018,'2018-05-30'),(1990,8,5,'Dagusen',' Rogelaine','Cabarlo ','F',2018,'2018-05-30'),(1991,14,NULL,'Daligdig','Janeth ','Lingbaoan ','F',2018,'2018-05-30'),(1992,10,NULL,'Danao ','Ronalyne ','Catubay','F',2018,'2018-05-30'),(1993,14,NULL,'Daoa','Merry Joy ','Guidawen ','F',2018,'2018-05-30'),(1994,1,NULL,'Dappit','John Syn','Toquero','M',2018,'2018-05-30'),(1995,3,NULL,'Dario','Norasol','Gari','F',2018,'2018-05-30'),(1996,8,5,'Dario  ','Mark Zeius','Arola ','M',2018,'2017-12-18'),(1997,4,NULL,'Dasmariñas','Joan Marie','','F',2018,'2018-05-30'),(1998,4,NULL,'Dayrit','Shadilyn','Olermo','F',2018,'2018-05-30'),(1999,8,5,'De Leon','Bryan Lester ','Balles','M',2018,'2018-05-30'),(2000,14,NULL,'Defiesta','Daisy ','Retreta ','F',2018,'2018-05-30'),(2001,4,NULL,'Del Rosario','Ivy ','Ballconag','F',2018,'2018-05-30'),(2002,4,NULL,'Del Rosario','Madelyn','Demetrio','F',2018,'2018-05-30'),(2003,6,7,'Dela Cruz','Alexis ','Manzano','M',2018,'2018-05-30'),(2004,6,2,'Dela Cruz','Carlo ','Guerero','M',2018,'2018-05-30'),(2005,5,NULL,'Dela Cruz','Jeniva ','Albento ','F',2018,'2018-05-30'),(2006,6,1,'Dela Peña','Nene ','Loberiano','F',2018,'2017-12-18'),(2007,6,8,'Dela Rosa','Mae Ann ','Valdez','F',2018,'2018-05-30'),(2008,1,NULL,'Dela Rosa','Glecie','Valdez','F',2018,'2018-05-30'),(2009,10,NULL,'Delos Reyes','Mae-ann ','Domingo','F',2018,'2018-05-30'),(2010,1,NULL,'Delos Santos','Teofilo ','Urbanes','M',2018,'2018-05-30'),(2011,14,NULL,'Delos Santos','Karen Mae ','Urbanes ','F',2018,'2018-05-30'),(2012,3,NULL,'Derije','Maybelin','Gaoat','F',2018,'2018-05-30'),(2013,4,NULL,'Diga','Rema','Segundo','F',2018,'2018-05-30'),(2014,3,NULL,'Dimas','Joseph','Danioan','M',2018,'2018-05-30'),(2015,1,NULL,'Divina','Jonnah May','Pulinday','F',2018,'2018-05-30'),(2016,8,6,'Dizon','Jinky ','Crisostomo','F',2018,'2018-05-30'),(2017,14,NULL,'Dolliente','Cathleen Shane ','Bajit ','F',2018,'2018-05-30'),(2018,8,6,'Domingo','Allan ','','M',2018,'2018-05-30'),(2019,6,7,'Dom-ogen','Vialyn ','Viernes','F',2018,'2018-05-30'),(2020,6,3,'Doria','Rodellen ','Alban ','F',2018,'2018-05-30'),(2021,4,NULL,'Doroni','Bea Rose','Ruiz','F',2018,'2018-05-30'),(2022,6,7,'Ducusin','Sonnette ','Bolin','M',2018,'2018-05-30'),(2023,2,NULL,'Dumag','Wesley ','Calibuso ','M',2018,'2018-05-30'),(2024,6,1,'Dumal-is','Gwen Amore','Castillo','M',2018,'2018-05-30'),(2025,4,NULL,'Dumsing','Mark Harvey','Julio','M',2018,'2018-05-30'),(2026,4,NULL,'Dumsing','Vea ann','Alimoot','F',2018,'2018-05-30'),(2027,5,NULL,'Dykee','Decely Joyce ','Morandante ','F',2018,'2018-05-30'),(2028,1,NULL,'Edeleon','Tom Jefferson','Garcia','M',2018,'2018-05-30'),(2029,8,5,'Elefante','Kristel Anne','Sipin ','F',2018,'2018-05-30'),(2030,12,NULL,'Ellaga','Reymund','Habab','M',2018,'2018-05-30'),(2031,9,NULL,'Empabido','Myla Grace','Fontilar','F',2018,'2018-05-30'),(2032,8,6,'Erece','Cherrie Mae ','Hagacer','F',2018,'2018-05-30'),(2033,4,NULL,'Esguerra','Christian Patrick','Inigo','M',2018,'2018-05-30'),(2034,14,NULL,'Esmeralda','Ailene ','Vidal','F',2018,'2018-05-30'),(2035,8,6,'Espanto','Alyssa ','Castañeda','F',2018,'2018-05-30'),(2036,2,NULL,'Espiritu','Princess Diane ','Fernandez ','F',2018,'2018-05-30'),(2037,11,NULL,'Espora','Meghan Angel ','Marquez','F',2018,'2018-05-30'),(2038,2,NULL,'Estabillo','Josephine ','Guarino ','F',2018,'2018-05-30'),(2039,3,NULL,'Esteras','Princess ','Pangayan','F',2018,'2018-05-30'),(2040,1,NULL,'Estrañero','May Rose','Nival','F',2018,'2018-05-30'),(2041,5,NULL,'Estrella','Karenjoy ','Balibal ','F',2018,'2018-05-30'),(2042,4,NULL,'Estreller','Jake ','Monden','M',2018,'2018-05-30'),(2043,5,NULL,'Etrata','Kristhine Joy ','Elefante ','F',2018,'2018-05-30'),(2044,5,NULL,'Eugenio','Rose ','Gagarin ','F',2018,'2018-05-30'),(2045,11,NULL,'Eugenio','Renante ','Halnas','M',2018,'2018-05-30'),(2046,8,6,'Eugenio ','Ian Jay ','Dela Cruz','M',2018,'2018-05-30'),(2047,8,6,'Europa','Joseph ','Villarmino','M',2018,'2018-05-30'),(2048,4,NULL,'Fabro','Ailene','Habungan','F',2018,'2018-05-30'),(2049,4,NULL,'Fabro','Jennalyn','Bagayao','F',2018,'2018-05-30'),(2050,1,NULL,'Fabro','Florence','Javonitalla','F',2018,'2018-05-30'),(2051,11,NULL,'Fabro','Rhozel','Pascua','F',2018,'2018-05-30'),(2052,2,NULL,'Fang','Rizalyn ','Bitao ','F',2018,'2018-05-30'),(2053,8,6,'Favo','Christian Angelo','','M',2018,'2018-05-30'),(2054,5,NULL,'Fernando',' Fatima Hazel ','Adrid ','F',2018,'2018-05-30'),(2055,4,NULL,'Fontanilla','Eden','Valois','F',2018,'2018-05-30'),(2056,5,NULL,'Foronda','Edlyn ','Francia ','F',2018,'2018-05-30'),(2057,4,NULL,'Franozo','Diana ','Tejada','F',2018,'2018-05-30'),(2058,10,NULL,'Gabatino','Marie ','Mifa','F',2018,'2018-05-30'),(2059,4,NULL,'Gabayan','Gerry','Ganado','M',2018,'2018-05-30'),(2060,3,NULL,'Gabayan','Kimberly','Dela Cruz','F',2018,'2018-05-30'),(2061,8,6,'Gabayan ',' Rachelle ','Ramos','F',2018,'2018-05-30'),(2062,10,NULL,'Gabor','Rochelle ','Apolonio','F',2018,'2018-05-30'),(2063,8,6,'Gaboy',' Marielle ','Galimba','F',2018,'2018-05-30'),(2064,9,NULL,'Gabuat','Dayanara ','Gacilos','F',2018,'2018-05-30'),(2065,14,NULL,'Gabuat','Dabbie ','Agrisola ','F',2018,'2018-05-30'),(2066,2,NULL,'Gabuyo',' Jenie Vie ','Del Rosario ','F',2018,'2018-05-30'),(2067,3,NULL,'Gacilos','Christopher ','Vilog','M',2018,'2018-05-30'),(2068,8,5,'Gacilos','Eunisa ','Rigor ','F',2018,'2018-05-30'),(2069,9,NULL,'Gacilos','Sunshine ','Valdez','F',2018,'2018-05-30'),(2070,2,NULL,'Gacuan',' Joanna Marie ','Ordoñez ','F',2018,'2018-05-30'),(2071,1,NULL,'Gacula','James RB','Carpentero','M',2018,'2018-05-30'),(2072,6,8,'Gacusan','Roselle ','Valdez','F',2018,'2018-05-30'),(2073,8,6,'Gacusan ','Charina ','Galleso','F',2018,'2018-05-30'),(2074,5,NULL,'Gacusana','Nerayle Mae ','Gagarin ','F',2018,'2018-05-30'),(2075,8,6,'Gacusana','Kristine Joy','Carasi','F',2018,'2017-07-24'),(2076,1,NULL,'Gacutan','Bermer','Castro','M',2018,'2018-05-30'),(2077,8,6,'Gadiano',' Princess ','Liporada','F',2018,'2018-05-30'),(2078,8,5,'Gadier','Kylie Dean ','Dela Peña ','F',2018,'2018-05-30'),(2079,8,5,'Gadier','Wenzy','Alviento ','F',2018,'2018-05-30'),(2080,13,NULL,'Gadier','Michael','Gadia','M',2018,'2018-05-30'),(2081,3,NULL,'Gadingan','Lea ','Arcalas','F',2018,'2018-05-30'),(2082,8,6,'Gadingan','Ronald','','M',2018,'2018-05-30'),(2083,1,NULL,'Gadut','Carmela Dawn ','Molina','F',2018,'2018-05-30'),(2084,11,NULL,'Gadut','Christine ','Del Rosario','F',2018,'2018-05-30'),(2085,6,3,'Gagabi ','Micah Jelean ','Pasic ','F',2018,'2018-05-30'),(2086,4,NULL,'Gagarin','Jefferson Ian','Ramirez','M',2018,'2018-05-30'),(2087,5,NULL,'Gagarin','Nizza ','Habab ','F',2018,'2018-05-30'),(2088,12,NULL,'Gagarin','Jerome','Pere','M',2018,'2018-05-30'),(2089,12,NULL,'Gagarin','Mark Jayson ','Arreola','M',2018,'2018-05-30'),(2090,1,NULL,'Gagarin','Glennford','Javier','M',2018,'2017-07-24'),(2091,4,NULL,'Gagto','Christian','De guzman','M',2018,'2018-05-30'),(2092,1,NULL,'Galacio','Jonh Rey','Diamos','M',2018,'2018-05-30'),(2093,8,5,'Galaites','Haidilyn','Pangonillo ','F',2018,'2018-05-30'),(2094,1,NULL,'Galanga','Virgilio Jr.','Garnace','M',2018,'2018-05-30'),(2095,4,NULL,'Galangco','Roxanne','Calingayan','F',2018,'2018-05-30'),(2096,4,NULL,'Galano','James Ian','Baeg','M',2018,'2018-05-30'),(2097,6,7,'Galanote','Honey Mhay ','Reyes','F',2018,'2018-05-30'),(2098,6,3,'Galanto','Monalisa ','Galdones ','F',2018,'2018-05-30'),(2099,5,NULL,'Galanto','Jenna Joy ','Galvan ','F',2018,'2018-05-30'),(2100,3,NULL,'Galapon','Janssen ','Mangay-ayam','M',2018,'2018-05-30'),(2101,4,NULL,'Galario','Angeli','Espinoza','F',2018,'2018-05-30'),(2102,4,NULL,'Galay','Femma','Gallarin','F',2018,'2018-05-30'),(2103,8,6,'Galcon','Diana Rose ','Gonzalo','F',2018,'2017-12-18'),(2104,6,8,'Galdones','Jay Lord ','Grabanzor','M',2018,'2018-05-30'),(2105,5,NULL,'Galdones','Trisea Jamiely ','Dela Cerna ','F',2018,'2018-05-30'),(2106,3,NULL,'Galdones','Maricel','Pascua','F',2018,'2018-05-30'),(2107,4,NULL,'Galdonez','Marc ','Gambon','M',2018,'2018-05-30'),(2108,8,6,'Galdonez','Sunshine','','F',2018,'2018-05-30'),(2109,3,NULL,'Galicia','Dianne','Acopido','F',2018,'2018-05-30'),(2110,8,6,'Galicinao','Charlyn ','Hafalla','F',2018,'2018-05-30'),(2111,4,NULL,'Galima','Cecille','Gapang','F',2018,'2018-05-30'),(2112,4,NULL,'Galima','Charles Diether ','Gacusana','M',2018,'2018-05-30'),(2113,5,NULL,'Galima',' Geniela ','Cariño ','F',2018,'2018-05-30'),(2114,4,NULL,'Galimba','Monica Andrea','Grayasin','F',2018,'2018-05-30'),(2115,8,5,'Galimba','Cecile','Andres ','F',2018,'2018-05-30'),(2116,4,NULL,'Galinato','Analyn','Gabon','F',2018,'2018-05-30'),(2117,8,5,'Galinato','Hazel ','Cudiamat ','F',2018,'2018-05-30'),(2118,5,NULL,'Gallardo','Alma ','Maninggan ','F',2018,'2018-05-30'),(2119,8,6,'Gallardo','Karl Angelo ','Castro','M',2018,'2018-05-30'),(2120,1,NULL,'Gallardo','Romabell ','Guevera','F',2018,'2018-05-30'),(2121,1,NULL,'Gallen','Jerson','Gallen','M',2018,'2018-05-30'),(2122,3,NULL,'Galleso','Dina','Daliquez','F',2018,'2018-05-30'),(2123,3,NULL,'Galleto','Jeffy ','Saulon','M',2018,'2018-05-30'),(2124,4,NULL,'Galodang','Jessie ','Gabayan','M',2018,'2018-05-30'),(2125,6,7,'Galuardo','Marisol ','Querubin','F',2018,'2018-05-30'),(2126,8,5,'Galus','Aprille','Velano ','F',2018,'2018-05-30'),(2127,5,NULL,'Galusan',' Brian ','Bandalog ','M',2018,'2018-05-30'),(2128,6,2,'Galut ','Carmela ','Valdez ','F',2018,'2018-05-30'),(2129,6,7,'Galuz','Rhoda ','Toquia','F',2018,'2018-05-30'),(2130,8,5,'Galvez','Hazel','Kakao','F',2018,'2017-07-24'),(2131,9,NULL,'Galzote','Aprilyn ','Viros','F',2018,'2018-05-30'),(2132,5,NULL,'Gamata','Eden Joy ','Gabatilan ','F',2018,'2018-05-30'),(2133,8,6,'Gamata',' Ma.Cristina ','Escobar','F',2018,'2018-05-30'),(2134,4,NULL,'Gamayen','Herby','Mecos','M',2018,'2018-05-30'),(2135,4,NULL,'Gamboa','Rommel ','Valdez','M',2018,'2018-05-30'),(2136,9,NULL,'Gambon',' Angelica ','Garnace','F',2018,'2018-05-30'),(2137,1,NULL,'Gambon','Prudencio Jr.','Orpilla','M',2018,'2018-05-30'),(2138,10,NULL,'Gamera','Joanna Marie','Tuzon','F',2018,'2018-05-30'),(2139,4,NULL,'Gamoso','Marielle ','Gamilde','F',2018,'2018-05-30'),(2140,6,7,'Gamoso','Geoner ','Baptista','M',2018,'2018-05-30'),(2141,1,NULL,'Gamoso','Ronnie','Manzano','M',2018,'2018-05-30'),(2142,4,NULL,'Gamueda','Beverly Joyce ','Gander','F',2018,'2018-05-30'),(2143,10,NULL,'Gamueda','Renalyn ','Del Rosario','F',2018,'2018-05-30'),(2144,4,NULL,'Ganado','Jonel','Pascua','M',2018,'2018-05-30'),(2145,12,NULL,'Ganado','Ariel','Sandaga','M',2018,'2018-05-30'),(2146,8,5,'Ganado','Haydee ','Masaoay ','F',2018,'2018-05-30'),(2147,4,NULL,'Gandalera','Geraldine','Del Rosario','F',2018,'2018-05-30'),(2148,6,3,'Gandalera','Erica ','Valdez','F',2018,'2018-05-30'),(2149,1,NULL,'Gandalera','Gleny May','Gallebo','F',2018,'2018-05-30'),(2150,4,NULL,'Gandol','Rogelyn','Gacusan','F',2018,'2018-05-30'),(2151,1,NULL,'Gandol','Paul Anthony','Ganabo','M',2018,'2018-05-30'),(2152,1,NULL,'Gañela','Mel','Ramos','M',2018,'2018-05-30'),(2153,6,1,'Ganigan','David','','M',2018,'2018-05-30'),(2154,8,6,'Gansobin','Marivic ','Blance','F',2018,'2018-05-30'),(2155,4,NULL,'Gaoat','Franchesca Denise','Aguilar','F',2018,'2018-05-30'),(2156,4,NULL,'Gaoat','Maricris','Fernandez','F',2018,'2018-05-30'),(2157,6,2,'Gaoat','Geraldine ','Ramos ','F',2018,'2018-05-30'),(2158,8,6,'Gapate','Flormina Joy ','Valdez','F',2018,'2018-05-30'),(2159,4,NULL,'Gapoy','Claire','Remolacio','M',2018,'2018-05-30'),(2160,1,NULL,'Garabiles','Ed Mark ','Garces','M',2018,'2018-05-30'),(2161,14,NULL,'Garces','Maricris ','Mangay-ayam ','F',2018,'2018-05-30'),(2162,1,NULL,'Garcia','Christian','Supnad','M',2018,'2018-05-30'),(2163,1,NULL,'Garcia','Christian ','Valdez','M',2018,'2018-05-30'),(2164,1,NULL,'Garcia','Marybless','Isauro','F',2018,'2018-05-30'),(2165,1,NULL,'Garcia','Rey Mark ','De Guzman','M',2018,'2018-05-30'),(2166,2,NULL,'Garcia',' Romalyn ','Brillo ','F',2018,'2018-05-30'),(2167,14,NULL,'Garcia',' Lemy ','Dial ','F',2018,'2018-05-30'),(2168,1,NULL,'Gari','Evelyn','Rabara','F',2018,'2018-05-30'),(2169,8,6,'Garidan','Romalyn ','Lipata','F',2018,'2018-05-30'),(2170,12,NULL,'Garinggo','Maria Antonette','Valdez','F',2018,'2018-05-30'),(2171,12,NULL,'Garnace','Judy Ann','Gaspar','F',2018,'2017-12-18'),(2172,3,NULL,'Garnace','Ruby Ann ','Gabris','F',2018,'2018-05-30'),(2173,1,NULL,'Garnace','Angela','Del Rosario','F',2018,'2018-05-30'),(2174,4,NULL,'Garnachea','Mariel','Valdez','F',2018,'2018-05-30'),(2175,4,NULL,'Garque','Lars Victor ','Galdonez','M',2018,'2018-05-30'),(2176,12,NULL,'Garringo','Rose Ann ','Sungaben','F',2018,'2017-12-18'),(2177,5,NULL,'Garrino','Venus ','Francisco ','F',2018,'2018-05-30'),(2178,3,NULL,'Garrino','Christine Joy ','Gasmen','F',2018,'2018-05-30'),(2179,9,NULL,'Gassil','Angelyn ','Cello','F',2018,'2018-05-30'),(2180,4,NULL,'Gat-eb','Jessa ','Alfario','F',2018,'2018-05-30'),(2181,4,NULL,'Gawaen','Lezelle','Waking','F',2018,'2018-05-30'),(2182,8,5,'Gawaen','Precious ','Bantew ','F',2018,'2018-05-30'),(2183,4,NULL,'German','Angelo ','Abigania','M',2018,'2018-05-30'),(2184,5,NULL,'Geronillo','Sherman Kyler ','Reclusado ','M',2018,'2018-05-30'),(2185,8,6,'Gines','Judielyn ','Villanueva','F',2018,'2018-05-30'),(2186,4,NULL,'Goker','Evren','Esmeralda','M',2018,'2018-05-30'),(2187,11,NULL,'Gomez','Marry Ann','Enaya','F',2018,'2018-05-30'),(2188,14,NULL,'Gomintong','Lalaine Jessica ','Javillonar ','F',2018,'2018-05-30'),(2189,1,NULL,'Gonzaga','Lorenz ','Cuenco','M',2018,'2018-05-30'),(2190,9,NULL,'Gonzales',' Krizelle ','Dawa','F',2018,'2018-05-30'),(2191,6,3,'Gonzalez ','Carol ','Palino ','F',2018,'2018-05-30'),(2192,3,NULL,'Gracia','Patricia Carmela','Mati','F',2018,'2018-05-30'),(2193,10,NULL,'Gray','Chris John ','Millan','M',2018,'2018-05-30'),(2194,2,NULL,'Guanzon',' Editha ','Jainar ','F',2018,'2018-05-30'),(2195,4,NULL,'Guardiana','Mark Angelo','Saldevar','M',2018,'2018-05-30'),(2196,5,NULL,'Guerrero',' Carissa Joyce ','Sabado ','F',2018,'2018-05-30'),(2197,1,NULL,'Guevarra','Abel','Javillonar','M',2018,'2018-05-30'),(2198,6,1,'Guiao','Mark Charlie ','Callitong','M',2018,'2018-05-30'),(2199,13,NULL,'Guilambo','Jessica Patti','Escobar','F',2018,'2018-05-30'),(2200,14,NULL,'Guising','Melody ','Pascua ','F',2018,'2018-05-30'),(2201,13,NULL,'Gundran','Yllen Grace','Ferrer','F',2018,'2018-05-30'),(2202,3,NULL,'Habab','Valeria','Boisa','F',2018,'2018-05-30'),(2203,5,NULL,'Haban','Pearl Ann ','Flores ','F',2018,'2018-05-30'),(2204,11,NULL,'Haban','Mary Grace','Viernes','F',2018,'2018-05-30'),(2205,13,NULL,'Haban','Julie Ann','Manzano','F',2018,'2018-05-30'),(2206,6,8,'Haber','Rosalia ','Gaoat','F',2018,'2018-05-30'),(2207,4,NULL,'Habitchuela','Loralyn','Diga','F',2018,'2018-05-30'),(2208,3,NULL,'Haboc','Mylene','Herlaban','F',2018,'2018-05-30'),(2209,11,NULL,'Haboc',' Honey May ','Balagtas','F',2018,'2018-05-30'),(2210,3,NULL,'Hachuela','Jolina ','Habon','F',2018,'2018-05-30'),(2211,5,NULL,'Hadap','Alfredo ','','M',2018,'2018-05-30'),(2212,8,6,'Hadap','Ivy Marice ','Alcaide','F',2018,'2018-05-30'),(2213,9,NULL,'Haduca','Rona Jane ','Lapitan','F',2018,'2018-05-30'),(2214,1,NULL,'Haduca','Mark Joseph','Aguilar','M',2018,'2018-05-30'),(2215,11,NULL,'Haduca','Sharlien ','Halunajan','F',2018,'2018-05-30'),(2216,6,2,'Hagad','Mycah ','Quitevis','F',2018,'2018-05-30'),(2217,14,NULL,'Hagoot','Angel Rose ','Agresor ','F',2018,'2018-05-30'),(2218,9,NULL,'Hailar','Citadel Nina ','Ruiz','F',2018,'2018-05-30'),(2219,11,NULL,'Halos','Maricon ','Alcayde','F',2018,'2018-05-30'),(2220,13,NULL,'Halunajan','Annie Gee','Viernes','F',2018,'2018-05-30'),(2221,5,NULL,'Herana','Aprille Joyce ','Leandro ','F',2018,'2018-05-30'),(2222,11,NULL,'Heraña','Karren ','Gonzales','F',2018,'2018-05-30'),(2223,6,3,'Hernaez','Kris May ','Manganaan ','F',2018,'2018-05-30'),(2224,8,5,'Hernandez','Clarisa ','Gallejo ','F',2018,'2018-05-30'),(2225,12,NULL,'Heruela','Ruth Marie','Mayor','F',2018,'2018-05-30'),(2226,8,5,'Hidalgo','Rommel Jr.','Brioso ','M',2018,'2018-05-30'),(2227,1,NULL,'Hipolito','Dabu ','Blas','M',2018,'2018-05-30'),(2228,6,7,'Ibañez','Jonna Wayne ','Solis','F',2018,'2018-05-30'),(2229,1,NULL,'Ibay','Eduard','Suda-I','M',2018,'2018-05-30'),(2230,1,NULL,'Ibe','Charlito ','Ramirez','M',2018,'2018-05-30'),(2231,4,NULL,'Ilagan','Gianfranco','Cortez','M',2018,'2018-05-30'),(2232,11,NULL,'Ilagan','Raizel Cyrille ','Aberquez','F',2018,'2018-05-30'),(2233,4,NULL,'Inigo','Pristine','Salon','F',2018,'2018-05-30'),(2234,9,NULL,'Inigo','Ivy','','F',2018,'2017-07-24'),(2235,8,5,'Islao','Abigail','Gacusana ','F',2018,'2018-05-30'),(2236,11,NULL,'Ison','Elaiza May ','Alipo-on','F',2018,'2018-05-30'),(2237,4,NULL,'Jacob','Arlene ','Ellorin','F',2018,'2018-05-30'),(2238,1,NULL,'Jadormeo','Ronnel','Madacio','M',2018,'2018-05-30'),(2239,9,NULL,'Jainar','Merry Jean ','Astrero','F',2018,'2018-05-30'),(2240,8,6,'Jallorina','Juliean ','Escala','F',2018,'2018-05-30'),(2241,1,NULL,'Jamandra','Niño Ryan','Susa','M',2018,'2018-05-30'),(2242,5,NULL,'Jandoc',' Judy Ann ','Pasion ','F',2018,'2017-12-18'),(2243,4,NULL,'Javillonar','Jayson Josh ','Jaquias','M',2018,'2018-05-30'),(2244,8,6,'Javillonar','Richard ','Apolonio','M',2018,'2018-05-30'),(2245,1,NULL,'Javinar','Jessica Marie ','Ruiz','F',2018,'2018-05-30'),(2246,4,NULL,'Javonillo','Francis','Zapanta','M',2018,'2018-05-30'),(2247,4,NULL,'Javonitalla','Ma. Lea','Leswe','F',2018,'2018-05-30'),(2248,11,NULL,'Javonitalla','May Ann ','Osorno','F',2018,'2018-05-30'),(2249,13,NULL,'Javonitalla',' Eumme ','Osorno','F',2018,'2018-05-30'),(2250,9,NULL,'Jimenez','Mercedes ','Calderon','F',2018,'2018-05-30'),(2251,9,NULL,'Jimenez','Cl Adam ','Gines','M',2018,'2017-12-18'),(2252,1,NULL,'Jimenez',' Rodel','Andaquig','M',2018,'2018-05-30'),(2253,4,NULL,'Jornacion','Rosielyn ','Contaoi','F',2018,'2018-05-30'),(2254,8,6,'Julio','Dejie Melle ','Guliman','F',2018,'2018-05-30'),(2255,5,NULL,'Junio','Melvin ','Astrero ','M',2018,'2018-05-30'),(2256,8,5,'Kaur','Amanpriet','','F',2018,'2018-05-30'),(2257,3,NULL,'Laagen','Lady May ','Galangey','F',2018,'2018-05-30'),(2258,8,5,'Labanar','Vhia','Berdon ','F',2018,'2018-05-30'),(2259,8,6,'Labordo','Ma.Angelica ','Gamoso','F',2018,'2018-05-30'),(2260,4,NULL,'Lacaden','Leah','Tome','F',2018,'2018-05-30'),(2261,3,NULL,'Lacaden','Glendel Grace','Asuegi','F',2018,'2018-05-30'),(2262,8,6,'Lacano','Lyka ','Gadier','F',2018,'2018-05-30'),(2263,4,NULL,'Lañada','Glaiza','Salac','F',2018,'2018-05-30'),(2264,6,3,'Laoat','Dexter Jason ','Callang','M',2018,'2018-05-30'),(2265,6,1,'Laoat','Kathleen ','Callang','F',2018,'2018-05-30'),(2266,8,5,'Las-igan','Jona','Manzano','F',2018,'2017-07-24'),(2267,2,NULL,'Latic','Marjorie ','Pati ','F',2018,'2018-05-30'),(2268,13,NULL,'Laude',' Jocelyn','Angelito','F',2018,'2018-05-30'),(2269,6,8,'Laureta','Anne Dominique ','Castro','F',2018,'2018-05-30'),(2270,12,NULL,'Laureta','Dominador Jr.','Castro','M',2018,'2018-05-30'),(2271,1,NULL,'Lauricio','Gerald','Ellaga','M',2018,'2018-05-30'),(2272,6,1,'Lavaro','Rhodelyn ','Navarro','F',2018,'2018-05-30'),(2273,5,NULL,'Lazo','Carissa ','Dela Cruz ','F',2018,'2018-05-30'),(2274,13,NULL,'Lazo','Madelyn','Pusayen','F',2018,'2018-05-30'),(2275,4,NULL,'Leaño','Kriszelle Mae','Ruiz','F',2018,'2018-05-30'),(2276,13,NULL,'Lebantino','Feljun ','Leoncio','M',2018,'2018-05-30'),(2277,6,7,'Libao','Marie Joy ','Domingo','F',2018,'2018-05-30'),(2278,8,6,'Licudine','Geraldine Mae ','Leonzon','F',2018,'2018-05-30'),(2279,2,NULL,'Lim','Nailyn Grace','Bisting ','F',2018,'2018-05-30'),(2280,1,NULL,'Limon','Jerry','Arciaga','M',2018,'2018-05-30'),(2281,8,5,'Llanes','Bearlin','Canon ','F',2018,'2018-05-30'),(2282,8,6,'Locquiao','Bernadette ','Domenden','F',2018,'2018-05-30'),(2283,4,NULL,'Lodivico','May Flor','Ellorin','F',2018,'2018-05-30'),(2284,1,NULL,'Longboy','Ruther Ford','Antolin','M',2018,'2018-05-30'),(2285,4,NULL,'Lopez','Jimboy','Manuel','M',2018,'2018-05-30'),(2286,5,NULL,'Lopez','Wendymae ','Valdez ','F',2018,'2018-05-30'),(2287,8,6,'Lozano',' Mary Joy ','Alayon','F',2018,'2018-05-30'),(2288,4,NULL,'Luarca','Jerome ','Macayan','M',2018,'2018-05-30'),(2289,6,1,'Lucain','Loida ','Mucati','F',2018,'2018-05-30'),(2290,4,NULL,'Macapinlac','Noele Christine','Gironella','F',2018,'2018-05-30'),(2291,3,NULL,'Macasaya','Rochelle','Dominguez','F',2018,'2018-05-30'),(2292,9,NULL,'Mackey','Jezzil Mae','Batao-ey','F',2018,'2017-07-24'),(2293,1,NULL,'Mackey','Mark Jordan','Maticyeng','M',2018,'2018-05-30'),(2294,1,NULL,'Madamba','Danmar','Sudaria','M',2018,'2018-05-30'),(2295,3,NULL,'Madarang','Villa Almira','Galaites','F',2018,'2018-05-30'),(2296,4,NULL,'Maduli','Claudette ','Camagay','F',2018,'2018-05-30'),(2297,10,NULL,'Maglinao','Emieleth Joy ','Callejo','F',2018,'2018-05-30'),(2298,4,NULL,'Malonda','Julie Anne','Elefante ','F',2018,'2018-05-30'),(2299,6,3,'Mancio ','Maricel ','Gorres ','F',2018,'2018-05-30'),(2300,1,NULL,'Manganip','Ryan Paul','Bayon','M',2018,'2018-05-30'),(2301,10,NULL,'Mangante','Vannie ','Bugtong','F',2018,'2018-05-30'),(2302,13,NULL,'Mangante','Cherry ','Las-igan','F',2018,'2018-05-30'),(2303,12,NULL,'Manzano','Raffy ','Gines','M',2018,'2018-05-30'),(2304,3,NULL,'Manzano','Leah','Ferrer','F',2018,'2018-05-30'),(2305,8,5,'Manzano',' Erika Joy','Caleon ','F',2018,'2018-05-30'),(2306,9,NULL,'Manzano',' Leizel ','Garinggo','F',2018,'2018-05-30'),(2307,1,NULL,'Manzano','Rodel Jr. ','Galimba','M',2018,'2018-05-30'),(2308,2,NULL,'Manzano','Myrma ','Sapguian ','F',2018,'2018-05-30'),(2309,11,NULL,'Manzano','Jocelyn ','Rondaris','F',2018,'2018-05-30'),(2310,13,NULL,'Manzano','Racquel','','F',2018,'2018-05-30'),(2311,3,NULL,'Maranion','Anna Lorrayne','Rapada','F',2018,'2018-05-30'),(2312,12,NULL,'Marcos','Joefhyll Shane','Guzman','F',2018,'2018-05-30'),(2313,1,NULL,'Mariano','Sony ','Abad','F',2018,'2018-05-30'),(2314,5,NULL,'Marquez','Mitze ','Gorospe ','F',2018,'2018-05-30'),(2315,5,NULL,'Marquez','Tereju-Ann ','Gorospe ','F',2018,'2017-12-18'),(2316,1,NULL,'Marquez','John Louie','Fernandez','M',2018,'2018-05-30'),(2317,1,NULL,'Marquez','Jordan','Medina','M',2018,'2018-05-30'),(2318,12,NULL,'Martin','Anabelle','Plazo','F',2018,'2018-05-30'),(2319,6,2,'Martinez','Maria Guadalope ','Prado','F',2018,'2018-05-30'),(2320,1,NULL,'Martinez','Fernan','Ganacias','M',2018,'2018-05-30'),(2321,6,7,'Matias','Flerida ','Abaya','F',2018,'2018-05-30'),(2322,1,NULL,'Mecos','Apple','Molina','F',2018,'2018-05-30'),(2323,1,NULL,'Mecos','Myruel Lord ','Gacusan','M',2018,'2018-05-30'),(2324,6,1,'Medalla','Hazel ','Carsilla','F',2018,'2018-05-30'),(2325,5,NULL,'Medina','Jeriecko Phredd ','Ellorin ','M',2018,'2018-05-30'),(2326,10,NULL,'Medrano','Angielic Melody ','Ruiz','F',2018,'2018-05-30'),(2327,6,8,'Mendoza','Judilyn ','Mabiasan ','F',2018,'2018-05-30'),(2328,4,NULL,'Menor','Arriane','Arreola','F',2018,'2018-05-30'),(2329,4,NULL,'Menor','Aubrey','Arreola','F',2018,'2018-05-30'),(2330,12,NULL,'Mina','Nichelle Ann','Barber','F',2018,'2018-05-30'),(2331,14,NULL,'Mina','Joyce Cathleen ','Martinez ','F',2018,'2018-05-30'),(2332,1,NULL,'Miranda','Gabriel','Bullalon','M',2018,'2018-05-30'),(2333,4,NULL,'Molina','Jonalyn','Gonzalo','F',2018,'2018-05-30'),(2334,4,NULL,'Moreno',' Maria Fe Teresa','Rufino','F',2018,'2018-05-30'),(2335,8,6,'Morente','Wilma ','Cabato','F',2018,'2018-05-30'),(2336,4,NULL,'Mortel','Kimberly ','Cabangon','F',2018,'2018-05-30'),(2337,1,NULL,'Mostrero','Joemar','Buena','M',2018,'2018-05-30'),(2338,10,NULL,'Murillo',' Judy Ann ','Panggayan','F',2018,'2018-05-30'),(2339,8,6,'Murphy','Angelica','','F',2018,'2018-05-30'),(2340,4,NULL,'Nacar','Charity ','Puzon','F',2018,'2018-05-30'),(2341,3,NULL,'Nacar','Michael','Raguro','M',2018,'2018-05-30'),(2342,8,6,'Najera','Marizza Lowelle ','Mateo','F',2018,'2018-05-30'),(2343,8,6,'Nana','Jessica Dyan','Soriano','F',2018,'2018-05-30'),(2344,4,NULL,'Nartatez','Christopher','Galutan','M',2018,'2018-05-30'),(2345,4,NULL,'Naungayan','Aljon','Gagarin','M',2018,'2018-05-30'),(2346,8,6,'Nera','Ara Mae ','Ybalez','F',2018,'2018-05-30'),(2347,8,6,'Niñonuevo','Princess Starla ','Manzano','F',2018,'2018-05-30'),(2348,12,NULL,'Novida','Nelton Jay ','Dal-uyen','M',2018,'2017-12-18'),(2349,2,NULL,'Novida','Adelfa ','Bugan ','F',2018,'2018-05-30'),(2350,2,NULL,'Novida','Elyrose ','Molina ','F',2018,'2018-05-30'),(2351,11,NULL,'Obrero','Kenneth ','Dela Cruz','M',2018,'2018-05-30'),(2352,3,NULL,'Olanio','Cris Ann Mae ','','F',2018,'2018-05-30'),(2353,3,NULL,'Ordoñez','Abigail Joy','Mabbagu','F',2018,'2018-05-30'),(2354,1,NULL,'Ordoñez','Cristal Mae','Llanes','F',2018,'2018-05-30'),(2355,2,NULL,'Oria','Emely ','Gasmen ','F',2018,'2018-05-30'),(2356,1,NULL,'Oribello','Shena Kathrine ','Gabayan','F',2018,'2018-05-30'),(2357,4,NULL,'Orpilla','Joahna Mae','Ballocanag','F',2018,'2018-05-30'),(2358,4,NULL,'Orpilla','Joyce','Gabayan','F',2018,'2018-05-30'),(2359,4,NULL,'Orpilla','Patrick ','Garceliano','M',2018,'2018-05-30'),(2360,1,NULL,'Orpilla','Princess','Galangco','F',2018,'2018-05-30'),(2361,1,NULL,'Pacio','Jeffrey','Carvajal','M',2018,'2018-05-30'),(2362,12,NULL,'Packit','Maria Theresa','Galicia','F',2018,'2018-05-30'),(2363,1,NULL,'Paetan','Blademir','Cagoang','M',2018,'2018-05-30'),(2364,8,5,'Pagullay','Darlyn ','Valdez ','F',2018,'2018-05-30'),(2365,8,6,'Pahed','Corazon','Esteron','F',2018,'2018-05-30'),(2366,4,NULL,'Pajarillo','Caryl Hannah','Banaria','F',2018,'2018-05-30'),(2367,4,NULL,'Pajo','John Paul','Manzano','M',2018,'2018-05-30'),(2368,4,NULL,'Palacio','Febelyn ','Cuenta','F',2018,'2018-05-30'),(2369,2,NULL,'Palangdao','Alyssa May ','Manzano ','F',2018,'2018-05-30'),(2370,6,1,'Palasiw','Levita ','Llarin','F',2018,'2018-05-30'),(2371,8,6,'Palino','Jovelyn ','Sanchez','F',2018,'2018-05-30'),(2372,2,NULL,'Palomo','Crizzel Ann ','Mangino ','F',2018,'2018-05-30'),(2373,8,6,'Palpal-latoc','John Leo ','Suyat','M',2018,'2018-05-30'),(2374,1,NULL,'Panganiban','Mary Dianne','Rodriguez','F',2018,'2018-05-30'),(2375,4,NULL,'Pangesban','Moneliza','Bagaoi','F',2018,'2018-05-30'),(2376,12,NULL,'Pantaleon','Junel','Dagdag','M',2018,'2018-05-30'),(2377,8,6,'Parayno','April Ann ','Rebuldela','F',2018,'2018-05-30'),(2378,8,6,'Pareño','Julie ','Delos Santos','F',2018,'2018-05-30'),(2379,4,NULL,'Pasion','Zaree','Urbano','M',2018,'2018-05-30'),(2380,5,NULL,'Pasion','Ferly Ann ','Avila ','F',2018,'2018-05-30'),(2381,10,NULL,'Pasion','Jonalyn ','Galdones','F',2018,'2018-05-30'),(2382,9,NULL,'Passi','Jomelene ','Adepine','F',2018,'2018-05-30'),(2383,3,NULL,'Pelayan','Leticia','Dao-gas','F',2018,'2018-05-30'),(2384,4,NULL,'Peña','Lyn Clarisse ','Pioquinto','F',2018,'2018-05-30'),(2385,10,NULL,'Permejo ','Lhenylyn ','Mendros','F',2018,'2018-05-30'),(2386,8,6,'Piamonte','Allen ','Ragma','M',2018,'2018-05-30'),(2387,6,3,'Pilon ','Gina ','Escalona ','F',2018,'2018-05-30'),(2388,8,6,'Pimentel','Clarissa ','Ellorin','F',2018,'2018-05-30'),(2389,2,NULL,'Pimentel','Geline Rose ','Haduca ','F',2018,'2018-05-30'),(2390,1,NULL,'Pineda','Neil Robin','Velarde','M',2018,'2018-05-30'),(2391,6,7,'Piniano','Arlene ','Lopez ','F',2018,'2018-05-30'),(2392,9,NULL,'Purugganan','Kimberly ','Gabayan','F',2018,'2018-05-30'),(2393,9,NULL,'Purugganan','Mark Jason ','Gabayan','M',2018,'2018-05-30'),(2394,11,NULL,'Putil','Jaezel Faye','','F',2018,'2018-05-30'),(2395,12,NULL,'Querubin','Eryll Mae','Organo','F',2018,'2018-05-30'),(2396,8,6,'Querubin','Verna Ivan Bianca','Eligio','F',2018,'2018-05-30'),(2397,8,6,'Quiba','Tanya ','Bitantes','F',2018,'2018-05-30'),(2398,2,NULL,'Quibatay','Emerald Joy ','Trinidad ','F',2018,'2018-05-30'),(2399,1,NULL,'Quidpoan','Peric ','Piñas','M',2018,'2018-05-30'),(2400,11,NULL,'Quilang',' Rhejenn ','Luis','F',2018,'2018-05-30'),(2401,3,NULL,'Quines','Nolimar','Gacilos','M',2018,'2018-05-30'),(2402,5,NULL,'Quiogue',' Rizzel ','Acosta ','F',2018,'2018-05-30'),(2403,6,3,'Raceles','Jerome ','Racusa ','M',2018,'2018-05-30'),(2404,5,NULL,'Rafanan','Jan-rey ','Racuya ','M',2018,'2018-05-30'),(2405,10,NULL,'Rafanan','Abigail ','Buenaventura','F',2018,'2018-05-30'),(2406,10,NULL,'Ragadi','Jessica ','Raguindin','F',2018,'2018-05-30'),(2407,11,NULL,'Ragadi','Jessica ','Raguindin','F',2018,'2017-07-24'),(2408,13,NULL,'Ragasa','Angelica','Rabbon','F',2018,'2018-05-30'),(2409,8,5,'Ramirez','Rose','Pimentel ','F',2018,'2018-05-30'),(2410,11,NULL,'Ramirez','Jazlyn ','Racca','F',2018,'2018-05-30'),(2411,4,NULL,'Ramos','Ma. Christina ','Sanchez','F',2018,'2018-05-30'),(2412,3,NULL,'Ramos','Ivy','Cristobal','F',2018,'2018-05-30'),(2413,3,NULL,'Ramos','Joy','Gadingan','F',2018,'2018-05-30'),(2414,8,5,'Ramos','Jayrick ','Tejada ','M',2018,'2018-05-30'),(2415,1,NULL,'Ramos','Al James','Guzman','M',2018,'2018-05-30'),(2416,1,NULL,'Ramos','Reyzel Ann','Galicia','F',2018,'2018-05-30'),(2417,10,NULL,'Ramos','Rustom ','Habon','M',2018,'2018-05-30'),(2418,6,7,'Ramos ','Francisco Jr. ','Retotar ','M',2018,'2018-05-30'),(2419,8,5,'Raquepo',' James Rodel','Javill ','M',2018,'2018-05-30'),(2420,12,NULL,'Rebodos','John Michael','Galapati','M',2018,'2018-05-30'),(2421,4,NULL,'Reparejo','Agnes ','San Pedro','F',2018,'2018-05-30'),(2422,4,NULL,'Reparejo','Rosemarie','Grayasin','F',2018,'2018-05-30'),(2423,4,NULL,'Resurreccion','Cherry ','Gamueta','F',2018,'2018-05-30'),(2424,10,NULL,'Resurreccion','Joan ','Paredes','F',2018,'2018-05-30'),(2425,4,NULL,'Rigor','Norie Mae','Tabuñag','F',2018,'2018-05-30'),(2426,6,7,'Rigor','Shairah Leen ','Cordova','F',2018,'2018-05-30'),(2427,6,2,'Rigor','Karla ','Velasco ','F',2018,'2018-05-30'),(2428,11,NULL,'Rigor','Ronnalyn May','Carbonell','F',2018,'2018-05-30'),(2429,11,NULL,'Riñen','April Jamie ','Marquez','F',2018,'2018-05-30'),(2430,8,6,'Riñopa',' Alyssa ','Gallardo','F',2018,'2018-05-30'),(2431,4,NULL,'Rivera','Jesica','Acosta','F',2018,'2018-05-30'),(2432,6,1,'Rivera','Thrisha Mae ','Mendoza','F',2018,'2018-05-30'),(2433,10,NULL,'Rivera','Reden','Pascua','M',2018,'2018-05-30'),(2434,13,NULL,'Rivera','Janice','Pascua','F',2018,'2018-05-30'),(2435,1,NULL,'Roca','Darylle','Daymiel','M',2018,'2018-05-30'),(2436,4,NULL,'Rodriguez','Jhevelyn','Ferias','F',2018,'2018-05-30'),(2437,4,NULL,'Rodriguez','Marcelo III','Gandol','M',2018,'2018-05-30'),(2438,5,NULL,'Rodriguez','Regine ','Almerol ','F',2018,'2017-07-24'),(2439,1,NULL,'Roldan','Joemer','Bang-asan','M',2018,'2018-05-30'),(2440,14,NULL,'Roldan','Jenniefer ','Andres ','F',2018,'2018-05-30'),(2441,11,NULL,'Roldan','Reina ','Gamueda','F',2018,'2018-05-30'),(2442,6,3,'Rosete','Angelika ','Ambatang ','F',2018,'2018-05-30'),(2443,11,NULL,'Rous ','Jennylyn ','Rampa','F',2018,'2018-05-30'),(2444,2,NULL,'Rubang',' Angie ','Soliven ','F',2018,'2018-05-30'),(2445,4,NULL,'Ruiz','Jasmin Joy','Marquez','F',2018,'2018-05-30'),(2446,8,6,'Sabado','Benjie','Lambo','M',2018,'2018-05-30'),(2447,1,NULL,'Sabado','Jonathan','Balcita','M',2018,'2018-05-30'),(2448,4,NULL,'Sagun','Gerald','Valdez','M',2018,'2018-05-30'),(2449,14,NULL,'Sagun','Ruth Anne ','Bumanglag ','F',2018,'2018-05-30'),(2450,1,NULL,'Salay','Diana','Galangey','F',2018,'2018-05-30'),(2451,8,6,'Sanchez','Neil','Costales','M',2018,'2018-05-30'),(2452,9,NULL,'Sanchez','Precila ','Garnace','F',2018,'2018-05-30'),(2453,2,NULL,'Sanchez','Karina ','Valdez ','F',2018,'2018-05-30'),(2454,6,8,'Santiago','Amelita ','Aboc ','F',2018,'2018-05-30'),(2455,1,NULL,'Santiago','Annabelle ','Aboc','F',2018,'2018-05-30'),(2456,5,NULL,'Santos','Loraine ','Cabamungan ','F',2018,'2018-05-30'),(2457,3,NULL,'Santos','Meichelle Reigh','Balicdang','F',2018,'2018-05-30'),(2458,8,6,'Santos','Juvy ','Catubig','F',2018,'2018-05-30'),(2459,4,NULL,'Sayan',' Madel','Valdez','F',2018,'2018-05-30'),(2460,6,1,'Sayan','Lirah Claire ','Agrisola','F',2018,'2018-05-30'),(2461,4,NULL,'Segundo','Jesannie ','Bernardo','F',2018,'2018-05-30'),(2462,6,1,'Segundo','Aya ','Banasan','F',2018,'2018-05-30'),(2463,4,NULL,'Servillo','Edwin ','Ganiban','M',2018,'2018-05-30'),(2464,12,NULL,'Siobal','Hambel ','Bacdang','M',2018,'2018-05-30'),(2465,1,NULL,'Siploc','Janet ','Cadangan','F',2018,'2018-05-30'),(2466,1,NULL,'Soliva','Ei-jay','Gonzales','M',2018,'2018-05-30'),(2467,4,NULL,'Soliven','Joshua ','Gamueda','M',2018,'2018-05-30'),(2468,5,NULL,'Soria','Michelle ','Ruiz ','F',2018,'2018-05-30'),(2469,5,NULL,'Sorio',' Monalyn Joy ','Dalao ','F',2018,'2018-05-30'),(2470,5,NULL,'Sumao-i','Cathy ','Bumatnong ','F',2018,'2018-05-30'),(2471,6,1,'Sunio','Clarisse ','Valdez','F',2018,'2018-05-30'),(2472,8,6,'Suyat','Mart Ranssel ','Palacio','M',2018,'2018-05-30'),(2473,2,NULL,'Tabig','Teresa ','Tamayo ','F',2018,'2018-05-30'),(2474,1,NULL,'Tabion','Nenita ','Bingo','F',2018,'2018-05-30'),(2475,6,1,'Tabios','Sers ','Valdez','F',2018,'2018-05-30'),(2476,1,NULL,'Tabon','Michael John','Bayle','M',2018,'2018-05-30'),(2477,1,NULL,'Taer','Marleo ','Mariano','M',2018,'2018-05-30'),(2478,2,NULL,'Talavera','Arpee Jay ','Hezeta ','M',2018,'2018-05-30'),(2479,8,6,'Tallayo',' Mary Rose Ann ','piano','F',2018,'2018-05-30'),(2480,11,NULL,'Tamayo','Rhealyn','Eupalao','F',2018,'2018-05-30'),(2481,3,NULL,'Tañedo','Diana','Gacula','F',2018,'2018-05-30'),(2482,3,NULL,'Tasani','Honey Love','Arconado','F',2018,'2018-05-30'),(2483,13,NULL,'Tawali','Rio Roxanne ','Segundo','F',2018,'2018-05-30'),(2484,3,NULL,'Tayaan','An-an','Dumalis','F',2018,'2018-05-30'),(2485,4,NULL,'Tejada','Ana Marie','Butalon','F',2018,'2018-05-30'),(2486,4,NULL,'Tejada','May Ann','Martinez','F',2018,'2018-05-30'),(2487,6,7,'Tejada','Paolo Alexis ','Pelizan ','M',2018,'2018-05-30'),(2488,9,NULL,'Tejada','Mia Hanieneth','Velasco','F',2018,'2018-05-30'),(2489,9,NULL,'Tejada','Ronalyn ','Almoza','F',2018,'2018-05-30'),(2490,4,NULL,'Teo','Bea Krizia','Villalobos','F',2018,'2018-05-30'),(2491,4,NULL,'Toquero','Leonard','Gabuat','M',2018,'2018-05-30'),(2492,6,2,'Toquero','Dianne Therese ','Loveria','F',2018,'2018-05-30'),(2493,5,NULL,'Toquero','Levie ','Gacutan ','F',2018,'2018-05-30'),(2494,1,NULL,'Toquero','April John ','Granfil','M',2018,'2018-05-30'),(2495,8,5,'Torres','Erica','Dispo ','F',2018,'2018-05-30'),(2496,1,NULL,'Tudayan','Christian','Maledda','M',2018,'2018-05-30'),(2497,4,NULL,'Tugade','Jhun','Valdez','M',2018,'2018-05-30'),(2498,2,NULL,'Tumacdang',' Gemalyn ','Langoey ','F',2018,'2018-05-30'),(2499,8,6,'Tungab','Carisa ','Nanag','F',2018,'2018-05-30'),(2500,14,NULL,'Tupaz','Alyssa Ashley ','Asejo ','F',2018,'2018-05-30'),(2501,8,6,'Ulat','Rogedel Vhiel','Resurreccion','F',2018,'2018-05-30'),(2502,6,2,'Ung-gay','Claere ','Tami-ing ','F',2018,'2018-05-30'),(2503,8,5,'Urbano','Mark Christian','Quiba ','M',2018,'2018-05-30'),(2504,13,NULL,'Utana','Jonabel','Gomintong','F',2018,'2018-05-30'),(2505,6,1,'Uyaan','Albert ','Foronda','M',2018,'2018-05-30'),(2506,4,NULL,'Valdez','Eloiza','Paquing','F',2018,'2018-05-30'),(2507,4,NULL,'Valdez','Excel','Aglibut','M',2018,'2018-05-30'),(2508,4,NULL,'Valdez','Jamaica ','Cagaoan','F',2018,'2018-05-30'),(2509,4,NULL,'Valdez','Jonah Flor ','Sagay','F',2018,'2018-05-30'),(2510,4,NULL,'Valdez','Lea','Dela Cruz','F',2018,'2018-05-30'),(2511,4,NULL,'Valdez','Lovelene','Grabanzor','F',2018,'2018-05-30'),(2512,4,NULL,'Valdez','Marites','Tomas','F',2018,'2018-05-30'),(2513,4,NULL,'Valdez','Mary Rose ','Gapate','F',2018,'2018-05-30'),(2514,6,1,'Valdez','Aileen ','Garnacha','F',2018,'2018-05-30'),(2515,6,7,'Valdez','Karen ','Agno ','F',2018,'2018-05-30'),(2516,5,NULL,'Valdez','Sheramae ','Ugalde ','F',2018,'2018-05-30'),(2517,12,NULL,'Valdez','Rhea','Galinato','F',2018,'2018-05-30'),(2518,3,NULL,'Valdez','Joe Mari ','Peralta','M',2018,'2017-12-18'),(2519,8,6,'Valdez',' Jennifer ','Romero','F',2018,'2018-05-30'),(2520,8,6,'Valdez','Maricel ','Benitez','F',2018,'2018-05-30'),(2521,8,6,'Valdez','Richelle ','Llobrera','F',2018,'2018-05-30'),(2522,8,6,'Valdez','Reynold Jr. ','Dela Rosa','M',2018,'2018-05-30'),(2523,9,NULL,'Valdez','Rowena ','Pasian','F',2018,'2018-05-30'),(2524,1,NULL,'Valdez','Nathaniel ','Gacutan','M',2018,'2018-05-30'),(2525,14,NULL,'Valdez','Kimberly Ann','','F',2018,'2018-05-30'),(2526,10,NULL,'Valdez','Estefania ','Dapig','F',2018,'2018-05-30'),(2527,10,NULL,'Valdez','Sinamar ','Cabangcala','F',2018,'2018-05-30'),(2528,13,NULL,'Valdez','Vanessa','','F',2018,'2018-05-30'),(2529,8,6,'Vallejos','Jairus Anthony ','Gramaje','M',2018,'2018-05-30'),(2530,1,NULL,'Vallejos','Yves Bryan','Cellona','M',2018,'2017-12-18'),(2531,8,6,'Vargas','Angela','Jokico','F',2018,'2018-05-30'),(2532,9,NULL,'Velasco','Beverly ','Marquez','F',2018,'2018-05-30'),(2533,10,NULL,'Velasco','Jean Marie ','Aguto','F',2018,'2018-05-30'),(2534,4,NULL,'Viernes','Ian Marvin','Facultad','M',2018,'2018-05-30'),(2535,2,NULL,'Villa','Justa ','Remegio ','F',2018,'2018-05-30'),(2536,5,NULL,'Villalobos','Marivic ','Casinova ','F',2018,'2018-05-30'),(2537,6,1,'Villanueva','Reymar ','Gasadan','M',2018,'2018-05-30'),(2538,4,NULL,'Vilog','Nomer','Cadaeg','M',2018,'2018-05-30'),(2539,12,NULL,'Vilog','Regine ','Sabalo','F',2018,'2018-05-30'),(2540,9,NULL,'Vilog','Bryan','Ancheta','M',2018,'2018-05-30'),(2541,1,NULL,'Vilog','Samson','Banao','M',2018,'2018-05-30'),(2542,11,NULL,'Vilog','Princess Mae ','Gacilos','F',2018,'2018-05-30'),(2543,11,NULL,'Vilog ','Gellie An ','Haduca','F',2018,'2018-05-30'),(2544,3,NULL,'Vilog,','Julyna','Machuca','F',2018,'2018-05-30'),(2545,1,NULL,'Viloria','Jeffrey ','Garabiles','M',2018,'2018-05-30'),(2546,4,NULL,'Virocel','Philip','Gambon','M',2018,'2018-05-30'),(2547,6,2,'Wagayen','Donna Joy ','Lagalo ','F',2018,'2018-05-30'),(2548,2,NULL,'Wagis','Isagani ','Justo','M',2018,'2018-05-30'),(2549,6,1,'Wandas','Alma May ','Padsing ','F',2018,'2017-12-18'),(2550,4,NULL,'Wigan','Rosalie','Balaleng','F',2018,'2018-05-30'),(2551,1,NULL,'Yadao','Fer','Asis','M',2018,'2018-05-30'),(2552,4,NULL,'Zabala','Raulyn','Abaya','F',2018,'2018-05-30'),(2553,4,NULL,'Zamora','Claudine','Pabora','F',2018,'2018-05-30'),(2554,11,NULL,'Zareno','Pamela ','Feraldo','F',2018,'2018-05-30'),(2555,2,NULL,'Abacan','Mary Ann','Salaño','F',2019,'2018-05-30'),(2556,2,NULL,'Abad','Virginia','De Guzman','F',2019,'2018-05-30'),(2557,2,NULL,'Abalos','Rializa','Milarpes','F',2019,'2018-05-30'),(2558,8,5,'Adaya','Joanna Marie','Fabian','F',2019,'2019-05-30'),(2559,1,NULL,'Aglibot','Leonavelle','','F',2019,'2019-05-30'),(2560,8,6,'Aglibut','Edison','Gamata','M',2019,'2019-05-30'),(2561,2,NULL,'Agnaonao','Elvie','Degay','F',2019,'2018-05-30'),(2562,8,5,'Agrisola','April Anne','Gacusan','F',2019,'2019-05-30'),(2563,3,NULL,'Agsano','Erica','Calatay','F',2019,'2019-05-30'),(2564,1,NULL,'Agsao','Janesa Nadia','Domingo','F',2019,'2019-05-30'),(2565,4,NULL,'Aguinaldo','John Lester','Dela Rosa','M',2019,'2019-05-30'),(2566,6,1,'Aguli','Eden','Martin','F',2019,'2019-05-30'),(2567,8,6,'Agustin','Adelyn','Fieldad','F',2019,'2019-05-30'),(2568,2,NULL,'Agustin','Catherine','Sapguin','F',2019,'2018-05-30'),(2569,2,NULL,'Alamay','Jeneffer','Lanuza','F',2019,'2018-05-30'),(2570,4,NULL,'Alawas','Jobert','Valdez','M',2019,'2019-05-30'),(2571,8,5,'Alay-ay','Adela','Ballerta','F',2019,'2019-05-30'),(2572,3,NULL,'Alay-ay','Juluis','Seriosa','M',2019,'2018-12-17'),(2573,6,4,'Albuñan','Jemaimah','Ominga','F',2019,'2019-05-30'),(2574,4,NULL,'Almirol','Kevin Ryan','Basilio','M',2019,'2019-05-30'),(2575,9,NULL,'Alnas  ','Rio Jade','Biligan','F',2019,'2019-05-30'),(2576,1,NULL,'Amaro','Angel','Castro','F',2019,'2019-05-30'),(2577,12,NULL,'Ambabag','Femarie','Agsano','F',2019,'2019-05-30'),(2578,1,NULL,'Ambatang','Arvie','Manzano','M',2019,'2018-12-17'),(2579,9,NULL,'Ammang','Via Faye','Lagasan','F',2019,'2019-05-30'),(2580,2,NULL,'Andres','Shallimar','Mariano','F',2019,'2018-05-30'),(2581,8,6,'Angala','Marie Nol','Palacol','F',2019,'2019-05-30'),(2582,5,NULL,'Angala  ','Marjorie','Abaya','F',2019,'2019-05-30'),(2583,3,NULL,'Ang-oay','May Joy','Subadi','F',2019,'2019-05-30'),(2584,12,NULL,'Antalan','Daisy Joy','Agsi','F',2019,'2018-12-17'),(2585,4,NULL,'Antonio','Shean Zamhir','Bargas','M',2019,'2019-05-30'),(2586,6,3,'Antonio','Joy Ann','Molina','F',2019,'2019-05-30'),(2587,3,NULL,'Apilado','Lorena','Salibad','F',2019,'2019-05-30'),(2588,4,NULL,'Aquino','Roxanne','Cortez','F',2019,'2019-05-30'),(2589,11,NULL,'Aquino','Noraine','Cabello','F',2019,'2019-05-30'),(2590,12,NULL,'Arcega','Nicko','Suyat','M',2019,'2019-05-30'),(2591,1,NULL,'Arcena','John Paul','Arzadon','M',2019,'2019-05-30'),(2592,8,6,'Arciaga','Raymart','Bayud','M',2019,'2019-05-30'),(2593,1,NULL,'Arconado','Allen','Rodriguez','M',2019,'2019-05-30'),(2594,1,NULL,'Arellano','Esperanza','Habab','F',2019,'2019-05-30'),(2595,8,5,'Babael','Jerome','Buenavista','M',2019,'2019-05-30'),(2596,1,NULL,'Baccali','John Wayne','Bobiles','M',2019,'2019-05-30'),(2597,11,NULL,'Baclao','Elsie','Heraña','F',2019,'2019-05-30'),(2598,6,9,'Bacuteng','Raquel Hannah','Ibañez','F',2019,'2019-05-30'),(2599,1,NULL,'Baddao','Kristel','Orpilla','F',2019,'2019-05-30'),(2600,12,NULL,'Balao-as','Jaycel','Bagnet','F',2019,'2019-05-30'),(2601,5,NULL,'Balaque','Nymfa','Saldevar','F',2019,'2019-05-30'),(2602,11,NULL,'Balawen','Novimar','Bellon  ','M',2019,'2019-05-30'),(2603,8,5,'Balbin','Jenny Marlene','Laroza','F',2019,'2019-05-30'),(2604,11,NULL,'Balero','Renalyn','Aguinoas','F',2019,'2019-05-30'),(2605,13,NULL,'Balero','Ronalyn','Aguinoas','F',2019,'2019-05-30'),(2606,13,NULL,'Balio-an','Jemarie','Gabayan','F',2019,'2019-05-30'),(2607,4,NULL,'Balmes','Mervin Rae','Arellano','M',2019,'2019-05-30'),(2608,11,NULL,'Baña','Arnold','Habon','M',2019,'2019-05-30'),(2609,6,4,'Banang','Jonathan','Labayani','M',2019,'2019-05-30'),(2610,2,NULL,'Banao','Haidie','Mayo','F',2019,'2018-05-30'),(2611,1,NULL,'Bañez','Marvin De','De Guzman','M',2019,'2019-05-30'),(2612,6,7,'Bannawag','Fina Marie','Pargad','F',2019,'2019-05-30'),(2613,5,NULL,'Baobaoen','Ai Mae','Cudiamat','F',2019,'2019-05-30'),(2614,6,7,'Bao-ilan ','Charito','P.','F',2019,'2019-05-30'),(2615,8,5,'Bao-ingan','Zhaira','Opiz','F',2019,'2019-05-30'),(2616,8,6,'Barbero','Geraldine','','F',2019,'2019-05-30'),(2617,2,NULL,'Barnachea','Kathrine Abegail','Fabros','F',2019,'2018-05-30'),(2618,4,NULL,'Barroga','Lawrenze ','Gagarin','M',2019,'2019-05-30'),(2619,9,NULL,'Batin','Jon Allan','Domongdong','M',2019,'2019-05-30'),(2620,3,NULL,'Battad','Rodelio','Tactay','M',2019,'2019-05-30'),(2621,5,NULL,'Bautista','April','Gadia','F',2019,'2019-05-30'),(2622,3,NULL,'Bautista','John Rimark','Colcol','M',2019,'2019-05-30'),(2623,6,3,'Baydan','Ardee Visa','Gallao','F',2019,'2019-05-30'),(2624,4,NULL,'Bayle','Christian Lloyd','Gabayan','M',2019,'2019-05-30'),(2625,12,NULL,'Baylon','Jean Micah','Gabor','F',2019,'2019-05-30'),(2626,6,7,'Behogsudan','April','','F',2019,'2019-05-30'),(2627,4,NULL,'Beleno','Ehlyne','Tomas','F',2019,'2019-05-30'),(2628,6,1,'Beleno','Shiela Praise','Lang-ayan','F',2019,'2019-05-30'),(2629,5,NULL,'Bello','Judy-ann','Doclis','F',2019,'2019-05-30'),(2630,1,NULL,'Bennagen','Jing Jing','Aben','F',2019,'2019-05-30'),(2631,4,NULL,'Bernabe','Donita Rose','Viernes','F',2019,'2019-05-30'),(2632,11,NULL,'Bernales','Angelita','Fabro','F',2019,'2019-05-30'),(2633,11,NULL,'Bernales','Yvan Patrick','Pastrano','M',2019,'2019-05-30'),(2634,6,1,'Berras','Ara Mae','S','F',2019,'2019-05-30'),(2635,4,NULL,'Bicasan','Art Jofferson','Sarmiento','M',2019,'2019-05-30'),(2636,8,5,'Biteng','Mike Joseph','Impelido','M',2019,'2019-05-30'),(2637,2,NULL,'Biteng','Melba','Pimentel','F',2019,'2018-05-30'),(2638,8,5,'Blance','Jonnalyn','','F',2019,'2019-05-30'),(2639,8,5,'Boadilla','Rodelyn','Gorospe','F',2019,'2019-05-30'),(2640,11,NULL,'Bolin','Beverly','Lunogan','F',2019,'2019-05-30'),(2641,12,NULL,'Bongolan','David Carl','Galimba','M',2019,'2019-05-30'),(2642,8,6,'Bonzon','John Dhenver','Gamueta','M',2019,'2019-05-30'),(2643,8,6,'Brello','Ednalyn','Catama','F',2019,'2019-05-30'),(2644,11,NULL,'Briones','Rhealyn','Lucido','F',2019,'2019-05-30'),(2645,6,3,'Buenafe','Julimar','Pascua','M',2019,'2019-05-30'),(2646,4,NULL,'Bugtaquen','Ezel','Maog','F',2019,'2019-05-30'),(2647,3,NULL,'Buking','Bhezie Marie','Sonson','F',2019,'2019-05-30'),(2648,5,NULL,'Bulalat','Cecille','Batang-i','F',2019,'2019-05-30'),(2649,1,NULL,'Bulallon','Carolina','','F',2019,'2019-05-30'),(2650,8,6,'Bullan','Angelyn','','F',2019,'2019-05-30'),(2651,4,NULL,'Buquing','Angela','Hagoot','F',2019,'2019-05-30'),(2652,3,NULL,'Burgos','Rhonalyn','Randilla','F',2019,'2019-05-30'),(2653,5,NULL,'Buyagan','Mar Fel','Sambaoa','F',2019,'2019-05-30'),(2654,4,NULL,'Cabaluna','Frances Yvette','Caadiang','F',2019,'2019-05-30'),(2655,9,NULL,'Cabaya','Jucel','Manibloc','F',2019,'2019-05-30'),(2656,3,NULL,'Cabbab','Maricris','Gueta','F',2019,'2019-05-30'),(2657,1,NULL,'Cabico','Oliver','Collo','M',2019,'2019-05-30'),(2658,4,NULL,'Cabrido','Jaylord','Rubio','M',2019,'2019-05-30'),(2659,1,NULL,'Cabunoc','Lester','Gines','M',2019,'2018-07-27'),(2660,6,7,'Cabuslay','Sheryl','Valdez','F',2019,'2019-05-30'),(2661,8,6,'Caccam','Michel','Valdemar','F',2019,'2019-05-30'),(2662,9,NULL,'Cacho','Gretel Marie ','Apacquid','F',2019,'2019-07-27'),(2663,6,7,'Cadongonan','Romar','Sarmiento','M',2019,'2019-05-30'),(2664,5,NULL,'Calimlim','Jennylyn','Gamilde','F',2019,'2019-05-30'),(2665,8,5,'Calindas','Jovelyn','Cortado','F',2019,'2019-05-30'),(2666,4,NULL,'Callejo','Armina','Estacio','F',2019,'2019-05-30'),(2667,1,NULL,'Calzo','Reyson ','G','M',2019,'2018-12-17'),(2668,6,9,'Camerio','Jessa Mae','Pascual','F',2019,'2019-05-30'),(2669,5,NULL,'Campilla','Riccelle','Asuncion','F',2019,'2019-05-30'),(2670,1,NULL,'Canosa','Armando Jr.','Soriano','M',2019,'2019-05-30'),(2671,4,NULL,'Capellan','Richard Michael','Leaño','M',2019,'2019-05-30'),(2672,8,6,'Caplis','John Paul','Jagape','M',2019,'2019-05-30'),(2673,9,NULL,'Carbo','Jonalyn','Espanola','F',2019,'2019-05-30'),(2674,8,5,'Carillo','Ma. Emmeline','Polonio','F',2019,'2019-05-30'),(2675,6,4,'Carranza','Jeanny','Galanote','F',2019,'2019-05-30'),(2676,9,NULL,'Carreon','Katrina','Valdez','F',2019,'2019-05-30'),(2677,11,NULL,'Carreon','Keila Maris','Paneda','F',2019,'2019-05-30'),(2678,4,NULL,'Castro','Beverly','Cagdan','F',2019,'2019-05-30'),(2679,8,5,'Castro','Rosemanette','Joaguin','F',2019,'2019-05-30'),(2680,1,NULL,'Castro','Derick','Antolin','M',2019,'2019-05-30'),(2681,1,NULL,'Castro','Jerickson','Agda','M',2019,'2019-05-30'),(2682,3,NULL,'Cawe','Roselyn','Doña','F',2019,'2019-05-30'),(2683,8,5,'Cejas','Karen','Quevido','F',2019,'2019-05-30'),(2684,8,5,'Cena','Angelika','Alimorong','F',2019,'2019-05-30'),(2685,4,NULL,'Chico','Michelle','Dollente','F',2019,'2019-05-30'),(2686,4,NULL,'Colaljo','Danilo','Llobrera','M',2019,'2019-05-30'),(2687,3,NULL,'Combas','Czarinah','Garcia','F',2019,'2018-12-17'),(2688,5,NULL,'Concha','Geraldine','Velarde','F',2019,'2019-05-30'),(2689,9,NULL,'Condino','Marlo','Aglibot','M',2019,'2019-07-27'),(2690,8,5,'Connor','Ermajane','Sumbad','F',2019,'2019-05-30'),(2691,2,NULL,'Contawi','Marinela','Galleta','F',2019,'2018-05-30'),(2692,8,6,'Coper','Justine Claire','Hagacer','F',2019,'2019-05-30'),(2693,1,NULL,'Cordova','Jolina','Barnachea','F',2019,'2019-05-30'),(2694,3,NULL,'Corpuz','Mark Anjo','Galvez','M',2019,'2019-05-30'),(2695,4,NULL,'Cortado','Shaira','Ganat','F',2019,'2019-05-30'),(2696,6,9,'Cortez','Jobelle Cassandra','Jaramilla','F',2019,'2019-05-30'),(2697,6,3,'Cortez','Ardene May Hope','Calindas','F',2019,'2019-05-30'),(2698,6,3,'Cortez','Mary Ann','Nartatez','F',2019,'2019-05-30'),(2699,5,NULL,'Cortez','Cyfpia Mel','Batin','F',2019,'2019-05-30'),(2700,5,NULL,'Cortez','Jurelle','Ganacias','F',2019,'2019-05-30'),(2701,8,6,'Cortez','Abby Noreen','Garlejo','F',2019,'2019-05-30'),(2702,8,6,'Cortez','Ronalyn','Labanar','F',2019,'2019-05-30'),(2703,8,5,'Cortez','Cherelyn','Raguindin','F',2019,'2019-05-30'),(2704,1,NULL,'Cortez','Rick Alber','Uyad','M',2019,'2018-12-17'),(2705,8,5,'Cortez ','John Benedict ','Rosimo','M',2019,'2019-05-30'),(2706,9,NULL,'Costelo','Kristine','','F',2019,'2019-05-30'),(2707,1,NULL,'Coyang','Zhander Joshua','Paingan','M',2019,'2019-05-30'),(2708,4,NULL,'Cu','Ej Anthony','Sanjel','M',2019,'2019-05-30'),(2709,11,NULL,'Cuba','John Lee','Galleto','M',2019,'2019-05-30'),(2710,14,NULL,'Cubo','Hazel','Bagsik','F',2019,'2019-05-30'),(2711,4,NULL,'Cudiamat','Mary Joy','Diyang','F',2019,'2019-05-30'),(2712,5,NULL,'Cudiamat','Kristel','Javonitalla','F',2019,'2019-05-30'),(2713,8,6,'Cudiamat','Rica Mae','Inigo','F',2019,'2019-05-30'),(2714,9,NULL,'Cudiamat','Jessabel','Cortez','F',2019,'2019-05-30'),(2715,10,NULL,'Cudiamat','Jessabel','Cortez','F',2019,'2018-07-27'),(2716,9,NULL,'Cuenta','Moises','Acosta','M',2019,'2019-05-30'),(2717,4,NULL,'Cuevas','Ryan Jay','Cawis','M',2019,'2019-05-30'),(2718,1,NULL,'Cuplang','Donna','Ibasan','F',2019,'2019-05-30'),(2719,9,NULL,'Custodio','Camille','Gadingan','F',2019,'2019-05-30'),(2720,4,NULL,'Dakig','Fe Airam','Rapanot','F',2019,'2019-05-30'),(2721,4,NULL,'Dalnapen','Diana Grace','Pelayan','F',2019,'2019-05-30'),(2722,6,4,'Dalog','Renalyn','Lestino','F',2019,'2019-05-30'),(2723,5,NULL,'Dampulay  ','Kathleen','Habon','F',2019,'2019-05-30'),(2724,9,NULL,'Danao  ','Ronalyne','Catubay','F',2019,'2019-05-30'),(2725,8,5,'Dangalan','Jephunneh','Lacbongan','M',2019,'2019-05-30'),(2726,5,NULL,'Daniel  ','Cielou Faith','Ballena','F',2019,'2019-05-30'),(2727,5,NULL,'Danipog','Xyrene Mae','Ponce','F',2019,'2019-05-30'),(2728,6,3,'Daodaoen','Roel','Camide','M',2019,'2019-05-30'),(2729,3,NULL,'Dapiaoen','Charlene Antonetth','Abluyan','F',2019,'2019-05-30'),(2730,1,NULL,'Dapiñagan','Bryan','','M',2019,'2019-05-30'),(2731,8,5,'Daprosa','Abegail','Bernabe','F',2019,'2019-05-30'),(2732,1,NULL,'Dasalla','Luelito','Marbebe','M',2019,'2018-12-17'),(2733,14,NULL,'Dausen','Alfa','Palasiw','F',2019,'2018-07-27'),(2734,4,NULL,'Dauz','Rosalie Jean','Buc-ong','F',2019,'2019-05-30'),(2735,8,5,'David','Hiedi','Flores','F',2019,'2019-05-30'),(2736,1,NULL,'De Guzman','Genoveva','Palabay','F',2019,'2019-05-30'),(2737,11,NULL,'Decano','Mae Ann','Javonitalla','F',2019,'2019-05-30'),(2738,1,NULL,'Del Rosario','Wilmar','Valdez','M',2019,'2019-05-30'),(2739,8,5,'Dela Cruz','Princess Mae','Pimentel','F',2019,'2019-05-30'),(2740,1,NULL,'Dela Cruz','Ronnel','Laberinto','M',2019,'2019-05-30'),(2741,11,NULL,'Dela Cruz','Jefferson','Gomintong','M',2019,'2019-05-30'),(2742,13,NULL,'Dela Cruz','Reden ','Tamayo   ','M',2019,'2019-05-30'),(2743,4,NULL,'Dela Rosa','Cristian','Jandoc','M',2019,'2019-05-30'),(2744,8,6,'Dela Rosa','Carmie','De Guzman','F',2019,'2019-05-30'),(2745,1,NULL,'Dela Rosa','Princess Heidi Alyssa','Hatal','F',2019,'2019-05-30'),(2746,5,NULL,'Dela Rosa ','Jovel ','Antolin','M',2019,'2019-05-30'),(2747,9,NULL,'Delos Reyes','Mae-ann','Domingo','F',2019,'2019-05-30'),(2748,5,NULL,'Delos Santos','Kyla','Gutierrez','F',2019,'2019-05-30'),(2749,1,NULL,'Deompoc','Berwin ','Manangbao','M',2019,'2018-12-17'),(2750,4,NULL,'Devis','Princess Joy','Ablang','F',2019,'2019-05-30'),(2751,1,NULL,'Devis','Rassel','Racusa','M',2019,'2019-05-30'),(2752,4,NULL,'Deyto','Ronnalyn','Jaramilla','F',2019,'2019-05-30'),(2753,6,4,'Dioag','Cristobal','Berto','M',2019,'2019-05-30'),(2754,2,NULL,'Directo','Princess Lei','Ordoñez','F',2019,'2018-05-30'),(2755,4,NULL,'Domingo','Brian','Soliven','M',2019,'2019-05-30'),(2756,9,NULL,'Domingo','Chenny Ann','Basug','F',2019,'2019-05-30'),(2757,14,NULL,'Domisiw','Suaniely Beth','Curioso','F',2019,'2019-05-30'),(2758,1,NULL,'Duldulao','Roy Jr.','Castro','M',2019,'2019-05-30'),(2759,1,NULL,'Duli','Javier','Lungbabi','M',2019,'2019-05-30'),(2760,4,NULL,'Dultra','Geraldin','Tuliao','F',2019,'2019-05-30'),(2761,6,9,'Dumal-is','Bennylyn','Dalilis','F',2019,'2019-05-30'),(2762,1,NULL,'Dumawa','Meljan','Barredo','M',2019,'2018-12-17'),(2763,3,NULL,'Dumsing','Dc-ryl','Dal-uyen','F',2019,'2019-05-30'),(2764,2,NULL,'Duque','Chiqui Rose','Martinez','F',2019,'2018-05-30'),(2765,6,1,'Dusalin','Saturnino','Dowato','M',2019,'2019-05-30'),(2766,6,7,'Echavarre','Junalish','T','F',2019,'2019-05-30'),(2767,5,NULL,'Ega','Judy Ann','Galleta','F',2019,'2019-05-30'),(2768,6,3,'Egar  ','Bryan Jay','A.','M',2019,'2019-05-30'),(2769,4,NULL,'Eleccion','Bhirds','Galinato','M',2019,'2019-05-30'),(2770,5,NULL,'Elefante  ','Jan Paul','Dela Cruz','M',2019,'2019-05-30'),(2771,8,6,'Elizarde','Lara Mae','Eugenio','F',2019,'2019-05-30'),(2772,8,5,'Encarnacion','Mary Joy','Martinez','F',2019,'2019-05-30'),(2773,4,NULL,'Eroda','Karl Heinz Joshua','Sanidad','M',2019,'2019-05-30'),(2774,5,NULL,'Escalona','Marie Joy','Tabelon','F',2019,'2019-05-30'),(2775,5,NULL,'Esclanda','Katrina','Ponce','F',2019,'2019-05-30'),(2776,1,NULL,'Espiritu','Fernand Jay','Sampayan','M',2019,'2019-05-30'),(2777,8,6,'Estabillo','Mary Ann','Marquez','F',2019,'2019-05-30'),(2778,10,NULL,'Eugenio','Renante','Halnos','M',2019,'2019-05-30'),(2779,6,3,'Eusebio','Chriselle Mae','Estabillo','F',2019,'2019-05-30'),(2780,1,NULL,'Fabian','Clarence','Tawagen','M',2019,'2019-05-30'),(2781,6,4,'Fabro','Hanna Mae','Villanroque','F',2019,'2019-05-30'),(2782,1,NULL,'Fabro','Benjamin Jr.','Hortizuela','M',2019,'2019-05-30'),(2783,10,NULL,'Fabro','Rhozel','Pascua','F',2019,'2019-05-30'),(2784,8,6,'Fermin','Julie Anne','Gacusana','F',2019,'2019-05-30'),(2785,6,3,'Fernandez','Darwin','Melicor','M',2019,'2019-05-30'),(2786,2,NULL,'Fernandez','Hazel','Boy-oan','F',2019,'2018-05-30'),(2787,1,NULL,'Figer','Vincent','Soriano','M',2019,'2019-05-30'),(2788,6,1,'Figuerres','Jovenilda','Manzano','F',2019,'2019-05-30'),(2789,4,NULL,'Flores','Christian Fil','Querijero','M',2019,'2019-05-30'),(2790,8,5,'Francia','Ace Christian','Foronda','M',2019,'2019-05-30'),(2791,6,9,'Gabaine','Robinah Mae','Langoey','F',2019,'2019-05-30'),(2792,4,NULL,'Gabaon','Justin Carl','Gallardo','M',2019,'2019-05-30'),(2793,4,NULL,'Gabatilan','Neil Patrick','Hadloc','M',2019,'2019-05-30'),(2794,9,NULL,'Gabatino','Jona Marie','Mifa','F',2019,'2019-05-30'),(2795,4,NULL,'Gabor','Mark Lester','Rodriguez','M',2019,'2019-05-30'),(2796,8,6,'Gabor','Jennifer','Galvez','F',2019,'2019-05-30'),(2797,9,NULL,'Gabor','Rochelle','Apolonio','F',2019,'2019-05-30'),(2798,8,6,'Gabuat','Katrina Grace','Haduc','F',2019,'2019-05-30'),(2799,5,NULL,'Gabuyo','April May','Suarin','F',2019,'2019-05-30'),(2800,3,NULL,'Gacayan','John Vergel','','M',2019,'2019-05-30'),(2801,8,5,'Gacoscos','Dranreb Nephie','Gaoat','M',2019,'2019-05-30'),(2802,8,6,'Gacula','Geneiv','Acosta     ','F',2019,'2018-12-17'),(2803,8,6,'Gacusan','Jan Rocel','Acosta','F',2019,'2019-05-30'),(2804,8,6,'Gacusan','Charlene','Caratay','F',2019,'2019-05-30'),(2805,8,6,'Gacusan','Shiela','','F',2019,'2019-05-30'),(2806,8,5,'Gacusan','Joevelyn','Ganado','F',2019,'2019-05-30'),(2807,4,NULL,'Gacutan','Geraldine','Ramos','F',2019,'2019-05-30'),(2808,4,NULL,'Gacutan','Jolina Rose','Casillan','F',2019,'2019-05-30'),(2809,4,NULL,'Gacutan','Patrick','Abboc','M',2019,'2019-05-30'),(2810,8,6,'Gacutan','Mary Grace','Gadut','F',2019,'2019-05-30'),(2811,8,6,'Gacutan','Grace','Ramos ','F',2019,'2018-12-17'),(2812,8,5,'Gacutan','Crhistopher','Galleto','M',2019,'2019-05-30'),(2813,12,NULL,'Gacutan','Princess Bonita','Galano','F',2019,'2019-05-30'),(2814,1,NULL,'Gacutan','Kristine','Sevilla','F',2019,'2019-05-30'),(2815,11,NULL,'Gacutan','Estefhano','Bañez','M',2019,'2019-05-30'),(2816,14,NULL,'Gade','Shima','Gulis','F',2019,'2019-05-30'),(2817,4,NULL,'Gadia','Jennifer','Dagusen','F',2019,'2019-05-30'),(2818,8,5,'Gadingan  ','Crisel','Valdez','F',2019,'2019-05-30'),(2819,14,NULL,'Gadut','Shiela Marie','Patindo','F',2019,'2019-05-30'),(2820,5,NULL,'Gagarin','Roselle','Valdez','F',2019,'2019-05-30'),(2821,6,4,'Gakem','Rhodalea','Espinueva','F',2019,'2019-05-30'),(2822,4,NULL,'Galaites','Lee-ar','Gambon','F',2019,'2019-05-30'),(2823,8,5,'Galaites','Arnel','Agrisola','M',2019,'2019-05-30'),(2824,5,NULL,'Galanto','John Mark','Elgamo','M',2019,'2019-05-30'),(2825,8,6,'Galanto','Hannah Mae','Tabios','F',2019,'2019-05-30'),(2826,8,5,'Galanto','Bethlie Joy','Garabilez','F',2019,'2019-05-30'),(2827,6,7,'Galay','Ramilyn','C','F',2019,'2019-05-30'),(2828,4,NULL,'Galcon','Lovelyn','Tabaco','F',2019,'2019-05-30'),(2829,1,NULL,'Galdo','Donnaville','Ganapao','F',2019,'2019-05-30'),(2830,8,6,'Galdones','Maricar','Felipe','F',2019,'2019-05-30'),(2831,2,NULL,'Galdonez','Aries','Naungayan','M',2019,'2018-07-27'),(2832,6,7,'Galicia','Jennelyn','Caleda','F',2019,'2019-05-30'),(2833,5,NULL,'Galicia','Josefina','Orpilla','F',2019,'2019-05-30'),(2834,12,NULL,'Galicia','Rona Mae','Valdez','F',2019,'2019-05-30'),(2835,2,NULL,'Galicia','Armilyn','Valdez','F',2019,'2018-05-30'),(2836,4,NULL,'Galima','Beverly Anne','','F',2019,'2019-05-30'),(2837,4,NULL,'Galima','Jona Mae','Guzman','F',2019,'2019-05-30'),(2838,8,6,'Galima','Kristelle','Gacusana','F',2019,'2019-05-30'),(2839,8,6,'Galima','Revelyn','Abenojar','F',2019,'2019-05-30'),(2840,8,5,'Galima','Maria Joemelle','Arciso','F',2019,'2019-05-30'),(2841,3,NULL,'Galimba','Neil Vince','Vicente','M',2019,'2019-05-30'),(2842,2,NULL,'Galimba','Sheila','De Guzman','F',2019,'2018-05-30'),(2843,4,NULL,'Galinato','Jan Aldrich','Rayma','M',2019,'2019-05-30'),(2844,5,NULL,'Galinato','Hanny Joy','Cudiamat','F',2019,'2019-05-30'),(2845,8,5,'Galinato','Janniela','Laygo','F',2019,'2019-05-30'),(2846,9,NULL,'Gallardo','Niño Jc','Apilo','M',2019,'2019-07-27'),(2847,10,NULL,'Galleta','Angelica','Mendoza','F',2019,'2019-05-30'),(2848,13,NULL,'Galleta','Jerome','Fabro','M',2019,'2019-05-30'),(2849,8,5,'Galleto','Geraldine','Savlon','F',2019,'2019-05-30'),(2850,6,8,'Gallibao','Leah Mae','Hipiga','F',2019,'2019-05-30'),(2851,8,6,'Galutan','Raven Joy','Quisan','F',2019,'2019-05-30'),(2852,8,5,'Galutan','Nhico','Gacilos','M',2019,'2019-05-30'),(2853,4,NULL,'Galvez','Roberto Jr.','Golez','M',2019,'2019-05-30'),(2854,8,5,'Galvez','Benjie','Lebantino','M',2019,'2019-05-30'),(2855,4,NULL,'Gamalog','Blessie Mae','Florendo','F',2019,'2019-05-30'),(2856,8,6,'Gamayen','Arnulfo','Liamido','M',2019,'2019-05-30'),(2857,8,5,'Gambito','Loren Grace','Sanchez','F',2019,'2019-05-30'),(2858,8,5,'Gamboa','Nicole Ann','Gambala','F',2019,'2019-05-30'),(2859,4,NULL,'Gambon','Kriztel Jane','Torres','F',2019,'2019-05-30'),(2860,12,NULL,'Gameng','Cristel Joy','Ramos','F',2019,'2018-12-17'),(2861,1,NULL,'Gamilde  ','Jimbo','Camacho','M',2019,'2019-05-30'),(2862,4,NULL,'Gamisera','Jerome','Pacis','M',2019,'2019-05-30'),(2863,6,3,'Gamoso','Rexon Jr.','Gabor','M',2019,'2019-05-30'),(2864,8,5,'Gamoso','Judelia','Payte','F',2019,'2019-05-30'),(2865,1,NULL,'Gamueda','Marjo','Sabado','M',2019,'2019-05-30'),(2866,1,NULL,'Gamueda','Lory Ben','Valdez','M',2019,'2018-12-17'),(2867,9,NULL,'Gamueda','Renalyn','Del Rosario','F',2019,'2019-05-30'),(2868,1,NULL,'Ganacias','Roderick','Acenas','M',2019,'2019-05-30'),(2869,12,NULL,'Ganado','Arnel','Sandaga','M',2019,'2018-12-17'),(2870,6,1,'Ganase','Kyrie','C','F',2019,'2019-05-30'),(2871,4,NULL,'Ganat','Christian Eric','Rubia','M',2019,'2019-05-30'),(2872,4,NULL,'Gander','Erica','Cabañero','F',2019,'2019-05-30'),(2873,8,5,'Gandeza','Criselda','Cudiamat','F',2019,'2019-05-30'),(2874,3,NULL,'Gaoat','Christian','Pagaduan','M',2019,'2019-05-30'),(2875,1,NULL,'Gaoat','Jenny','Naungayan','F',2019,'2019-05-30'),(2876,6,1,'Gapatan','Cherry Mae','Jimenez','F',2019,'2019-05-30'),(2877,4,NULL,'Gapate','Jhomel John','','M',2019,'2019-05-30'),(2878,12,NULL,'Gapate','Mark','Gorospe','M',2019,'2019-05-30'),(2879,4,NULL,'Garabiles','Paul Stephen','Gacutan','M',2019,'2019-05-30'),(2880,14,NULL,'Garcia','Jemelyn','Cital','F',2019,'2019-05-30'),(2881,5,NULL,'Garidan','Joyce Carole','Llanes','F',2019,'2019-05-30'),(2882,8,6,'Garinggo','Georgia','','F',2019,'2018-12-17'),(2883,8,6,'Garlejo','Jerome ','Galao','M',2019,'2019-05-30'),(2884,12,NULL,'Garnace','Mary Jo','Aglibut','F',2019,'2019-05-30'),(2885,1,NULL,'Garnace','Rubie','Galangco','F',2019,'2019-05-30'),(2886,4,NULL,'Garnatcha','Precious Grace','Tapiador','F',2019,'2019-05-30'),(2887,1,NULL,'Garpa','Diana','Moren','F',2019,'2019-05-30'),(2888,8,6,'Garringo  ','Cyan','Canogoran','F',2019,'2019-05-30'),(2889,8,6,'Gasatan','Jennifer','Dela Paz','F',2019,'2019-05-30'),(2890,3,NULL,'Gasmen','Ela May','Galanta','F',2019,'2019-05-30'),(2891,1,NULL,'Gasmen','Delma','Cudiamat','F',2019,'2019-05-30'),(2892,5,NULL,'Gassil','Anabel','Daclis','F',2019,'2019-05-30'),(2893,1,NULL,'Gassil','Jonjon','Caoaing','M',2019,'2019-05-30'),(2894,4,NULL,'Gaston','Raymund','Orine','M',2019,'2019-05-30'),(2895,1,NULL,'Gat-od','Benny','Beligan','M',2019,'2019-05-30'),(2896,8,6,'Gavina','Annafreda','Tababan','F',2019,'2019-05-30'),(2897,8,5,'Gawaen','Fema','Quitor','F',2019,'2019-05-30'),(2898,2,NULL,'Gayabang','Lemura','Manggalis','F',2019,'2018-05-30'),(2899,6,4,'Gayadan','An-ann','Ambabag','F',2019,'2019-05-30'),(2900,4,NULL,'Gironella','Clarissa','','F',2019,'2019-05-30'),(2901,5,NULL,'Gironella','Kathlene Meyh','Dangtayan','F',2019,'2019-05-30'),(2902,10,NULL,'Gomez','Marry Ann','Enaya','F',2019,'2019-05-30'),(2903,4,NULL,'Gonzales','Aaron Jayson','Gracia','M',2019,'2019-05-30'),(2904,1,NULL,'Gonzales','Geraldine','Obillo','F',2019,'2018-12-17'),(2905,6,7,'Gorospe','Lhea','H','F',2019,'2019-05-30'),(2906,5,NULL,'Goze  ','Ronalyn','Bragado','F',2019,'2019-05-30'),(2907,12,NULL,'Grapiza','Rogelyn','Cabbab','F',2019,'2019-05-30'),(2908,6,4,'Gravidez','Charlemagne','Tabuso','F',2019,'2019-05-30'),(2909,4,NULL,'Gray','Kathryn Mae','Gacusana','F',2019,'2019-05-30'),(2910,8,5,'Gray','Sharlene Cecile','Rapisura','F',2019,'2019-05-30'),(2911,9,NULL,'Gray','Chris John','Millan','M',2019,'2019-05-30'),(2912,4,NULL,'Gregorio','Mark Jayson','','M',2019,'2019-05-30'),(2913,1,NULL,'Gresola','Georgielyn','Buyacao','F',2019,'2019-05-30'),(2914,5,NULL,'Guerrero','Ginele Mae','Dal-uyen','F',2019,'2019-05-30'),(2915,6,7,'Guevara','Shane Kaye','Somera','F',2019,'2019-05-30'),(2916,4,NULL,'Guieb','Pedrito Jr.','Peña','M',2019,'2019-05-30'),(2917,4,NULL,'Guieb','Ej Bryant','Barbado','M',2019,'2019-05-30'),(2918,11,NULL,'Guilambo','Jessica Patti','Ecobar','F',2019,'2019-05-30'),(2919,4,NULL,'Guiling','Omar','Usop','M',2019,'2019-05-30'),(2920,6,7,'Guinto','Lovely Jenina','Bennagen','F',2019,'2019-05-30'),(2921,4,NULL,'Gumabon','Christine Joy','','F',2019,'2019-05-30'),(2922,6,9,'Gundran','Tricia','Luis','F',2019,'2019-05-30'),(2923,11,NULL,'Gundran','Yllen Grace','Ferrer','F',2019,'2019-05-30'),(2924,8,6,'Habab','Rea','Macenda','F',2019,'2019-05-30'),(2925,8,6,'Habab ','Cristy ','Marbel','F',2019,'2019-05-30'),(2926,8,6,'Habab  ','Queenilyn','Rona','F',2019,'2019-05-30'),(2927,1,NULL,'Haban','Michell ','Borbe','F',2019,'2018-12-17'),(2928,10,NULL,'Haban','Mary Grace','Viernes','F',2019,'2019-05-30'),(2929,11,NULL,'Haban','Julie Ann','Manzano','F',2019,'2019-05-30'),(2930,4,NULL,'Haboc','Karen','Toquero','F',2019,'2019-05-30'),(2931,10,NULL,'Haboc','Honey May','Balagtas','F',2019,'2019-05-30'),(2932,4,NULL,'Habon','Danica Jane','Baldago','F',2019,'2019-05-30'),(2933,4,NULL,'Habon','Marife','Racusa','F',2019,'2019-05-30'),(2934,6,7,'Habon','Nova Mae','Tenido','F',2019,'2019-05-30'),(2935,11,NULL,'Habon','Jovy Lyn','Asuela','F',2019,'2019-05-30'),(2936,6,1,'Hadloc','Maricel','Castro','F',2019,'2019-05-30'),(2937,9,NULL,'Haduca','Benjie','Baculo','M',2019,'2019-05-30'),(2938,10,NULL,'Haduca','Sharlien','Halunajan','F',2019,'2019-05-30'),(2939,10,NULL,'Haduca','Benjie','Baculo','M',2019,'2018-07-27'),(2940,2,NULL,'Hafalla','Sherifa','Mangornong','F',2019,'2018-05-30'),(2941,1,NULL,'Hagacer','Janica Dennise','','F',2019,'2019-05-30'),(2942,6,9,'Hagoot','Arene Jay','Bautista','M',2019,'2019-05-30'),(2943,4,NULL,'Hallegado','Jayme Anne','Cortez','F',2019,'2019-05-30'),(2944,1,NULL,'Halos','Jessa','Hachuela','F',2019,'2019-05-30'),(2945,10,NULL,'Halos','Maricon','Alcaide','F',2019,'2019-05-30'),(2946,1,NULL,'Halunajan','Rodrigo Jr.','Vilog','M',2019,'2019-05-30'),(2947,11,NULL,'Halunajan','Annie Gee','Viernes','F',2019,'2019-05-30'),(2948,10,NULL,'Heraña','Karren','Gonzales','F',2019,'2019-05-30'),(2949,4,NULL,'Hermosa','Janus','Raquepo','M',2019,'2019-05-30'),(2950,4,NULL,'Hermosura','Jeritza Maria','Hermosa','F',2019,'2019-05-30'),(2951,8,6,'Hernaez','Mark Bryan','Torres','M',2019,'2019-05-30'),(2952,8,6,'Hernanez','Mariel','Toquero','F',2019,'2019-05-30'),(2953,6,7,'Hipona','Arlon John','Borje','M',2019,'2018-12-17'),(2954,10,NULL,'Ilagan','Raizel Cyrille','Abarquez','F',2019,'2019-05-30'),(2955,8,5,'Inigo','Rhea','Llanes','F',2019,'2019-05-30'),(2956,8,5,'Inigo','Gesselle','Valdez','F',2019,'2019-05-30'),(2957,1,NULL,'Ismael','Mark Bernard','Garnace','M',2019,'2019-05-30'),(2958,4,NULL,'Jacildo','Mariam Mae','Jacinto','F',2019,'2019-05-30'),(2959,4,NULL,'Jacobe','Edlyn','Galdonez','F',2019,'2019-05-30'),(2960,6,4,'Jainar','Jonnalyn','Jadormio','F',2019,'2019-05-30'),(2961,1,NULL,'Jainar','Merry Joy','Astrero','F',2019,'2018-12-17'),(2962,3,NULL,'Jallorina','Chriselle','Baturi','F',2019,'2019-05-30'),(2963,4,NULL,'Javier','Clarisse Joy','Hachiles','F',2019,'2019-05-30'),(2964,4,NULL,'Javier','Janelle','Angala','F',2019,'2019-05-30'),(2965,4,NULL,'Javier','jinky','Rabon','F',2019,'2019-05-30'),(2966,8,6,'Javier','Shiela May','Manzano','F',2019,'2019-05-30'),(2967,1,NULL,'Javinar','Julius','Arabe','M',2019,'2019-05-30'),(2968,10,NULL,'Javonitalla','May Ann','Osorno','F',2019,'2019-05-30'),(2969,11,NULL,'Javonitalla','Eumme','Osorno','F',2019,'2019-05-30'),(2970,8,6,'Jimenez','Eliza','Bravo','F',2019,'2019-05-30'),(2971,1,NULL,'Jimenez','Luren','Foronda','M',2019,'2019-05-30'),(2972,9,NULL,'Jimenez','Jessie John','Gagto','M',2019,'2019-05-30'),(2973,3,NULL,'Juan','Giselle','Oandasan','F',2019,'2019-05-30'),(2974,2,NULL,'Jugal','Jamella','Dalay-on','F',2019,'2018-05-30'),(2975,4,NULL,'Khandaker','Shahara','Gapate','F',2019,'2019-05-30'),(2976,6,7,'Labiano','Melanie','Combas','F',2019,'2019-05-30'),(2977,5,NULL,'Labiano','Christy','Padngaran','F',2019,'2019-05-30'),(2978,8,6,'Labiano','Febilyn','Lames','F',2019,'2019-05-30'),(2979,4,NULL,'Labindao','Vianne','Flores','F',2019,'2019-05-30'),(2980,4,NULL,'Lacaden','Desiree','Foronda','F',2019,'2019-05-30'),(2981,3,NULL,'Lacaden','Shyrel Jay','Melanio','F',2019,'2019-05-30'),(2982,2,NULL,'Lacaden','Levy','Valdez','F',2019,'2018-05-30'),(2983,4,NULL,'Lacuata','Jovelyn','Tumacdang','F',2019,'2019-05-30'),(2984,1,NULL,'Lagasca','Realiza','Membredo','F',2019,'2019-05-30'),(2985,6,4,'Langcao','Jeruel','Gao-Gao','M',2019,'2019-05-30'),(2986,14,NULL,'Laoagan','Karen Jane','Dolliente','F',2019,'2019-05-30'),(2987,8,5,'Lapitan','Kumayrae Disney','Aglosolos','F',2019,'2019-05-30'),(2988,4,NULL,'Lappay','Analyn','Habon','F',2019,'2019-05-30'),(2989,11,NULL,'Lara','Darlyn','Bustamante','F',2019,'2019-05-30'),(2990,13,NULL,'Lara','Darlyn','Bustamante','F',2019,'2018-12-17'),(2991,6,7,'Lardizabal','Angeli','Monis','F',2019,'2019-05-30'),(2992,8,5,'Latawan','Rolando Jr.','Gani','M',2019,'2019-05-30'),(2993,11,NULL,'Laude','Jocelyn','Angelito','F',2019,'2019-05-30'),(2994,12,NULL,'Lavaro','Edelmyr June','Macabeo','M',2019,'2019-05-30'),(2995,3,NULL,'Laygo','Kaylin','Rabang','F',2019,'2019-05-30'),(2996,4,NULL,'Laylo','Mark Lawrence','Soliven','M',2019,'2019-05-30'),(2997,1,NULL,'Lazaga','R-Jay','Detal','M',2019,'2019-05-30'),(2998,8,6,'Lazarte','Queenci-lyn','Torres','F',2019,'2019-05-30'),(2999,11,NULL,'Lazo','Madelyn','Pusayen','F',2019,'2019-05-30'),(3000,11,NULL,'Lebantino','Feljun','Leoncio','M',2019,'2019-05-30'),(3001,14,NULL,'Legaspi','Monette','Binay-an','F',2019,'2019-05-30'),(3002,14,NULL,'Lestino','Nimfa','Cabanting','F',2019,'2019-05-30'),(3003,1,NULL,'Libagen','Kevin','Pucti','M',2019,'2019-05-30'),(3004,4,NULL,'Lim','Angelica','Bisting','F',2019,'2019-05-30'),(3005,1,NULL,'Limbo','Jayson','Austria','M',2019,'2019-05-30'),(3006,8,6,'Limon  ','Robelyn','Valdez','F',2019,'2019-05-30'),(3007,1,NULL,'Limos','John Allen','Gacula','M',2019,'2019-05-30'),(3008,8,6,'Lipato','Lhea Grace','Alipia','F',2019,'2019-05-30'),(3009,4,NULL,'Llanes','Cecille','Cortez','F',2019,'2019-05-30'),(3010,6,1,'Llanes','John Lloyd','Gonzaga','M',2019,'2019-05-30'),(3011,5,NULL,'Locquiao','Thelma','Galaites','F',2019,'2019-05-30'),(3012,4,NULL,'Lopez','John Michael','Torda','M',2019,'2019-05-30'),(3013,5,NULL,'Lorenzo','Sheema','Bansaleo','F',2019,'2019-05-30'),(3014,1,NULL,'Lorica','Ronald','Suda-i','M',2019,'2018-12-17'),(3015,1,NULL,'Lucero','Trexie','Valdez','F',2019,'2019-05-30'),(3016,8,5,'Lucina','Marlon','Novida','M',2019,'2019-05-30'),(3017,8,6,'Luna','Larraine Rose','Tejada','F',2019,'2019-05-30'),(3018,2,NULL,'Lunogan','Catherine','Mina','F',2019,'2018-05-30'),(3019,6,4,'Lupadit','Lyda','Tawagen','F',2019,'2019-05-30'),(3020,6,4,'Macailao','Almarie','Lazo','F',2019,'2019-05-30'),(3021,4,NULL,'Macasaya','Kenneth','Dominguez','M',2019,'2019-05-30'),(3022,5,NULL,'Maganis','May Joy','Magpale','F',2019,'2019-05-30'),(3023,9,NULL,'Maglinao','Emieleth Joy','Callejo','F',2019,'2019-05-30'),(3024,5,NULL,'Malazzab','Lea','Taloza','F',2019,'2019-05-30'),(3025,4,NULL,'Mallo','Realyn','Cortez','F',2019,'2019-05-30'),(3026,4,NULL,'Malucay','Beverly Rose','Bacuteng','F',2019,'2019-05-30'),(3027,1,NULL,'Managuey','Gener','Balingway','M',2019,'2019-05-30'),(3028,9,NULL,'Mangante','Vannie','Bugtong','F',2019,'2019-05-30'),(3029,11,NULL,'Mangante','Cherry','Las-igan','F',2019,'2019-05-30'),(3030,8,6,'Mangay-ayam','Christine Mae','','F',2019,'2019-05-30'),(3031,1,NULL,'Mangay-ayam','Paulo','Diza','M',2019,'2018-12-17'),(3032,4,NULL,'Manzano','Angelo','Bando','M',2019,'2019-05-30'),(3033,4,NULL,'Manzano','Joan','Jallorina','F',2019,'2019-05-30'),(3034,8,6,'Manzano','Kyra Joy','Apita','F',2019,'2019-05-30'),(3035,8,6,'Manzano','Nyziel','','F',2019,'2019-05-30'),(3036,8,6,'Manzano','Sheree','Laguesma','F',2019,'2019-05-30'),(3037,8,5,'Manzano','Divine Grace','Belano','F',2019,'2019-05-30'),(3038,1,NULL,'Manzano','Dexter','Orpilla','M',2019,'2019-05-30'),(3039,14,NULL,'Manzano','Maria Minas','Alibang','F',2019,'2019-05-30'),(3040,10,NULL,'Manzano','Jocelyn','Rondaris','F',2019,'2019-05-30'),(3041,11,NULL,'Manzano','Raquel','','F',2019,'2019-05-30'),(3042,11,NULL,'Marcena','Alvince','Bata','M',2019,'2019-05-30'),(3043,4,NULL,'Mariano','Christine Joy','Abaña','F',2019,'2019-05-30'),(3044,6,4,'Mariñas','Helen','Kiapan','F',2019,'2019-05-30'),(3045,6,1,'Marquez','Jarrazielle','Manuzon','F',2019,'2019-05-30'),(3046,8,6,'Marquez','Novelyn','Dela Cruz','F',2019,'2019-05-30'),(3047,6,7,'Martinez','Angel May','Cordova','F',2019,'2019-05-30'),(3048,3,NULL,'Martinez','Mark Francis','Arzadon','M',2019,'2019-05-30'),(3049,8,6,'Mati','Katrina','Shayne','F',2019,'2019-05-30'),(3050,9,NULL,'Medrano','Angielic Melody','Ruiz','F',2019,'2019-05-30'),(3051,1,NULL,'Mendol','Gregorio Jr.','Vergara','M',2019,'2019-05-30'),(3052,5,NULL,'Miguel','Saniata','Olag','F',2019,'2019-05-30'),(3053,8,5,'Milos','Maricris','Hachuela','F',2019,'2019-05-30'),(3054,6,1,'Mina','Angelo Paul','Fernando','M',2019,'2019-05-30'),(3055,8,5,'Mina','George','Petalbero','M',2019,'2019-05-30'),(3056,6,1,'Molina','Rhea Mae','Abarquez','F',2019,'2019-05-30'),(3057,1,NULL,'Molina','Niko','Polonio','M',2019,'2019-05-30'),(3058,1,NULL,'Molina','Ace Deon','Loque','M',2019,'2018-07-27'),(3059,4,NULL,'Molina.Charles','Roe','Adolfo','M',2019,'2019-05-30'),(3060,12,NULL,'Moron','Maria Jenefer','Guieb','F',2019,'2019-05-30'),(3061,1,NULL,'Mostrero','Jerome','Alimari','M',2019,'2019-05-30'),(3062,9,NULL,'Murillo','Judy Ann','Pangayan','F',2019,'2019-05-30'),(3063,6,7,'Natividad','Jennilyn','Galdones','F',2019,'2019-05-30'),(3064,3,NULL,'Naungayan','Clerojey','Baloran','M',2019,'2019-05-30'),(3065,8,5,'Navarrete','Rea','Gacusan','F',2019,'2019-05-30'),(3066,12,NULL,'Neri','Jayson','Alvarado','M',2019,'2019-05-30'),(3067,4,NULL,'Nicolas','Nicole Anne','Haboc','F',2019,'2019-05-30'),(3068,6,7,'Nicolas','Mary Mae','Sanchez','F',2019,'2019-05-30'),(3069,8,5,'Oandasan','Andrea Celine','Ragunton','F',2019,'2019-05-30'),(3070,4,NULL,'Ocampo','Shiella Mae','Pascua','F',2019,'2019-05-30'),(3071,4,NULL,'Ongogan','Jhebe','De Guzman','F',2019,'2019-05-30'),(3072,2,NULL,'Ordoñez','Lena Fe','Balbalan','F',2019,'2018-05-30'),(3073,4,NULL,'Orpilla','Keihl Joshua','Gonzalo','M',2019,'2019-05-30'),(3074,4,NULL,'Orpilla','Joana Rose','Gacusana','F',2019,'2019-05-30'),(3075,5,NULL,'Orpilla','Jolyna','Elefante','F',2019,'2019-05-30'),(3076,5,NULL,'Orpilla','Leah','Elefante','F',2019,'2019-05-30'),(3077,12,NULL,'Orpilla','Consuelo','Dela Cruz','F',2019,'2019-05-30'),(3078,12,NULL,'Orpilla','Rofel','Fernando','M',2019,'2019-05-30'),(3079,1,NULL,'Orpilla','Angelito','Gat-eb','M',2019,'2019-05-30'),(3080,13,NULL,'Ortiz','Aprilyn','Pangayan','F',2019,'2019-05-30'),(3081,8,5,'Oso','Marvin','Gacusana','M',2019,'2019-05-30'),(3082,2,NULL,'Pablo','Glena Marie','Dela Cruz','F',2019,'2018-05-30'),(3083,8,6,'Pacleb','Erwin','Gansaen','M',2019,'2019-05-30'),(3084,6,1,'Pacquing','Bernard','Cabatu','M',2019,'2019-05-30'),(3085,1,NULL,'Padilla','John Marlo','Rasonable','M',2019,'2019-05-30'),(3086,6,1,'Padios','Jessa','Galope','F',2019,'2019-05-30'),(3087,1,NULL,'Padron','Kenneth','Asuncion','M',2019,'2019-05-30'),(3088,8,6,'Padsing','Baby Karen','Ambog','F',2019,'2019-05-30'),(3089,4,NULL,'Pagaduan','Sheila Mae','Cortez','F',2019,'2019-05-30'),(3090,8,6,'Palino  ','Frances Erika','Gayla','F',2019,'2019-05-30'),(3091,1,NULL,'Pangayan','Marie Joy','Noto','F',2019,'2019-05-30'),(3092,3,NULL,'Pangisban','Marc Joseph','Ramos','M',2019,'2019-05-30'),(3093,3,NULL,'Parahinog','Precious Reine','Dalilis','F',2019,'2019-05-30'),(3094,9,NULL,'Parallag','Arjay','Galinato','M',2019,'2019-07-27'),(3095,3,NULL,'Pareño','Jovy','Delos Santos','F',2019,'2019-05-30'),(3096,1,NULL,'Parillo','Jimbo','Quintanilla','M',2019,'2019-05-30'),(3097,8,6,'Parra','Mark Jimboy','Tugade','M',2019,'2019-05-30'),(3098,4,NULL,'Pascua','Eleazer Jr.','Ramirez','M',2019,'2019-05-30'),(3099,4,NULL,'Pascua','Melford John','Quisisem','M',2019,'2019-05-30'),(3100,8,5,'Pascua','James','Cardo','M',2019,'2019-05-30'),(3101,3,NULL,'Pascua','Aira Marie','Longaza','F',2019,'2019-05-30'),(3102,1,NULL,'Pascua','Joey','Molina','M',2019,'2019-05-30'),(3103,1,NULL,'Pascua','Mary Grace','Galcon','F',2019,'2019-05-30'),(3104,5,NULL,'Pascual','Jannette','Abel','F',2019,'2019-05-30'),(3105,9,NULL,'Pasion','Jonalyn','Galdonez','F',2019,'2019-05-30'),(3106,8,6,'Pastoral','Jolly','Aclin','F',2019,'2019-05-30'),(3107,12,NULL,'Pastrana','Honeyllyne','Togupen','F',2019,'2019-05-30'),(3108,14,NULL,'Patinio','Jayson','Gacoscos','F',2019,'2019-05-30'),(3109,4,NULL,'Payad','Roshella','Jacildo','F',2019,'2019-05-30'),(3110,1,NULL,'Peñafiel','Gerald','Garrino','M',2019,'2018-12-17'),(3111,4,NULL,'Peralta','Jenix','Viernes','F',2019,'2019-05-30'),(3112,1,NULL,'Peralta','Geniel','Tabula','M',2019,'2019-05-30'),(3113,14,NULL,'Peralta','Maria Fe','Albuera','F',2019,'2019-05-30'),(3114,11,NULL,'Perez','Rosie','Oangonillo','',2019,'2018-07-27'),(3115,5,NULL,'Perjoles','Leony','Dizon','F',2019,'2019-05-30'),(3116,9,NULL,'Permejo ','Lhenylyn ','Mendros','F',2019,'2019-05-30'),(3117,5,NULL,'Pimentel','Joan','Ragunton','F',2019,'2019-05-30'),(3118,5,NULL,'Pimentel','Jenny Ann','Etrata','F',2019,'2019-05-30'),(3119,4,NULL,'Pineda','Andrea May','Guanzon','F',2019,'2019-05-30'),(3120,6,3,'Pineda','Alfred','','M',2019,'2019-05-30'),(3121,2,NULL,'Pollito','Marice','Iban','F',2019,'2018-05-30'),(3122,11,NULL,'Ponce','Allen','Manzano','F',2019,'2019-05-30'),(3123,4,NULL,'Ponsoy','Lea Mari Haydi','Tejada','F',2019,'2019-05-30'),(3124,4,NULL,'Purgatorio','Alona Mae','Quezon','F',2019,'2019-05-30'),(3125,10,NULL,'Quilang','Rhejenn','Luis','F',2019,'2019-05-30'),(3126,4,NULL,'Quilop','Julie Ann','Haluber','F',2019,'2019-05-30'),(3127,5,NULL,'Quines','Everly','Miguel','F',2019,'2019-05-30'),(3128,4,NULL,'Quinlat','Honey Lee','Galay','F',2019,'2019-05-30'),(3129,4,NULL,'Quiocho','Felipe Jr.','Ayson','M',2019,'2019-05-30'),(3130,1,NULL,'Quitoriano  ','Arnel','Leal','M',2019,'2019-05-30'),(3131,5,NULL,'Rabaca','Angela Mae','Torda','F',2019,'2019-05-30'),(3132,4,NULL,'Rabara','Mark Jayson','Angeles','M',2019,'2019-05-30'),(3133,8,5,'Rabe','Dominic','Bulatao','M',2019,'2019-05-30'),(3134,8,5,'Racca  ','Jedalyn','Lascota','F',2019,'2019-05-30'),(3135,4,NULL,'Radam','Crisaldo Jr.','Galleto','M',2019,'2019-05-30'),(3136,4,NULL,'Rafael','Kim Dave','Bayani','M',2019,'2019-05-30'),(3137,4,NULL,'Rafanan','Romulo Jr.','Rafanan','M',2019,'2019-05-30'),(3138,9,NULL,'Rafanan','Abigail','Buenaventura','F',2019,'2019-05-30'),(3139,1,NULL,'Ragasa','Jayson','Gadia','M',2019,'2019-05-30'),(3140,1,NULL,'Ragasa','Joy','Bennagen','F',2019,'2019-05-30'),(3141,11,NULL,'Ragasa','Angelica','Rabbon','F',2019,'2019-05-30'),(3142,4,NULL,'Raguro','Nicole','Tacud','F',2019,'2019-05-30'),(3143,10,NULL,'Ramirez','Jazlyn','Racca','F',2019,'2019-05-30'),(3144,4,NULL,'Ramos','Christine','Valeriano','F',2019,'2019-05-30'),(3145,4,NULL,'Ramos','Jimcarl','','M',2019,'2019-05-30'),(3146,5,NULL,'Ramos','Elaine','Camacho','F',2019,'2019-05-30'),(3147,8,6,'Ramos','Eugen','Almazan','M',2019,'2019-05-30'),(3148,8,6,'Ramos','Gema','Gaoat','F',2019,'2019-05-30'),(3149,8,5,'Ramos','Jestoni','Gallardo','M',2019,'2019-05-30'),(3150,9,NULL,'Ramos','Rustom','Habon','M',2019,'2019-05-30'),(3151,6,1,'Rapada','Genesis','Veronia','M',2019,'2019-05-30'),(3152,5,NULL,'Rapada','Febe','Gagarin','F',2019,'2019-05-30'),(3153,8,5,'Rapada','Mary Rose','Paion','F',2019,'2019-05-30'),(3154,4,NULL,'Rapadas','Chester','Hermosura','M',2019,'2019-05-30'),(3155,11,NULL,'Rapanot','Lea May','Fasoy','F',2019,'2019-05-30'),(3156,4,NULL,'Raras','Angelica','Benitez','F',2019,'2019-05-30'),(3157,12,NULL,'Raras','Marielle','Benitez','F',2019,'2019-05-30'),(3158,12,NULL,'Ravalo','Honey Joy','Malano','F',2019,'2019-05-30'),(3159,4,NULL,'Raymundo','Geraldine','Bañares','F',2019,'2019-05-30'),(3160,8,5,'Razon','Alyanna Joyce','Galut','F',2019,'2019-05-30'),(3161,1,NULL,'Real','Jeason','Gacusan','M',2019,'2019-05-30'),(3162,1,NULL,'Reparejo','Rica','Palima','F',2019,'2019-05-30'),(3163,8,5,'Resonable','Bryan','Higon','M',2019,'2019-05-30'),(3164,9,NULL,'Resurreccion','Joan','Paredes','F',2019,'2019-05-30'),(3165,8,6,'Reyes','Rj','','M',2019,'2019-05-30'),(3166,8,5,'Reyes','Jeric','Gacutan','M',2019,'2019-05-30'),(3167,1,NULL,'Reyes','Rock Antonio Jr.','Baobaoen','M',2019,'2019-05-30'),(3168,1,NULL,'Rigam ','Ryan ','Abalos','M',2019,'2019-05-30'),(3169,8,6,'Rigor','Aiza','Dumapit','F',2019,'2019-05-30'),(3170,10,NULL,'Riñen','April Jamie','Marquez','F',2019,'2019-05-30'),(3171,6,9,'Rintar','John Lloyd','Gabon','M',2019,'2019-05-30'),(3172,4,NULL,'Rival','Diana','Bravo','F',2019,'2019-05-30'),(3173,6,1,'Rivera','Jesabel','Dagson','F',2019,'2019-05-30'),(3174,9,NULL,'Rivera','Reden','Pascua','M',2019,'2019-05-30'),(3175,11,NULL,'Rivera','Janice','Pascua','F',2019,'2019-05-30'),(3176,4,NULL,'Rodriguez','Janery','Mendoza','F',2019,'2019-05-30'),(3177,6,1,'Rodriguez','Thelma','Bergonio','F',2019,'2019-05-30'),(3178,2,NULL,'Rodriguez','Rigel','Galut','',2019,'2018-05-30'),(3179,1,NULL,'Rodriguez  ','John Laurenz','Gandol','M',2019,'2019-05-30'),(3180,6,1,'Rojo','Edalicia Joy','U','F',2019,'2019-05-30'),(3181,6,1,'Roldan','Reslyn','Compra','F',2019,'2019-05-30'),(3182,9,NULL,'Roldan','Reina','Gamueda','F',2019,'2019-05-30'),(3183,5,NULL,'Roqueta','Marlo','Laluna','M',2019,'2019-05-30'),(3184,4,NULL,'Rosimo','Mark Dominic','Racuya','M',2019,'2019-05-30'),(3185,9,NULL,'Rous  ','Jennylyn','Rampa','F',2019,'2019-05-30'),(3186,1,NULL,'Ruar','Rozelyn','Alcantara','F',2019,'2019-05-30'),(3187,4,NULL,'Rubio','Angelita','Carbonel','F',2019,'2019-05-30'),(3188,4,NULL,'Ruiz','Jasper','Ingen','M',2019,'2019-05-30'),(3189,1,NULL,'Ruiz','Jestoni ','Valdez','M',2019,'2019-05-30'),(3190,8,5,'Rulloda','Alyssa Mae','Gravilez','F',2019,'2019-05-30'),(3191,8,6,'Sabado','Jenny Ann','Gacusan','F',2019,'2019-05-30'),(3192,6,1,'Sabado ','Kimberlyn ','Valois','F',2019,'2019-05-30'),(3193,8,5,'Sabido','Cristine','Delfin','F',2019,'2019-05-30'),(3194,6,3,'Sacla','Angelica','Piswec','F',2019,'2019-05-30'),(3195,1,NULL,'Sacyong','Marie Joy ','Fianitog','F',2019,'2018-12-17'),(3196,4,NULL,'Sagun','Edlyn','Libao','F',2019,'2019-05-30'),(3197,8,5,'Sagun','Junalyn','Misalang','F',2019,'2019-05-30'),(3198,1,NULL,'Salay','Josefa','Adayan','F',2019,'2019-05-30'),(3199,4,NULL,'Salazar','Joshua','Balisi','M',2019,'2019-05-30'),(3200,3,NULL,'Salazar','Reva Via','Gonzalo','F',2019,'2019-05-30'),(3201,11,NULL,'Salazar','Reynie Venise','Gonzalo','F',2019,'2019-05-30'),(3202,13,NULL,'Salazar','Ralph','Inigo','M',2019,'2019-05-30'),(3203,2,NULL,'Saldua','Clipsen','Rebroso','F',2019,'2018-05-30'),(3204,11,NULL,'Salem','Nor-hanifa','Macasilag','F',2019,'2019-05-30'),(3205,3,NULL,'Sales','Fritzie Grace','Gallano','F',2019,'2019-05-30'),(3206,4,NULL,'Salgado','Stephanie','','F',2019,'2019-05-30'),(3207,4,NULL,'Sanchez','Stephanie','Lavaro','F',2019,'2019-05-30'),(3208,1,NULL,'Sanchez','Marycar ','Bello','F',2019,'2018-12-17'),(3209,1,NULL,'Santiago','Yves','Nicavera','M',2019,'2019-05-30'),(3210,5,NULL,'Santolaja','Princess Joy','Rayray','F',2019,'2019-05-30'),(3211,8,5,'Santos','Judy Ann','Gorospe','F',2019,'2019-05-30'),(3212,8,5,'Sapioc','France Lancel Nick','Quidangen','M',2019,'2019-05-30'),(3213,4,NULL,'Saura','Loremie','Gabor','F',2019,'2019-05-30'),(3214,4,NULL,'Seña','Joshoua Kristoffer','Quidangen','M',2019,'2019-05-30'),(3215,2,NULL,'Serafino','Nelly Ann','Pagaduan','',2019,'2018-05-30'),(3216,4,NULL,'Servillo','Alvin','Ganiban','M',2019,'2019-05-30'),(3217,8,5,'Sevilla','Aila','Alayon','F',2019,'2018-07-27'),(3218,4,NULL,'Siglon','Vialyn','Patindo','F',2019,'2019-05-30'),(3219,1,NULL,'Silva','Chisther','Cabatas','M',2019,'2019-05-30'),(3220,9,NULL,'Sipin','Shen-lyn','Delos Santos','F',2019,'2019-07-27'),(3221,4,NULL,'Solatre','Genrio Austin','Borje','M',2019,'2019-05-30'),(3222,5,NULL,'Soliven','Julie Anne','Dewilan','F',2019,'2019-05-30'),(3223,8,5,'Soliven','Alvin','Gantol','M',2019,'2019-05-30'),(3224,8,6,'Soliven  ','Shirley','Hadoc','F',2019,'2019-05-30'),(3225,3,NULL,'Soria','Mialyn','Ruiz','F',2019,'2019-05-30'),(3226,4,NULL,'Sultan','Cedrick Abubacar','Solas','M',2019,'2019-05-30'),(3227,1,NULL,'Sumakiab','Jonald','Chua','M',2019,'2019-05-30'),(3228,8,6,'Sumbad','Jordan','Sumbad','M',2019,'2019-05-30'),(3229,5,NULL,'Sunio','Mildred','Turgano','F',2019,'2019-05-30'),(3230,1,NULL,'Tabaniag','Jomelyn','Castillo','F',2019,'2019-05-30'),(3231,1,NULL,'Tabion','Ma. Fe','Tabingo','F',2019,'2019-05-30'),(3232,1,NULL,'Talavera','Francis Teo','Hezeta','M',2019,'2019-05-30'),(3233,4,NULL,'Talledo','Jerphi','Escobar','M',2019,'2019-05-30'),(3234,1,NULL,'Tamayo','Gerold','Guzman','M',2019,'2019-05-30'),(3235,1,NULL,'Tamayo','Jovanie','Guzman','M',2019,'2019-05-30'),(3236,1,NULL,'Tamayo','Aileen','Frial','F',2019,'2019-05-30'),(3237,13,NULL,'Tamayo','Samantha','Sabacan','F',2019,'2019-05-30'),(3238,4,NULL,'Tan','April Joy','Dolores','F',2019,'2019-05-30'),(3239,11,NULL,'Tawali','Rio Roxanne','Segundo','F',2019,'2019-05-30'),(3240,1,NULL,'Tayaben','Dianne Joy','Guilambo','F',2019,'2018-12-17'),(3241,8,6,'Tejada','Daniela','Sipin','F',2019,'2019-05-30'),(3242,4,NULL,'Teodoro','Bon Joel','Fontanilla','M',2019,'2019-05-30'),(3243,6,7,'Terio','Alejandro Jr.','Guistoc','M',2019,'2018-12-17'),(3244,2,NULL,'Tobias','Amy','Naungayan','F',2019,'2018-05-30'),(3245,2,NULL,'Togupen','Lianne','Gamueda','F',2019,'2018-05-30'),(3246,4,NULL,'Tolentino','Christian Claus','Albay','M',2019,'2019-05-30'),(3247,8,6,'Tolentino','Kris Maygwen','Albay','F',2019,'2019-05-30'),(3248,8,6,'Tolentino','Jhocel','Ronquillo','F',2019,'2019-05-30'),(3249,6,8,'Tong-alan','Louis Alberto','Langas','M',2019,'2019-05-30'),(3250,8,5,'Toquero','Alvin','Jackson','M',2019,'2019-05-30'),(3251,8,5,'Toquero','Landa','Rapada','F',2019,'2019-05-30'),(3252,10,NULL,'Toquero','Laarnie','Loveria','F',2019,'2019-05-30'),(3253,8,5,'Trelles  ','Jocelyn','Tabinas','F',2019,'2019-05-30'),(3254,4,NULL,'Trupa','Roan','Fabro','F',2019,'2019-05-30'),(3255,4,NULL,'Tubera','Lovely May','Haban','F',2019,'2019-05-30'),(3256,4,NULL,'Tudayan','John Rey','Joven','M',2019,'2019-05-30'),(3257,14,NULL,'Tumacdang','Argelyn','Morales','F',2019,'2019-05-30'),(3258,14,NULL,'Tuscano','Billy Jean','Gayyed','F',2019,'2019-05-30'),(3259,6,1,'Udan','Frincess Mae','I','F',2019,'2019-05-30'),(3260,8,6,'Udarbe','Dianne','Oandasan','F',2019,'2019-05-30'),(3261,6,3,'Ugalde','Sharlyn','Rondon','F',2019,'2019-05-30'),(3262,8,6,'Ugalde','Rochelle','Mallo','F',2019,'2019-05-30'),(3263,1,NULL,'Ugalde  ','Fernando Jr.','Alcantra','M',2019,'2019-05-30'),(3264,8,5,'Umalos','Edlyn','Tugas','F',2019,'2019-05-30'),(3265,3,NULL,'Uminga','Aldrick','Benagen','M',2019,'2019-05-30'),(3266,1,NULL,'Urmin','Diego Jr.','Matias','M',2019,'2019-05-30'),(3267,11,NULL,'Utana','Jonabel','Gomintong','F',2019,'2019-05-30'),(3268,2,NULL,'Uyad','Jonalyn','Gawaen','F',2019,'2018-05-30'),(3269,4,NULL,'Valdez','Dandin','Layao','M',2019,'2019-05-30'),(3270,4,NULL,'Valdez','Mary Joy','Fabros','F',2019,'2019-05-30'),(3271,4,NULL,'Valdez','Rexielene','Galleta','F',2019,'2019-05-30'),(3272,4,NULL,'Valdez','Sherielyn','Valdez','F',2019,'2019-05-30'),(3273,5,NULL,'Valdez','Catherine','Valdez','F',2019,'2019-05-30'),(3274,8,6,'Valdez','Ruby Ann','Gagarin','F',2019,'2019-05-30'),(3275,8,5,'Valdez','Leamay-anne','','F',2019,'2019-05-30'),(3276,8,5,'Valdez','Wilfredo jr.','Habon','M',2019,'2019-05-30'),(3277,8,5,'Valdez','Charisse','','F',2019,'2019-05-30'),(3278,1,NULL,'Valdez','Adel Char','Laureaga','M',2019,'2019-05-30'),(3279,1,NULL,'Valdez','Amado Jr.','Sunggay','M',2019,'2019-05-30'),(3280,1,NULL,'Valdez','Benjie','Balutao','M',2019,'2019-05-30'),(3281,1,NULL,'Valdez','John Daryl','Cuello','M',2019,'2019-05-30'),(3282,14,NULL,'Valdez','Neslie','Sanchez','F',2019,'2019-05-30'),(3283,9,NULL,'Valdez','Estefania','Dapig','F',2019,'2019-05-30'),(3284,9,NULL,'Valdez','Sinamar','Cabangcala','F',2019,'2019-05-30'),(3285,11,NULL,'Valdez','Vanessa','','F',2019,'2019-05-30'),(3286,8,5,'Valdez  ','Jennylyn','Molina','F',2019,'2019-05-30'),(3287,1,NULL,'Valeza','Daryl','Philuna','M',2019,'2019-05-30'),(3288,8,6,'Velarde','Kristine','Roldan','F',2019,'2019-05-30'),(3289,12,NULL,'Velasco','Gemmel Mika','Tejada','F',2019,'2019-05-30'),(3290,9,NULL,'Velasco','Jean Marie','Aguro','F',2019,'2019-05-30'),(3291,8,5,'Verbo','Angel','Bagno','F',2019,'2019-05-30'),(3292,6,9,'Verzosa','Ruthea','Cruz','F',2019,'2019-05-30'),(3293,5,NULL,'Viernes','Marjoe','Manzano','M',2019,'2019-05-30'),(3294,8,5,'Viernes','Vanesa','Ballocanag','F',2019,'2019-05-30'),(3295,1,NULL,'Viernes','Simmer','Gorio','M',2019,'2019-05-30'),(3296,6,3,'Villalobos','April Joy','Barnachea','F',2019,'2018-07-27'),(3297,4,NULL,'Villanueva','Marvin','Octaviano','M',2019,'2019-05-30'),(3298,8,5,'Villanueva','Christian','Manzano','M',2019,'2019-05-30'),(3299,3,NULL,'Villanueva','May','Esio','F',2019,'2019-05-30'),(3300,1,NULL,'Villanueva','Cherrifer','Astocia','F',2019,'2019-05-30'),(3301,1,NULL,'Villanueva','Dindo','Calbayan','M',2019,'2019-05-30'),(3302,8,5,'Villanueva  ','Emmanuel Joseph','Galimba','M',2019,'2019-05-30'),(3303,8,5,'Villar','John Mark ','Jacildo','M',2019,'2018-07-27'),(3304,4,NULL,'Vilog','Brendalyn','Miranda','F',2019,'2019-05-30'),(3305,4,NULL,'Vilog','Shiela Marie','Haban','F',2019,'2019-05-30'),(3306,1,NULL,'Vilog','Darwin John','Haban','M',2019,'2019-05-30'),(3307,9,NULL,'Vilog  ','Gellie An','Haduca','F',2019,'2019-05-30'),(3308,14,NULL,'Wacan','Kathlene','Bitongan','F',2019,'2019-05-30'),(3309,6,8,'Wagennan','Aaron','Baludda','M',2019,'2019-05-30'),(3310,1,NULL,'Wattang','Sammy','Balanza','M',2019,'2019-05-30'),(3311,4,NULL,'Yagong','Cristy','Sevillo','F',2019,'2019-05-30'),(3312,1,NULL,'Yang','Kate Ericka','Rendon','F',2019,'2019-05-30'),(3313,1,NULL,'Yay-aen','Lary','Anton','M',2019,'2018-12-17'),(3314,4,NULL,'Ysit','John Henry','Gadiaza','M',2019,'2019-05-30'),(3315,1,NULL,'Yulo','Ederson Jr.','Gacayan','M',2019,'2019-05-30'),(3316,1,NULL,'Zamora  ','Kris','Cariño','M',2019,'2019-05-30'),(3317,9,NULL,'Zareno','Khristeen Pamela','Feraldo','F',2019,'2019-05-30');

/*Table structure for table `announcement` */

DROP TABLE IF EXISTS `announcement`;

CREATE TABLE `announcement` (
  `id` int(255) NOT NULL AUTO_INCREMENT,
  `question_id` int(255) DEFAULT NULL,
  `announcement` text DEFAULT NULL,
  PRIMARY KEY (`id`)
) ENGINE=InnoDB AUTO_INCREMENT=5 DEFAULT CHARSET=utf8mb4;

/*Data for the table `announcement` */

insert  into `announcement`(`id`,`question_id`,`announcement`) values (1,15,'Congratulations! You just finished answering the General Information section!'),(2,29,'Congratulations! You just finished answering the Educational Background section!'),(3,38,'Congratulations! You just finished answering the Training/Advance Studies section!'),(4,70,'Congratulations! You just finished answering the Employment Data section!');

/*Table structure for table `answer` */

DROP TABLE IF EXISTS `answer`;

CREATE TABLE `answer` (
  `id` int(255) NOT NULL AUTO_INCREMENT,
  `user_id` int(255) DEFAULT NULL,
  `question_id` int(255) DEFAULT NULL,
  `answer` text DEFAULT NULL,
  `next_question_id` int(255) DEFAULT NULL,
  PRIMARY KEY (`id`),
  KEY `FK_answer` (`question_id`),
  CONSTRAINT `FK_answer` FOREIGN KEY (`question_id`) REFERENCES `question` (`id`) ON DELETE CASCADE ON UPDATE CASCADE
) ENGINE=InnoDB AUTO_INCREMENT=387 DEFAULT CHARSET=utf8mb4;

/*Data for the table `answer` */

insert  into `answer`(`id`,`user_id`,`question_id`,`answer`,`next_question_id`) values (251,1,1,'Mark Anthony',2),(253,1,2,'Vicena',3),(254,3,1,'Jasper',2),(255,3,2,'Catabay',3),(256,3,3,'Abaya',4),(257,3,4,'Test',5),(258,3,5,'No',7),(259,3,7,'No',9),(260,3,9,'Single',10),(261,3,10,'Male',11),(262,3,11,'2022-11-02',12),(263,3,12,'REGION 1',13),(264,3,13,'LA UNION',14),(265,3,14,'City',15),(273,3,15,'Yes',16),(274,3,16,'Test',17),(275,3,17,'Test',18),(276,3,18,'2015',19),(293,3,19,'Yes',20),(294,3,20,'Valedictorian',21),(295,3,21,'No',22),(296,3,22,'Yes',23),(297,3,23,'Civil Service Professional',24),(298,3,24,'2015-06-15',25),(299,3,25,'80.85',26),(300,3,26,'No',27),(301,3,27,'[\"High Grades in the course or subject\"]',80),(302,3,80,'No',29),(303,3,29,'Yes',30),(304,3,30,'Sample training',31),(305,3,31,'6 months',32),(306,3,32,'3 units',33),(307,3,33,'DMMMSU',34),(308,3,34,'No',35),(309,3,35,'Yes',36),(310,3,36,'Yes',37),(311,3,37,'Trip',38),(312,3,38,'Yes',40),(313,3,40,'Regular or Permanent',41),(314,3,41,'Officials of Government and Special-Interest Organizations, Corporate Executives, Managers, Managing',42),(315,3,42,'NEDA RO 1',43),(316,3,43,'SFC La Union',44),(317,3,44,'Agriculture, Hunting and Forestry',45),(318,3,45,'Local',46),(319,3,46,'No',54),(320,3,54,'[\"Salaries and Benefits\"]',55),(321,3,55,'No',57),(322,3,57,'1 to 6 months',59),(323,3,59,'As walk-in applicant',61),(324,3,61,'Less than a month',63),(325,3,63,'Rank or Clerical',64),(326,3,64,'Rank or Clerical',65),(327,3,65,'Below P 5,000.00',66),(328,3,66,'No',70),(330,3,70,'None',NULL),(361,11,1,'test',2),(362,11,2,'test',3),(363,11,3,'test',4),(364,11,4,'test',5),(365,11,5,'No',7),(366,11,7,'No',9),(367,11,9,'Single',10),(368,11,10,'Male',11),(369,11,11,'2022-12-22',12),(370,11,12,'REGION 1',13),(371,11,13,'PANGASINAN',14),(372,11,14,'City',15),(380,11,15,'Yes',16),(381,11,16,'',17),(382,11,17,'',18),(383,11,18,'',19),(384,11,19,'No',21),(385,11,21,'No',22),(386,11,22,'Yes',23);

/*Table structure for table `auth_assignment` */

DROP TABLE IF EXISTS `auth_assignment`;

CREATE TABLE `auth_assignment` (
  `item_name` varchar(64) COLLATE utf8_unicode_ci NOT NULL,
  `user_id` varchar(64) COLLATE utf8_unicode_ci NOT NULL,
  `created_at` int(11) DEFAULT NULL,
  PRIMARY KEY (`item_name`,`user_id`),
  KEY `idx-auth_assignment-user_id` (`user_id`),
  CONSTRAINT `auth_assignment_ibfk_1` FOREIGN KEY (`item_name`) REFERENCES `auth_item` (`name`) ON DELETE CASCADE ON UPDATE CASCADE
) ENGINE=InnoDB DEFAULT CHARSET=utf8 COLLATE=utf8_unicode_ci;

/*Data for the table `auth_assignment` */

insert  into `auth_assignment`(`item_name`,`user_id`,`created_at`) values ('Administrator','1',1);

/*Table structure for table `auth_item` */

DROP TABLE IF EXISTS `auth_item`;

CREATE TABLE `auth_item` (
  `name` varchar(64) COLLATE utf8_unicode_ci NOT NULL,
  `type` smallint(6) NOT NULL,
  `description` text COLLATE utf8_unicode_ci DEFAULT NULL,
  `rule_name` varchar(64) COLLATE utf8_unicode_ci DEFAULT NULL,
  `data` blob DEFAULT NULL,
  `created_at` int(11) DEFAULT NULL,
  `updated_at` int(11) DEFAULT NULL,
  PRIMARY KEY (`name`),
  KEY `rule_name` (`rule_name`),
  KEY `idx-auth_item-type` (`type`),
  CONSTRAINT `auth_item_ibfk_1` FOREIGN KEY (`rule_name`) REFERENCES `auth_rule` (`name`) ON DELETE SET NULL ON UPDATE CASCADE
) ENGINE=InnoDB DEFAULT CHARSET=utf8 COLLATE=utf8_unicode_ci;

/*Data for the table `auth_item` */

insert  into `auth_item`(`name`,`type`,`description`,`rule_name`,`data`,`created_at`,`updated_at`) values ('Administrator',1,NULL,NULL,NULL,1,1),('Faculty',1,'',NULL,NULL,1670294703,1670294744);

/*Table structure for table `auth_item_child` */

DROP TABLE IF EXISTS `auth_item_child`;

CREATE TABLE `auth_item_child` (
  `parent` varchar(64) COLLATE utf8_unicode_ci NOT NULL,
  `child` varchar(64) COLLATE utf8_unicode_ci NOT NULL,
  PRIMARY KEY (`parent`,`child`),
  KEY `child` (`child`),
  CONSTRAINT `auth_item_child_ibfk_1` FOREIGN KEY (`parent`) REFERENCES `auth_item` (`name`) ON DELETE CASCADE ON UPDATE CASCADE,
  CONSTRAINT `auth_item_child_ibfk_2` FOREIGN KEY (`child`) REFERENCES `auth_item` (`name`) ON DELETE CASCADE ON UPDATE CASCADE
) ENGINE=InnoDB DEFAULT CHARSET=utf8 COLLATE=utf8_unicode_ci;

/*Data for the table `auth_item_child` */

/*Table structure for table `auth_rule` */

DROP TABLE IF EXISTS `auth_rule`;

CREATE TABLE `auth_rule` (
  `name` varchar(64) COLLATE utf8_unicode_ci NOT NULL,
  `data` blob DEFAULT NULL,
  `created_at` int(11) DEFAULT NULL,
  `updated_at` int(11) DEFAULT NULL,
  PRIMARY KEY (`name`)
) ENGINE=InnoDB DEFAULT CHARSET=utf8 COLLATE=utf8_unicode_ci;

/*Data for the table `auth_rule` */

/*Table structure for table `avatar` */

DROP TABLE IF EXISTS `avatar`;

CREATE TABLE `avatar` (
  `id` int(255) NOT NULL AUTO_INCREMENT,
  `user_id` int(255) DEFAULT NULL,
  `avatar` enum('girl','boy') DEFAULT NULL,
  PRIMARY KEY (`id`)
) ENGINE=InnoDB AUTO_INCREMENT=3 DEFAULT CHARSET=latin1;

/*Data for the table `avatar` */

insert  into `avatar`(`id`,`user_id`,`avatar`) values (2,1,'girl');

/*Table structure for table `badge` */

DROP TABLE IF EXISTS `badge`;

CREATE TABLE `badge` (
  `id` int(255) NOT NULL AUTO_INCREMENT,
  `title` text DEFAULT NULL,
  `question_id` varchar(200) DEFAULT NULL,
  `answer` text DEFAULT NULL,
  `description` text DEFAULT NULL,
  PRIMARY KEY (`id`)
) ENGINE=InnoDB AUTO_INCREMENT=14 DEFAULT CHARSET=latin1;

/*Data for the table `badge` */

insert  into `badge`(`id`,`title`,`question_id`,`answer`,`description`) values (1,'Alumni','10',NULL,'This badge is given to alumnus with verified exact name and course provided to the user registration form.'),(2,'Learner','15','Yes','This badge is given to the alumnus with bachelor degrees graduated other than the NLPSC course taken.'),(3,'Achiever','19','Yes','This badge is given to the alumnus with exemplary awards or honors received from bachelor degree/s graduated.'),(4,'Topnotch','22','Yes','This badge is given to alumnus with various examinations passed.'),(5,'Trainer','29','Yes','This badge is given to alumnus with professional or work-related training program including advance studies that contributes to the community.'),(6,'Professional','38','Yes','This badge is given to alumnus presently employed that contributes to the growth of the economy.'),(7,'Prospect','38','No','This badge is given to alumnus that never stops learning and pursue career growth.'),(8,'Contributor','45',NULL,'As a certified NLPSCian, you are the biggest contributor of the growth of our alma mater. This badge is for you. Cheers!');

/*Table structure for table `badge_user` */

DROP TABLE IF EXISTS `badge_user`;

CREATE TABLE `badge_user` (
  `id` int(255) NOT NULL AUTO_INCREMENT,
  `user_id` int(255) DEFAULT NULL,
  `badge_id` int(255) DEFAULT NULL,
  PRIMARY KEY (`id`),
  KEY `FK_badge_user` (`badge_id`),
  CONSTRAINT `FK_badge_user` FOREIGN KEY (`badge_id`) REFERENCES `badge` (`id`) ON DELETE CASCADE ON UPDATE CASCADE
) ENGINE=InnoDB AUTO_INCREMENT=25 DEFAULT CHARSET=latin1;

/*Data for the table `badge_user` */

insert  into `badge_user`(`id`,`user_id`,`badge_id`) values (1,3,1),(2,3,2),(18,3,3),(19,3,4),(20,3,5),(21,3,6),(22,3,8),(23,11,2),(24,11,4);

/*Table structure for table `college` */

DROP TABLE IF EXISTS `college`;

CREATE TABLE `college` (
  `id` int(255) NOT NULL AUTO_INCREMENT,
  `abbreviation` varchar(10) DEFAULT NULL,
  `name` text DEFAULT NULL,
  PRIMARY KEY (`id`)
) ENGINE=InnoDB AUTO_INCREMENT=4 DEFAULT CHARSET=latin1;

/*Data for the table `college` */

insert  into `college`(`id`,`abbreviation`,`name`) values (1,'CAS','COLLEGE OF ARTS AND SCIENCES'),(2,'CTE','COLLEGE OF TEACHER EDUCATION'),(3,'CBE','COLLEGE OF BUSINESS EDUCATION');

/*Table structure for table `completion` */

DROP TABLE IF EXISTS `completion`;

CREATE TABLE `completion` (
  `id` int(255) NOT NULL AUTO_INCREMENT,
  `user_id` int(255) DEFAULT NULL,
  `stage_id` int(255) DEFAULT NULL,
  `status` varchar(100) DEFAULT NULL,
  PRIMARY KEY (`id`)
) ENGINE=InnoDB AUTO_INCREMENT=10 DEFAULT CHARSET=utf8mb4;

/*Data for the table `completion` */

insert  into `completion`(`id`,`user_id`,`stage_id`,`status`) values (1,1,1,'Completed'),(2,1,2,'Completed'),(3,1,3,'Completed'),(4,1,4,'Completed'),(5,3,1,'Completed'),(6,3,2,'Completed'),(7,3,3,'Completed'),(8,3,4,'Completed'),(9,11,1,'Completed');

/*Table structure for table `course` */

DROP TABLE IF EXISTS `course`;

CREATE TABLE `course` (
  `id` int(255) NOT NULL AUTO_INCREMENT,
  `college_id` int(255) DEFAULT NULL,
  `abbreviation` varchar(10) DEFAULT NULL,
  `name` text DEFAULT NULL,
  PRIMARY KEY (`id`),
  KEY `FK_course` (`college_id`),
  CONSTRAINT `FK_course` FOREIGN KEY (`college_id`) REFERENCES `college` (`id`) ON DELETE CASCADE ON UPDATE CASCADE
) ENGINE=InnoDB AUTO_INCREMENT=16 DEFAULT CHARSET=latin1;

/*Data for the table `course` */

insert  into `course`(`id`,`college_id`,`abbreviation`,`name`) values (1,1,'BSCrim','Bachelor of Science in Criminology'),(2,1,'BSM','Bachelor of Science in Midwifery'),(3,1,'ABEng','Bachelor of Arts in English'),(4,1,'BSCS','Bachelor of Science in Computer Science'),(5,2,'BEE','Bachelor of Elementary Education'),(6,2,'BSE','Bachelor of Secondary Education'),(7,2,'BCAEd','Bachelor of Culture and Arts Education'),(8,3,'BSBA','Bachelor of Science in Business Administration'),(9,3,'BSOA','Bachelor of Science in Office Administration'),(10,3,'AsMOA','Associate in Medical Office Administration'),(11,3,'AsOA','Associate in Office Administration'),(12,1,'ABPolSci','Bachelor of Arts in Political Science'),(13,3,'CeOA','Certificate in Office Administration'),(14,1,'DiM','Diploma in Midwifery'),(15,2,'BPEd','Bachelor of Physical Education');

/*Table structure for table `follower` */

DROP TABLE IF EXISTS `follower`;

CREATE TABLE `follower` (
  `id` int(255) NOT NULL AUTO_INCREMENT,
  `follower_id` int(255) DEFAULT NULL,
  `followed_id` int(255) DEFAULT NULL,
  `datetime` datetime DEFAULT current_timestamp(),
  PRIMARY KEY (`id`)
) ENGINE=InnoDB DEFAULT CHARSET=latin1;

/*Data for the table `follower` */

/*Table structure for table `level` */

DROP TABLE IF EXISTS `level`;

CREATE TABLE `level` (
  `id` int(255) NOT NULL AUTO_INCREMENT,
  `name` varchar(250) DEFAULT NULL,
  `points_from` int(255) DEFAULT NULL,
  `points_to` int(255) DEFAULT NULL,
  PRIMARY KEY (`id`)
) ENGINE=InnoDB AUTO_INCREMENT=9 DEFAULT CHARSET=latin1;

/*Data for the table `level` */

insert  into `level`(`id`,`name`,`points_from`,`points_to`) values (1,'PARTICIPANT',0,300),(2,'ENTHUSIAST',301,600),(3,'HOTSHOT',601,900),(4,'EXPERT',901,1200),(5,'MASTER',1201,1500),(6,'GURU',1501,2500),(7,'GRANDMASTER',2501,3000),(8,'SUPERUSER',3001,5000);

/*Table structure for table `major` */

DROP TABLE IF EXISTS `major`;

CREATE TABLE `major` (
  `id` int(255) NOT NULL AUTO_INCREMENT,
  `course_id` int(255) DEFAULT NULL,
  `name` text DEFAULT NULL,
  PRIMARY KEY (`id`)
) ENGINE=InnoDB AUTO_INCREMENT=10 DEFAULT CHARSET=latin1;

/*Data for the table `major` */

insert  into `major`(`id`,`course_id`,`name`) values (1,6,'English'),(2,6,'Filipino'),(3,6,'Mathematics'),(4,6,'Social Science'),(5,8,'Human Resource Development Management'),(6,8,'Financial Management'),(7,6,'MAPEH'),(8,6,'Music'),(9,6,'General Science');

/*Table structure for table `migration` */

DROP TABLE IF EXISTS `migration`;

CREATE TABLE `migration` (
  `version` varchar(180) NOT NULL,
  `apply_time` int(11) DEFAULT NULL,
  PRIMARY KEY (`version`)
) ENGINE=InnoDB DEFAULT CHARSET=latin1;

/*Data for the table `migration` */

insert  into `migration`(`version`,`apply_time`) values ('m000000_000000_base',1565516438),('m140209_132017_init',1565516444),('m140403_174025_create_account_table',1565516446),('m140504_113157_update_tables',1565516453),('m140504_130429_create_token_table',1565516455),('m140506_102106_rbac_init',1565516996),('m140830_171933_fix_ip_field',1565516456),('m140830_172703_change_account_table_name',1565516457),('m141222_110026_update_ip_field',1565516458),('m141222_135246_alter_username_length',1565516459),('m150614_103145_update_social_account_table',1565516463),('m150623_212711_fix_username_notnull',1565516463),('m151218_234654_add_timezone_to_profile',1565516464),('m160929_103127_add_last_login_at_to_user_table',1565516465),('m170907_052038_rbac_add_index_on_auth_assignment_user_id',1565516996),('m180523_151638_rbac_updates_indexes_without_prefix',1565516997);

/*Table structure for table `nickname` */

DROP TABLE IF EXISTS `nickname`;

CREATE TABLE `nickname` (
  `id` int(255) NOT NULL AUTO_INCREMENT,
  `user_id` int(255) DEFAULT NULL,
  `nickname` varchar(20) DEFAULT NULL,
  PRIMARY KEY (`id`)
) ENGINE=InnoDB AUTO_INCREMENT=3 DEFAULT CHARSET=latin1;

/*Data for the table `nickname` */

insert  into `nickname`(`id`,`user_id`,`nickname`) values (2,1,'ganja09mae');

/*Table structure for table `option` */

DROP TABLE IF EXISTS `option`;

CREATE TABLE `option` (
  `id` int(255) NOT NULL AUTO_INCREMENT,
  `question_id` int(255) DEFAULT NULL,
  `option` varchar(200) DEFAULT NULL,
  `destination_id` int(255) DEFAULT NULL,
  PRIMARY KEY (`id`),
  KEY `FK_option` (`question_id`),
  KEY `FK_option_destination` (`destination_id`),
  CONSTRAINT `FK_option` FOREIGN KEY (`question_id`) REFERENCES `question` (`id`) ON DELETE CASCADE ON UPDATE CASCADE,
  CONSTRAINT `FK_option_destination` FOREIGN KEY (`destination_id`) REFERENCES `question` (`id`) ON DELETE CASCADE ON UPDATE CASCADE
) ENGINE=InnoDB AUTO_INCREMENT=223 DEFAULT CHARSET=utf8mb4;

/*Data for the table `option` */

insert  into `option`(`id`,`question_id`,`option`,`destination_id`) values (1,5,'Yes',6),(2,5,'No',7),(3,7,'Yes',8),(4,7,'No',9),(5,9,'Single',10),(6,9,'Married',10),(7,9,'Separated/Divorced',10),(8,9,'Married but not living with spouse',10),(9,9,'Single Parent',10),(10,9,'Widow or Widower',10),(11,10,'Male',11),(12,10,'Female',11),(13,1,'-',2),(14,2,'-',3),(15,3,'-',4),(16,4,'-',5),(17,6,'-',7),(18,8,'-',9),(19,11,'-',12),(20,12,'region-select',13),(21,13,'province-select',14),(22,14,'City',15),(23,14,'Municipality',15),(24,15,'Yes',16),(25,15,'No',22),(26,16,'-',17),(27,17,'-',18),(28,18,'-',19),(29,19,'Yes',20),(30,19,'No',21),(31,21,'Yes',16),(32,21,'No',22),(33,22,'Yes',23),(34,22,'No',27),(35,23,'-',24),(36,24,'-',25),(37,25,'-',26),(38,26,'Yes',23),(39,26,'No',27),(40,27,'High Grades in the course or subject',80),(41,27,'Good grades in high school',80),(42,27,'Influence of parents or relatives	',80),(43,27,'Peer Influence',80),(44,27,'Inspired by a role model',80),(45,27,'Strong passion for the profession',80),(46,27,'Prospect for immediate employment',80),(47,27,'Status or prestige of the profession',80),(48,27,'Availability  of course offering in\r\n  chosen institution\r\n',80),(49,27,'Prospect of career advancement',80),(50,27,'Affordable for the family',80),(51,27,'Prospect of attractive compensation',80),(52,27,'Opportunity for employment abroad',80),(53,27,'No particular choice or no better idea',80),(54,71,'Yes',72),(55,71,'No',28),(56,72,'-',28),(57,28,'High Grades in the course or subject',73),(58,28,'Good grades in high school',73),(59,28,'Influence of parents or relatives	',73),(60,28,'Peer Influence',73),(61,28,'Inspired by a role model',73),(62,28,'Strong passion for the profession',73),(63,28,'Prospect for immediate employment',73),(64,28,'Status or prestige of the profession',73),(65,28,'Availability  of course offering in',73),(66,28,'Prospect of career advancement',73),(67,28,'Affordable for the family',73),(68,28,'Prospect of attractive compensation',73),(69,28,'Opportunity for employment abroad',73),(70,28,'No particular choice or no better idea',73),(71,73,'Yes',74),(72,73,'No',29),(73,74,'-',29),(74,29,'Yes',30),(75,29,'No',38),(76,30,'-',31),(77,31,'-',32),(78,32,'-',33),(79,33,'-',34),(80,34,'Yes',30),(81,34,'No',35),(82,35,'Yes',36),(83,35,'No',36),(84,36,'Yes',37),(85,36,'No',37),(86,37,'-',38),(87,38,'Yes',40),(88,38,'No',39),(89,39,'Advance or further study',75),(90,39,'Family concern and decided not to find a job',75),(91,39,'Health-related reason(s)',75),(92,39,'Lack of work experience',75),(93,39,'No job opportunity',75),(94,39,'Did not look for a job',75),(95,75,'Yes',76),(96,75,'No',59),(97,76,'-',59),(98,38,'Never Employed',77),(99,77,'Advance or further study',78),(100,77,'Family concern and decided not to find a job',78),(101,77,'Health-related reason(s)',78),(102,77,'Lack of work experience',78),(103,77,'No job opportunity',78),(104,77,'Did not look for a job',78),(105,78,'Yes',79),(106,78,'No',70),(107,70,'-',NULL),(108,40,'Regular or Permanent',41),(109,40,'Temporary',41),(110,40,'Casual',41),(111,40,'Contractual',41),(112,40,'Self-Employed',41),(113,41,'Officials of Government and Special-Interest Organizations, Corporate Executives, Managers, Managing',42),(114,41,'Professionals',42),(115,41,'Technicians and Associate Professionals',42),(116,41,'Clerks',42),(117,41,'Service Workers and Shop and Market Sales Workers',42),(118,41,'Farmers, Forestry Workers and Fisherment',42),(119,41,'Trades and Related Workers',42),(120,41,'Plant and Machine Operators and Assemblers',42),(121,41,'Laborers and Unskilled Workers',42),(122,41,'Special Occupation',42),(123,42,'-',43),(124,43,'-',44),(125,44,'Agriculture, Hunting and Forestry',45),(126,44,'Fishing',45),(127,44,'Mining and Quarrying',45),(128,44,'Manufacturing',45),(129,44,'Electricity, Gas and Water Supply',45),(130,44,'Construction',45),(131,44,'Wholesale and Retail Trade, repair of motor vehicles, motorcycles and personal and household goods  ',45),(132,44,'Transport Storage and Communication',45),(133,44,'Financial Intermediation',45),(134,44,'Real Estate, Renting and Business Activities',45),(135,44,'Public Administration and Defense, Compulsory Social Security',45),(136,44,'Education',45),(137,44,'Health and Social Work',45),(138,44,'Other community, Social and Personal Service Activitie',45),(139,44,'Private Households with Employed Persons',45),(140,44,'Extra-territorial Organizations and Bodies',45),(141,45,'Local',46),(142,45,'Abroad',46),(143,46,'Yes',47),(144,46,'No',54),(145,47,'Salaries and benefits',48),(146,47,'Career challenge',48),(147,47,'Related to special skill',48),(148,47,'Related to course or program of study',48),(149,47,'Proximity to residence',48),(150,47,'Peer influence',48),(151,47,'Family Influence',48),(152,48,'Yes',49),(153,48,'No',50),(154,49,'-',50),(155,50,'Yes',51),(156,50,'No',54),(157,51,'Salaries and Benefits',52),(158,51,'Career challenge',52),(159,51,'Related to special skills',52),(160,51,'Proximity to residence',52),(161,52,'Yes',53),(162,52,'No',54),(163,53,'-',54),(164,54,'Salaries and Benefits',55),(165,54,'Career challenge',55),(166,54,'Related to special skills',55),(167,54,'Proximity to residence',55),(168,55,'Yes',56),(169,55,'No',57),(170,56,'-',57),(171,57,'Less than a month',59),(172,57,'1 to 6 months',59),(173,57,'7 to 11 months',59),(174,57,'1 year to less than 2 years',59),(175,57,'2 years to less than 3 years',59),(176,57,'3 years to less than 4 years',59),(177,57,'Others',58),(178,58,'-',59),(179,59,'Response to an advertisement',61),(180,59,'As walk-in applicant',61),(181,59,'Recommended by someone',61),(182,59,'Information from friends',61),(183,59,'Arranged by school’s job placement officer',61),(184,59,'Family business',61),(185,59,'Job Fair or Public Employment Service Office (PESO)',61),(186,59,'Others',60),(187,60,'-',61),(188,61,'Less than a month',63),(189,61,'1 to 6 months',63),(190,61,'7 to 11 months',63),(191,61,'1 year to less than 2 years',63),(192,61,'2 years to less than 3 years',63),(193,61,'3 years to less than 4 years',63),(194,61,'Others',62),(195,62,'-',63),(196,63,'Rank or Clerical',64),(197,63,'Professional, Technical or Supervisory',64),(198,63,'Managerial or Executive',64),(199,63,'Self-Employed',64),(200,64,'Rank or Clerical',65),(201,64,'Professional, Technical or Supervisory',65),(202,64,'Managerial or Executive',65),(203,64,'Self-Employed',65),(204,65,'Below P 5,000.00',66),(205,65,'P 5,000.00 to less than P 10,000.00    ',66),(206,65,'P 10,000.00 to less than P 15,000.00  ',66),(207,65,'P 15,000.00 to less than P 20,000.00',66),(208,65,'P 20,000.00 to less than P 25,000.00',66),(209,65,'P 25,000.00 and above',66),(210,66,'Yes',67),(211,66,'No',70),(212,67,'Communication Skills',68),(213,67,'Human Relations Skills',68),(214,67,'Entrepreneurial Skills',68),(215,67,'Problem-Solving Skills',68),(216,67,'Critical Thinking Skills',68),(217,68,'Yes',69),(218,68,'No',70),(219,69,'-',70),(220,20,'-',21),(221,80,'Yes',28),(222,80,'No',29);

/*Table structure for table `profile` */

DROP TABLE IF EXISTS `profile`;

CREATE TABLE `profile` (
  `user_id` int(11) NOT NULL,
  `name` varchar(255) COLLATE utf8_unicode_ci DEFAULT NULL,
  `public_email` varchar(255) COLLATE utf8_unicode_ci DEFAULT NULL,
  `gravatar_email` varchar(255) COLLATE utf8_unicode_ci DEFAULT NULL,
  `gravatar_id` varchar(32) COLLATE utf8_unicode_ci DEFAULT NULL,
  `location` varchar(255) COLLATE utf8_unicode_ci DEFAULT NULL,
  `website` varchar(255) COLLATE utf8_unicode_ci DEFAULT NULL,
  `bio` text COLLATE utf8_unicode_ci DEFAULT NULL,
  `timezone` varchar(40) COLLATE utf8_unicode_ci DEFAULT NULL,
  PRIMARY KEY (`user_id`),
  CONSTRAINT `fk_user_profile` FOREIGN KEY (`user_id`) REFERENCES `user` (`id`) ON DELETE CASCADE
) ENGINE=InnoDB DEFAULT CHARSET=utf8 COLLATE=utf8_unicode_ci;

/*Data for the table `profile` */

insert  into `profile`(`user_id`,`name`,`public_email`,`gravatar_email`,`gravatar_id`,`location`,`website`,`bio`,`timezone`) values (1,NULL,NULL,NULL,NULL,NULL,NULL,NULL,NULL),(3,NULL,NULL,NULL,NULL,NULL,NULL,NULL,NULL),(11,NULL,NULL,NULL,NULL,NULL,NULL,NULL,NULL);

/*Table structure for table `question` */

DROP TABLE IF EXISTS `question`;

CREATE TABLE `question` (
  `id` int(255) NOT NULL AUTO_INCREMENT,
  `stage_id` int(255) DEFAULT NULL,
  `question` text DEFAULT NULL,
  `input_type` enum('option','input') DEFAULT NULL,
  `data_type` enum('number','text','date','select','single-select','multiple-select') DEFAULT NULL,
  PRIMARY KEY (`id`)
) ENGINE=InnoDB AUTO_INCREMENT=81 DEFAULT CHARSET=utf8mb4;

/*Data for the table `question` */

insert  into `question`(`id`,`stage_id`,`question`,`input_type`,`data_type`) values (1,1,'What is your registered first name in college?<br>Format: FIRST NAME[space]EXTENSION NAME','input','text'),(2,1,'What is your registered middle name in college?','input','text'),(3,1,'What is your registered last name in college?','input','text'),(4,1,'What is your permanent address?','input','text'),(5,1,'Do you have telephone number?','option','single-select'),(6,1,'What is your telephone number?','input','number'),(7,1,'Do you have a mobile number?','option','single-select'),(8,1,'What is your mobile number?','input','number'),(9,1,'What is your civil status?','option','single-select'),(10,1,'What is your gender?','option','single-select'),(11,1,'When is your birthday?','input','date'),(12,1,'Where is your region?','input','single-select'),(13,1,'Where is your province?','input','single-select'),(14,1,'What is the location of your residence?','option','single-select'),(15,2,'Do you have other degrees taken up except your finished course in NLPSC? (Baccalaureate Degree only)','option','single-select'),(16,2,'What degree and specialization?','input','text'),(17,2,'What school did you took up the degree?','input','text'),(18,2,'What year have you graduated?','input','number'),(19,2,'Do you have honors or awards received?','option','single-select'),(20,2,'What is your honor or award received?','input','text'),(21,2,'Do you have more degree taken up?','option','single-select'),(22,2,'Do you have any professional examination passed?','option','single-select'),(23,2,'What is the name of the examination?','input','text'),(24,2,'When did you take the exam?','input','date'),(25,2,'What is your rating on the examination?','input','number'),(26,2,'Do you have other examination passed?','option','single-select'),(27,2,'Check all applicable reasons for taking up undergraduate course.','option','multiple-select'),(28,2,'Check all applicable reasons for taking up graduate studies.','option','multiple-select'),(29,3,'Do you have any professional or work-related training program including advance studies you have attended after college?','option','single-select'),(30,3,'What is the title of the training or advance study?','input','text'),(31,3,'What is the duration of the training or advance study?','input','text'),(32,3,'How many credits earned from your training or advance study?','input','number'),(33,3,'What is the name of the training institution, college, or university who conducted the training or advance study?','input','text'),(34,3,'Do you have more professional or work-related training program including advance studies you have attended after college?','option','single-select'),(35,3,'Did you pursue advance studies for promotion?','option','single-select'),(36,3,'Did you pursue advance studies for professional development?','option','single-select'),(37,3,'Please specify the reason you pursue advance studies.','input','text'),(38,4,'Are you presently employed?','option','single-select'),(39,4,'Please state the reason/s why you are not employed.','option','multiple-select'),(40,4,'What is your present employment status?','option','single-select'),(41,4,'Which category does your present occupation belongs to?','option','single-select'),(42,4,'What is the name of the company or organization of your present job?','input','text'),(43,4,'What is their business address?','input','text'),(44,4,'What is the major line of business of the company you are presently employed in?','option','single-select'),(45,4,'Where is your place of work?','option','single-select'),(46,4,'Is this your first job after college?','option','single-select'),(47,4,'What are the reasons for staying on the job?','option','multiple-select'),(48,4,'Do you have any other reason for staying on the job?','option','single-select'),(49,4,'Please specify the other reason for staying on the job.','input','text'),(50,4,'Is your first job related to the course you took up in college?','option','single-select'),(51,4,'What were your reasons for accepting the job?','option','multiple-select'),(52,4,'Do you have any other reason for accepting the job?','option','single-select'),(53,4,'Please specify the other reason for accepting the job.','input','text'),(54,4,'What were your reasons for changing job?','option','multiple-select'),(55,4,'Do you have any other reason for changing job?','option','single-select'),(56,4,'Please specify the other reason for changing job','input','text'),(57,4,'How long did you stay in your first job?','option','single-select'),(58,4,'Please specify the other duration','input','text'),(59,4,'How did you find your first job?','option','single-select'),(60,4,'Please specify the other way you find your first job.','input','text'),(61,4,'How long did it take you to land your first job?','option','single-select'),(62,4,'Please specify the other duration.','input','text'),(63,4,'What is the job level of your first job?','option','single-select'),(64,4,'What is the job level of your current or present job?','option','single-select'),(65,4,'What is your initial gross monthly earning in your first job after college?','option','single-select'),(66,4,'Was the curriculum you had in college relevant to your first job?','option','single-select'),(67,4,'What competencies learned in college did you find very useful in your first job?','option','multiple-select'),(68,4,'Any other skills learned in college you find very useful in your first job?','option','single-select'),(69,4,'Please specify the skill.','input','text'),(70,4,'List down your suggestions to further improve your course curriculum','input','text'),(71,2,'Do you have other reason for taking the undergraduate course?','option','single-select'),(72,2,'Please state the other reason for taking the undergraduate course','input','text'),(73,2,'Do you have any other reason for taking up the graduate studies?','option','single-select'),(74,2,'Please state the other reason for taking up the graduate studies.','input','text'),(75,4,'Do you have any other reason why you are not employed?','option','single-select'),(76,4,'Please state the other reason why you are not yet employed.','input','text'),(77,4,'Please state the reasons why you are not employed.','option','multiple-select'),(78,4,'Do you have any other reason why you are not employed?','option','single-select'),(79,4,'Please state the other reason why you are not employed.','input','text'),(80,2,'Did you took up Post-graduate studies?','option','single-select');

/*Table structure for table `social_account` */

DROP TABLE IF EXISTS `social_account`;

CREATE TABLE `social_account` (
  `id` int(11) NOT NULL AUTO_INCREMENT,
  `user_id` int(11) DEFAULT NULL,
  `provider` varchar(255) COLLATE utf8_unicode_ci NOT NULL,
  `client_id` varchar(255) COLLATE utf8_unicode_ci NOT NULL,
  `data` text COLLATE utf8_unicode_ci DEFAULT NULL,
  `code` varchar(32) COLLATE utf8_unicode_ci DEFAULT NULL,
  `created_at` int(11) DEFAULT NULL,
  `email` varchar(255) COLLATE utf8_unicode_ci DEFAULT NULL,
  `username` varchar(255) COLLATE utf8_unicode_ci DEFAULT NULL,
  PRIMARY KEY (`id`),
  UNIQUE KEY `account_unique` (`provider`,`client_id`),
  UNIQUE KEY `account_unique_code` (`code`),
  KEY `fk_user_account` (`user_id`),
  CONSTRAINT `fk_user_account` FOREIGN KEY (`user_id`) REFERENCES `user` (`id`) ON DELETE CASCADE
) ENGINE=InnoDB DEFAULT CHARSET=utf8 COLLATE=utf8_unicode_ci;

/*Data for the table `social_account` */

/*Table structure for table `stage` */

DROP TABLE IF EXISTS `stage`;

CREATE TABLE `stage` (
  `id` int(255) NOT NULL AUTO_INCREMENT,
  `title` text DEFAULT NULL,
  `table` varchar(200) DEFAULT NULL,
  PRIMARY KEY (`id`)
) ENGINE=InnoDB AUTO_INCREMENT=5 DEFAULT CHARSET=latin1;

/*Data for the table `stage` */

insert  into `stage`(`id`,`title`,`table`) values (1,'General Information','general_information'),(2,'Educational Background','educational_attainment'),(3,'Trainings/Advanced Studies Attended','training'),(4,'Employment Data','employment');

/*Table structure for table `tblcitymun` */

DROP TABLE IF EXISTS `tblcitymun`;

CREATE TABLE `tblcitymun` (
  `region_c` varchar(2) COLLATE utf8_unicode_ci NOT NULL,
  `province_c` varchar(2) COLLATE utf8_unicode_ci NOT NULL,
  `district_c` varchar(3) COLLATE utf8_unicode_ci NOT NULL,
  `citymun_c` varchar(2) COLLATE utf8_unicode_ci NOT NULL,
  `citymun_m` varchar(200) COLLATE utf8_unicode_ci NOT NULL,
  `lgu_type` varchar(1) COLLATE utf8_unicode_ci NOT NULL
) ENGINE=InnoDB DEFAULT CHARSET=utf8 COLLATE=utf8_unicode_ci;

/*Data for the table `tblcitymun` */

insert  into `tblcitymun`(`region_c`,`province_c`,`district_c`,`citymun_c`,`citymun_m`,`lgu_type`) values ('01','28','1','01','ADAMS','M'),('01','28','1','02','BACARRA','M'),('01','28','2','03','BADOC','M'),('01','28','1','04','BANGUI','M'),('01','28','2','11','BANNA (ESPIRITU)','M'),('01','28','1','06','BURGOS','M'),('01','28','1','07','CARASI','M'),('01','28','2','05','CITY OF BATAC','C'),('01','28','2','08','CURRIMAO','M'),('01','28','2','09','DINGRAS','M'),('01','28','1','10','DUMALNEG','M'),('01','28','1','12','LAOAG CITY (Capital)','C'),('01','28','2','13','MARCOS','M'),('01','28','2','14','NUEVA ERA','M'),('01','28','1','15','PAGUDPUD','M'),('01','28','2','16','PAOAY','M'),('01','28','1','17','PASUQUIN','M'),('01','28','1','18','PIDDIG','M'),('01','28','2','19','PINILI','M'),('01','28','2','20','SAN NICOLAS','M'),('01','28','1','21','SARRAT','M'),('01','28','2','22','SOLSONA','M'),('01','28','1','23','VINTAR','M'),('01','29','2','01','ALILEM','M'),('01','29','2','02','BANAYOYO','M'),('01','29','1','03','BANTAY','M'),('01','29','2','04','BURGOS','M'),('01','29','1','05','CABUGAO','M'),('01','29','1','07','CAOAYAN','M'),('01','29','2','08','CERVANTES','M'),('01','29','2','06','CITY OF CANDON','C'),('01','29','1','34','CITY OF VIGAN (Capital)','C'),('01','29','2','09','GALIMUYOD','M'),('01','29','2','10','GREGORIO DEL PILAR (CONCEPCION)','M'),('01','29','2','11','LIDLIDDA','M'),('01','29','1','12','MAGSINGAL','M'),('01','29','2','13','NAGBUKEL','M'),('01','29','2','14','NARVACAN','M'),('01','29','2','15','QUIRINO (ANGKAKI)','M'),('01','29','2','16','SALCEDO (BAUGEN)','M'),('01','29','2','17','SAN EMILIO','M'),('01','29','2','18','SAN ESTEBAN','M'),('01','29','1','19','SAN ILDEFONSO','M'),('01','29','1','20','SAN JUAN (LAPOG)','M'),('01','29','1','21','SAN VICENTE','M'),('01','29','2','22','SANTA','M'),('01','29','1','23','SANTA CATALINA','M'),('01','29','2','24','SANTA CRUZ','M'),('01','29','2','25','SANTA LUCIA','M'),('01','29','2','26','SANTA MARIA','M'),('01','29','2','27','SANTIAGO','M'),('01','29','1','28','SANTO DOMINGO','M'),('01','29','2','29','SIGAY','M'),('01','29','1','30','SINAIT','M'),('01','29','2','31','SUGPON','M'),('01','29','2','32','SUYO','M'),('01','29','2','33','TAGUDIN','M'),('01','33','2','01','AGOO','M'),('01','33','2','02','ARINGAY','M'),('01','33','1','03','BACNOTAN','M'),('01','33','2','04','BAGULIN','M'),('01','33','1','05','BALAOAN','M'),('01','33','1','06','BANGAR','M'),('01','33','2','07','BAUANG','M'),('01','33','2','08','BURGOS','M'),('01','33','2','09','CABA','M'),('01','33','1','14','CITY OF SAN FERNANDO (Capital)','C'),('01','33','1','10','LUNA','M'),('01','33','2','11','NAGUILIAN','M'),('01','33','2','12','PUGO','M'),('01','33','2','13','ROSARIO','M'),('01','33','1','15','SAN GABRIEL','M'),('01','33','1','16','SAN JUAN','M'),('01','33','2','17','SANTO TOMAS','M'),('01','33','1','18','SANTOL','M'),('01','33','1','19','SUDIPEN','M'),('01','33','2','20','TUBAO','M'),('01','55','1','01','AGNO','M'),('01','55','2','02','AGUILAR','M'),('01','55','5','04','ALCALA','M'),('01','55','1','05','ANDA','M'),('01','55','6','06','ASINGAN','M'),('01','55','6','07','BALUNGAO','M'),('01','55','1','08','BANI','M'),('01','55','2','09','BASISTA','M'),('01','55','5','10','BAUTISTA','M'),('01','55','3','11','BAYAMBANG','M'),('01','55','5','12','BINALONAN','M'),('01','55','2','13','BINMALEY','M'),('01','55','1','14','BOLINAO','M'),('01','55','2','15','BUGALLON','M'),('01','55','1','16','BURGOS','M'),('01','55','3','17','CALASIAO','M'),('01','55','1','03','CITY OF ALAMINOS ','C'),('01','55','5','46','CITY OF URDANETA ','C'),('01','55','4','18','DAGUPAN CITY','C'),('01','55','1','19','DASOL','M'),('01','55','1','20','INFANTA','M'),('01','55','2','21','LABRADOR','M'),('01','55','5','48','LAOAC','M'),('01','55','2','22','LINGAYEN (Capital)','M'),('01','55','1','23','MABINI','M'),('01','55','3','24','MALASIQUI','M'),('01','55','4','25','MANAOAG','M'),('01','55','4','26','MANGALDAN','M'),('01','55','2','27','MANGATAREM','M'),('01','55','3','28','MAPANDAN','M'),('01','55','6','29','NATIVIDAD','M'),('01','55','5','30','POZORRUBIO','M'),('01','55','6','31','ROSALES','M'),('01','55','3','32','SAN CARLOS CITY','C'),('01','55','4','33','SAN FABIAN','M'),('01','55','4','34','SAN JACINTO','M'),('01','55','6','35','SAN MANUEL','M'),('01','55','6','36','SAN NICOLAS','M'),('01','55','6','37','SAN QUINTIN','M'),('01','55','3','38','SANTA BARBARA','M'),('01','55','6','39','SANTA MARIA','M'),('01','55','5','40','SANTO TOMAS','M'),('01','55','5','41','SISON','M'),('01','55','1','42','SUAL','M'),('01','55','6','43','TAYUG','M'),('01','55','6','44','UMINGAN','M'),('01','55','2','45','URBIZTONDO','M'),('01','55','5','47','VILLASIS','M'),('02','09','0','01','BASCO (Capital)','M'),('02','09','0','02','ITBAYAT','M'),('02','09','0','03','IVANA','M'),('02','09','0','04','MAHATAO','M'),('02','09','0','05','SABTANG','M'),('02','09','0','06','UYUGAN','M'),('02','15','2','01','ABULUG','M'),('02','15','1','02','ALCALA','M'),('02','15','2','03','ALLACAPAN','M'),('02','15','3','04','AMULUNG','M'),('02','15','1','05','APARRI','M'),('02','15','1','06','BAGGAO','M'),('02','15','2','07','BALLESTEROS','M'),('02','15','1','08','BUGUEY','M'),('02','15','2','09','CALAYAN','M'),('02','15','1','10','CAMALANIUGAN','M'),('02','15','2','11','CLAVERIA','M'),('02','15','3','12','ENRILE','M'),('02','15','1','13','GATTARAN','M'),('02','15','1','14','GONZAGA','M'),('02','15','3','15','IGUIG','M'),('02','15','1','16','LAL-LO','M'),('02','15','2','17','LASAM','M'),('02','15','2','18','PAMPLONA','M'),('02','15','3','19','PEÑABLANCA','M'),('02','15','2','20','PIAT','M'),('02','15','2','21','RIZAL','M'),('02','15','2','22','SANCHEZ-MIRA','M'),('02','15','1','23','SANTA ANA','M'),('02','15','2','24','SANTA PRAXEDES','M'),('02','15','1','25','SANTA TERESITA','M'),('02','15','2','26','SANTO NIÑO (FAIRE)','M'),('02','15','3','27','SOLANA','M'),('02','15','3','28','TUAO','M'),('02','15','3','29','TUGUEGARAO CITY (Capital)','C'),('02','31','3','01','ALICIA','M'),('02','31','3','02','ANGADANAN','M'),('02','31','2','03','AURORA','M'),('02','31','2','04','BENITO SOLIVEN','M'),('02','31','2','05','BURGOS','M'),('02','31','1','06','CABAGAN','M'),('02','31','3','07','CABATUAN','M'),('02','31','3','08','CITY OF CAUAYAN','C'),('02','31','4','35','CITY OF SANTIAGO','I'),('02','31','4','09','CORDON','M'),('02','31','1','18','DELFIN ALBANO (MAGSAYSAY)','M'),('02','31','4','10','DINAPIGUE','M'),('02','31','1','11','DIVILACAN','M'),('02','31','4','12','ECHAGUE','M'),('02','31','2','13','GAMU','M'),('02','31','1','14','ILAGAN CITY (Capital)','C'),('02','31','4','15','JONES','M'),('02','31','3','16','LUNA','M'),('02','31','1','17','MACONACON','M'),('02','31','2','19','MALLIG','M'),('02','31','2','20','NAGUILIAN','M'),('02','31','1','21','PALANAN','M'),('02','31','2','22','QUEZON','M'),('02','31','2','23','QUIRINO','M'),('02','31','4','24','RAMON','M'),('02','31','3','25','REINA MERCEDES','M'),('02','31','2','26','ROXAS','M'),('02','31','4','27','SAN AGUSTIN','M'),('02','31','3','28','SAN GUILLERMO','M'),('02','31','4','29','SAN ISIDRO','M'),('02','31','2','30','SAN MANUEL','M'),('02','31','2','31','SAN MARIANO','M'),('02','31','3','32','SAN MATEO','M'),('02','31','1','33','SAN PABLO','M'),('02','31','1','34','SANTA MARIA','M'),('02','31','1','36','SANTO TOMAS','M'),('02','31','1','37','TUMAUINI','M'),('02','50','0','15','ALFONSO CASTANEDA','M'),('02','50','0','01','AMBAGUIO','M'),('02','50','0','02','ARITAO','M'),('02','50','0','03','BAGABAG','M'),('02','50','0','04','BAMBANG','M'),('02','50','0','05','BAYOMBONG (Capital)','M'),('02','50','0','06','DIADI','M'),('02','50','0','07','DUPAX DEL NORTE','M'),('02','50','0','08','DUPAX DEL SUR','M'),('02','50','0','09','KASIBU','M'),('02','50','0','10','KAYAPA','M'),('02','50','0','11','QUEZON','M'),('02','50','0','12','SANTA FE','M'),('02','50','0','13','SOLANO','M'),('02','50','0','14','VILLAVERDE','M'),('02','57','0','01','AGLIPAY','M'),('02','57','0','02','CABARROGUIS (Capital)','M'),('02','57','0','03','DIFFUN','M'),('02','57','0','04','MADDELA','M'),('02','57','0','06','NAGTIPUNAN','M'),('02','57','0','05','SAGUDAY','M'),('03','08','1','01','ABUCAY','M'),('03','08','2','02','BAGAC','M'),('03','08','2','03','CITY OF BALANGA (Capital)','C'),('03','08','1','04','DINALUPIHAN','M'),('03','08','1','05','HERMOSA','M'),('03','08','2','06','LIMAY','M'),('03','08','2','07','MARIVELES','M'),('03','08','1','08','MORONG','M'),('03','08','1','09','ORANI','M'),('03','08','2','10','ORION','M'),('03','08','2','11','PILAR','M'),('03','08','1','12','SAMAL','M'),('03','14','3','01','ANGAT','M'),('03','14','2','02','BALAGTAS (BIGAA)','M'),('03','14','2','03','BALIUAG','M'),('03','14','2','04','BOCAUE','M'),('03','14','1','05','BULACAN','M'),('03','14','2','06','BUSTOS','M'),('03','14','1','07','CALUMPIT','M'),('03','14','1','10','CITY OF MALOLOS (Capital)','C'),('03','14','4','12','CITY OF MEYCAUAYAN','C'),('03','14','0','20','CITY OF SAN JOSE DEL MONTE','C'),('03','14','3','24','DOÑA REMEDIOS TRINIDAD','M'),('03','14','2','08','GUIGUINTO','M'),('03','14','1','09','HAGONOY','M'),('03','14','4','11','MARILAO','M'),('03','14','3','13','NORZAGARAY','M'),('03','14','4','14','OBANDO','M'),('03','14','2','15','PANDI','M'),('03','14','1','16','PAOMBONG','M'),('03','14','2','17','PLARIDEL','M'),('03','14','1','18','PULILAN','M'),('03','14','3','19','SAN ILDEFONSO','M'),('03','14','3','21','SAN MIGUEL','M'),('03','14','3','22','SAN RAFAEL','M'),('03','14','4','23','SANTA MARIA','M'),('03','49','1','01','ALIAGA','M'),('03','49','3','02','BONGABON','M'),('03','49','3','03','CABANATUAN CITY','C'),('03','49','4','04','CABIAO','M'),('03','49','2','05','CARRANGLAN','M'),('03','49','4','08','CITY OF GAPAN','C'),('03','49','1','06','CUYAPO','M'),('03','49','3','07','GABALDON (BITULOK & SABANI)','M'),('03','49','3','09','GENERAL MAMERTO NATIVIDAD','M'),('03','49','4','10','GENERAL TINIO (PAYAPA)','M'),('03','49','1','11','GUIMBA','M'),('03','49','4','12','JAEN','M'),('03','49','3','13','LAUR','M'),('03','49','1','14','LICAB','M'),('03','49','2','15','LLANERA','M'),('03','49','2','16','LUPAO','M'),('03','49','1','18','NAMPICUAN','M'),('03','49','3','19','PALAYAN CITY (Capital)','C'),('03','49','2','20','PANTABANGAN','M'),('03','49','4','21','PEÑARANDA','M'),('03','49','1','22','QUEZON','M'),('03','49','2','23','RIZAL','M'),('03','49','4','24','SAN ANTONIO','M'),('03','49','4','25','SAN ISIDRO','M'),('03','49','2','26','SAN JOSE CITY','C'),('03','49','4','27','SAN LEONARDO','M'),('03','49','3','28','SANTA ROSA','M'),('03','49','1','29','SANTO DOMINGO','M'),('03','49','2','17','SCIENCE CITY OF MUÑOZ','C'),('03','49','1','30','TALAVERA','M'),('03','49','2','31','TALUGTUG','M'),('03','49','1','32','ZARAGOZA','M'),('03','54','1','01','ANGELES CITY','H'),('03','54','4','02','APALIT','M'),('03','54','3','03','ARAYAT','M'),('03','54','3','04','BACOLOR','M'),('03','54','4','05','CANDABA','M'),('03','54','2','16','CITY OF SAN FERNANDO (Capital)','C'),('03','54','2','06','FLORIDABLANCA','M'),('03','54','2','07','GUAGUA','M'),('03','54','2','08','LUBAO','M'),('03','54','1','09','MABALACAT CITY','C'),('03','54','4','10','MACABEBE','M'),('03','54','1','11','MAGALANG','M'),('03','54','4','12','MASANTOL','M'),('03','54','3','13','MEXICO','M'),('03','54','4','14','MINALIN','M'),('03','54','2','15','PORAC','M'),('03','54','4','17','SAN LUIS','M'),('03','54','4','18','SAN SIMON','M'),('03','54','3','19','SANTA ANA','M'),('03','54','2','20','SANTA RITA','M'),('03','54','4','21','SANTO TOMAS','M'),('03','54','2','22','SASMUAN (SEXMOAN)','M'),('03','69','1','01','ANAO','M'),('03','69','3','02','BAMBAN','M'),('03','69','1','03','CAMILING','M'),('03','69','3','04','CAPAS','M'),('03','69','2','16','CITY OF TARLAC (Capital)','C'),('03','69','3','05','CONCEPCION','M'),('03','69','2','06','GERONA','M'),('03','69','3','07','LA PAZ','M'),('03','69','1','08','MAYANTOC','M'),('03','69','1','09','MONCADA','M'),('03','69','1','10','PANIQUI','M'),('03','69','1','11','PURA','M'),('03','69','1','12','RAMOS','M'),('03','69','1','13','SAN CLEMENTE','M'),('03','69','2','18','SAN JOSE','M'),('03','69','1','14','SAN MANUEL','M'),('03','69','1','15','SANTA IGNACIA','M'),('03','69','2','17','VICTORIA','M'),('03','71','2','01','BOTOLAN','M'),('03','71','2','02','CABANGAN','M'),('03','71','2','03','CANDELARIA','M'),('03','71','1','04','CASTILLEJOS','M'),('03','71','2','05','IBA (CAPITAL)','M'),('03','71','2','06','MASINLOC','M'),('03','71','1','07','OLONGAPO CITY','H'),('03','71','2','08','PALAUIG','M'),('03','71','2','09','SAN ANTONIO','M'),('03','71','2','10','SAN FELIPE','M'),('03','71','1','11','SAN MARCELINO','M'),('03','71','2','12','SAN NARCISO','M'),('03','71','2','13','SANTA CRUZ','M'),('03','71','1','14','SUBIC','M'),('03','77','0','01','BALER (Capital)','M'),('03','77','0','02','CASIGURAN','M'),('03','77','0','03','DILASAG','M'),('03','77','0','04','DINALUNGAN','M'),('03','77','0','05','DINGALAN','M'),('03','77','0','06','DIPACULAO','M'),('03','77','0','07','MARIA AURORA','M'),('03','77','0','08','SAN LUIS','M'),('04','10','3','01','AGONCILLO','M'),('04','10','3','02','ALITAGTAG','M'),('04','10','1','03','BALAYAN','M'),('04','10','3','04','BALETE','M'),('04','10','2','05','BATANGAS CITY (Capital)','C'),('04','10','2','06','BAUAN','M'),('04','10','1','07','CALACA','M'),('04','10','1','08','CALATAGAN','M'),('04','10','3','31','CITY OF TANAUAN','C'),('04','10','3','09','CUENCA','M'),('04','10','4','10','IBAAN','M'),('04','10','3','11','LAUREL','M'),('04','10','1','12','LEMERY','M'),('04','10','1','13','LIAN','M'),('04','10','4','14','LIPA CITY','C'),('04','10','2','15','LOBO','M'),('04','10','2','16','MABINI','M'),('04','10','3','17','MALVAR','M'),('04','10','3','18','MATAASNAKAHOY','M'),('04','10','1','19','NASUGBU','M'),('04','10','4','20','PADRE GARCIA','M'),('04','10','4','21','ROSARIO','M'),('04','10','4','22','SAN JOSE','M'),('04','10','4','23','SAN JUAN','M'),('04','10','2','24','SAN LUIS','M'),('04','10','3','25','SAN NICOLAS','M'),('04','10','2','26','SAN PASCUAL','M'),('04','10','3','27','SANTA TERESITA','M'),('04','10','3','28','SANTO TOMAS','M'),('04','10','1','29','TAAL','M'),('04','10','4','30','TALISAY','M'),('04','10','4','32','TAYSAN','M'),('04','10','2','33','TINGLOY','M'),('04','10','1','34','TUY','M'),('04','21','7','01','ALFONSO','M'),('04','21','6','02','AMADEO','M'),('04','21','2','03','BACOOR CITY','C'),('04','21','5','04','CARMONA','M'),('04','21','1','05','CAVITE CITY','C'),('04','21','4','06','CITY OF DASMARIÑAS','C'),('04','21','5','23','GEN. MARIANO ALVAREZ','M'),('04','21','7','07','GENERAL EMILIO AGUINALDO','M'),('04','21','6','08','CITY OF GENERAL TRIAS',''),('04','21','3','09','IMUS CITY','C'),('04','21','7','10','INDANG','M'),('04','21','1','11','KAWIT','M'),('04','21','7','12','MAGALLANES','M'),('04','21','7','13','MARAGONDON','M'),('04','21','7','14','MENDEZ (MENDEZ-NUÑEZ)','M'),('04','21','7','15','NAIC','M'),('04','21','1','16','NOVELETA','M'),('04','21','1','17','ROSARIO','M'),('04','21','5','18','SILANG','M'),('04','21','7','19','TAGAYTAY CITY','C'),('04','21','6','20','TANZA','M'),('04','21','7','21','TERNATE','M'),('04','21','6','22','TRECE MARTIRES CITY (Capital)','C'),('04','34','3','01','ALAMINOS','M'),('04','34','2','02','BAY','M'),('04','34','2','04','CABUYAO CITY','C'),('04','34','3','06','CALAUAN','M'),('04','34','4','07','CAVINTI','M'),('04','34','1','03','CITY OF BIÑAN','C'),('04','34','2','05','CITY OF CALAMBA','C'),('04','34','1','25','CITY OF SAN PEDRO','C'),('04','34','1','28','CITY OF SANTA ROSA','C'),('04','34','4','08','FAMY','M'),('04','34','4','09','KALAYAAN','M'),('04','34','3','10','LILIW','M'),('04','34','2','11','LOS BAÑOS','M'),('04','34','4','12','LUISIANA','M'),('04','34','4','13','LUMBAN','M'),('04','34','4','14','MABITAC','M'),('04','34','4','15','MAGDALENA','M'),('04','34','4','16','MAJAYJAY','M'),('04','34','3','17','NAGCARLAN','M'),('04','34','4','18','PAETE','M'),('04','34','4','19','PAGSANJAN','M'),('04','34','4','20','PAKIL','M'),('04','34','4','21','PANGIL','M'),('04','34','4','22','PILA','M'),('04','34','3','23','RIZAL','M'),('04','34','3','24','SAN PABLO CITY','C'),('04','34','4','26','SANTA CRUZ (Capital)','M'),('04','34','4','27','SANTA MARIA','M'),('04','34','4','29','SINILOAN','M'),('04','34','3','30','VICTORIA','M'),('04','56','3','01','AGDANGAN','M'),('04','56','4','02','ALABAT','M'),('04','56','4','03','ATIMONAN','M'),('04','56','3','05','BUENAVISTA','M'),('04','56','1','06','BURDEOS','M'),('04','56','4','07','CALAUAG','M'),('04','56','2','08','CANDELARIA','M'),('04','56','3','10','CATANAUAN','M'),('04','56','1','47','CITY OF TAYABAS','C'),('04','56','2','15','DOLORES','M'),('04','56','3','16','GENERAL LUNA','M'),('04','56','1','17','GENERAL NAKAR','M'),('04','56','4','18','GUINAYANGAN','M'),('04','56','4','19','GUMACA','M'),('04','56','1','20','INFANTA','M'),('04','56','1','21','JOMALIG','M'),('04','56','4','22','LOPEZ','M'),('04','56','1','23','LUCBAN','M'),('04','56','2','24','LUCENA CITY (Capital)','H'),('04','56','3','25','MACALELON','M'),('04','56','1','27','MAUBAN','M'),('04','56','3','28','MULANAY','M'),('04','56','3','29','PADRE BURGOS','M'),('04','56','1','30','PAGBILAO','M'),('04','56','1','31','PANUKULAN','M'),('04','56','1','32','PATNANUNGAN','M'),('04','56','4','33','PEREZ','M'),('04','56','3','34','PITOGO','M'),('04','56','4','35','PLARIDEL','M'),('04','56','1','36','POLILLO','M'),('04','56','4','37','QUEZON','M'),('04','56','1','38','REAL','M'),('04','56','1','39','SAMPALOC','M'),('04','56','3','40','SAN ANDRES','M'),('04','56','2','41','SAN ANTONIO','M'),('04','56','3','42','SAN FRANCISCO (AURORA)','M'),('04','56','3','44','SAN NARCISO','M'),('04','56','2','45','SARIAYA','M'),('04','56','4','46','TAGKAWAYAN','M'),('04','56','2','48','TIAONG','M'),('04','56','3','49','UNISAN','M'),('04','58','1','01','ANGONO','M'),('04','58','2','03','BARAS','M'),('04','58','1','04','BINANGONAN','M'),('04','58','1','05','CAINTA','M'),('04','58','2','06','CARDONA','M'),('04','58','','02','CITY OF ANTIPOLO','C'),('04','58','2','07','JALA-JALA','M'),('04','58','2','09','MORONG','M'),('04','58','2','10','PILILLA','M'),('04','58','2','08','RODRIGUEZ (MONTALBAN)','M'),('04','58','2','11','SAN MATEO','M'),('04','58','2','12','TANAY','M'),('04','58','1','13','TAYTAY','M'),('04','58','2','14','TERESA','M'),('05','05','1','01','BACACAY ','M'),('05','05','2','02','CAMALIG ','M'),('05','05','3','08','CITY OF LIGAO ','C'),('05','05','1','17','CITY OF TABACO ','C'),('05','05','2','03','DARAGA (LOCSIN) ','M'),('05','05','3','04','GUINOBATAN ','M'),('05','05','3','05','JOVELLAR ','M'),('05','05','2','06','LEGAZPI CITY (Capital) ','C'),('05','05','3','07','LIBON ','M'),('05','05','1','09','MALILIPOT ','M'),('05','05','1','10','MALINAO ','M'),('05','05','2','11','MANITO ','M'),('05','05','3','12','OAS ','M'),('05','05','3','13','PIO DURAN ','M'),('05','05','3','14','POLANGUI ','M'),('05','05','2','15','RAPU-RAPU ','M'),('05','05','1','16','SANTO DOMINGO (LIBOG) ','M'),('05','05','1','18','TIWI ','M'),('05','16','0','01','BASUD ','M'),('05','16','0','02','CAPALONGA ','M'),('05','16','0','03','DAET (CAPITAL) ','M'),('05','16','0','05','JOSE PANGANIBAN ','M'),('05','16','0','06','LABO ','M'),('05','16','0','07','MERCEDES ','M'),('05','16','0','08','PARACALE ','M'),('05','16','0','04','SAN LORENZO RUIZ (IMELDA) ','M'),('05','16','0','09','SAN VICENTE ','M'),('05','16','0','10','SANTA ELENA ','M'),('05','16','0','11','TALISAY ','M'),('05','16','0','12','VINZONS ','M'),('05','17','4','01','BAAO ','M'),('05','17','4','02','BALATAN ','M'),('05','17','4','03','BATO ','M'),('05','17','2','04','BOMBON ','M'),('05','17','4','05','BUHI ','M'),('05','17','4','06','BULA ','M'),('05','17','1','07','CABUSAO ','M'),('05','17','2','08','CALABANGA ','M'),('05','17','2','09','CAMALIGAN ','M'),('05','17','2','10','CANAMAN ','M'),('05','17','3','11','CARAMOAN ','M'),('05','17','1','12','DEL GALLEGO ','M'),('05','17','2','13','GAINZA ','M'),('05','17','3','14','GARCHITORENA ','M'),('05','17','3','15','GOA ','M'),('05','17','4','16','IRIGA CITY ','C'),('05','17','3','17','LAGONOY ','M'),('05','17','1','18','LIBMANAN ','M'),('05','17','1','19','LUPI ','M'),('05','17','2','20','MAGARAO ','M'),('05','17','2','21','MILAOR ','M'),('05','17','1','22','MINALABAC ','M'),('05','17','4','23','NABUA ','M'),('05','17','2','24','NAGA CITY ','I'),('05','17','2','25','OCAMPO ','M'),('05','17','1','26','PAMPLONA ','M'),('05','17','1','27','PASACAO ','M'),('05','17','2','28','PILI (CAPITAL) ','M'),('05','17','3','29','PRESENTACION (PARUBCAN) ','M'),('05','17','1','30','RAGAY ','M'),('05','17','3','31','SAGÑAY ','M'),('05','17','1','32','SAN FERNANDO ','M'),('05','17','3','33','SAN JOSE ','M'),('05','17','1','34','SIPOCOT ','M'),('05','17','3','35','SIRUMA ','M'),('05','17','3','36','TIGAON ','M'),('05','17','3','37','TINAMBAC ','M'),('05','20','0','01','BAGAMANOC ','M'),('05','20','0','02','BARAS ','M'),('05','20','0','03','BATO ','M'),('05','20','0','04','CARAMORAN ','M'),('05','20','0','05','GIGMOTO ','M'),('05','20','0','06','PANDAN ','M'),('05','20','0','07','PANGANIBAN (PAYO) ','M'),('05','20','0','08','SAN ANDRES (CALOLBON) ','M'),('05','20','0','09','SAN MIGUEL ','M'),('05','20','0','10','VIGA ','M'),('05','20','0','11','VIRAC (Capital) ','M'),('05','41','2','01','AROROY ','M'),('05','41','2','02','BALENO ','M'),('05','41','2','03','BALUD ','M'),('05','41','1','04','BATUAN ','M'),('05','41','3','05','CATAINGAN ','M'),('05','41','3','06','CAWAYAN ','M'),('05','41','2','11','CITY OF MASBATE (Capital) ','C'),('05','41','1','07','CLAVERIA ','M'),('05','41','3','08','DIMASALANG ','M'),('05','41','3','09','ESPERANZA ','M'),('05','41','2','10','MANDAON ','M'),('05','41','2','12','MILAGROS ','M'),('05','41','2','13','MOBO ','M'),('05','41','1','14','MONREAL ','M'),('05','41','3','15','PALANAS ','M'),('05','41','3','16','PIO V. CORPUZ (LIMBUHAN) ','M'),('05','41','3','17','PLACER ','M'),('05','41','1','18','SAN FERNANDO ','M'),('05','41','1','19','SAN JACINTO ','M'),('05','41','1','20','SAN PASCUAL ','M'),('05','41','3','21','USON ','M'),('05','62','2','02','BARCELONA ','M'),('05','62','2','03','BULAN ','M'),('05','62','2','04','BULUSAN ','M'),('05','62','1','05','CASIGURAN ','M'),('05','62','1','06','CASTILLA ','M'),('05','62','1','16','CITY OF SORSOGON (Capital) ','C'),('05','62','1','07','DONSOL ','M'),('05','62','2','08','GUBAT ','M'),('05','62','2','09','IROSIN ','M'),('05','62','2','10','JUBAN ','M'),('05','62','1','11','MAGALLANES ','M'),('05','62','2','12','MATNOG ','M'),('05','62','1','13','PILAR ','M'),('05','62','2','14','PRIETO DIAZ ','M'),('05','62','2','15','SANTA MAGDALENA ','M'),('06','04','0','01','ALTAVAS','M'),('06','04','0','02','BALETE','M'),('06','04','0','03','BANGA','M'),('06','04','0','04','BATAN','M'),('06','04','0','05','BURUANGA','M'),('06','04','0','06','IBAJAY','M'),('06','04','0','07','KALIBO (Capital)','M'),('06','04','0','08','LEZO','M'),('06','04','0','09','LIBACAO','M'),('06','04','0','10','MADALAG','M'),('06','04','0','11','MAKATO','M'),('06','04','0','12','MALAY','M'),('06','04','0','13','MALINAO','M'),('06','04','0','14','NABAS','M'),('06','04','0','15','NEW WASHINGTON','M'),('06','04','0','16','NUMANCIA','M'),('06','04','0','17','TANGALAN','M'),('06','06','0','01','ANINI-Y','M'),('06','06','0','02','BARBAZA','M'),('06','06','0','03','BELISON','M'),('06','06','0','04','BUGASONG','M'),('06','06','0','05','CALUYA','M'),('06','06','0','06','CULASI','M'),('06','06','0','08','HAMTIC','M'),('06','06','0','09','LAUA-AN','M'),('06','06','0','10','LIBERTAD','M'),('06','06','0','11','PANDAN','M'),('06','06','0','12','PATNONGON','M'),('06','06','0','13','SAN JOSE (Capital)','M'),('06','06','0','14','SAN REMIGIO','M'),('06','06','0','15','SEBASTE','M'),('06','06','0','16','SIBALOM','M'),('06','06','0','17','TIBIAO','M'),('06','06','0','07','TOBIAS FORNIER (DAO)','M'),('06','06','0','18','VALDERRAMA','M'),('06','19','2','01','CUARTERO','M'),('06','19','2','02','DAO','M'),('06','19','2','03','DUMALAG','M'),('06','19','2','04','DUMARAO','M'),('06','19','2','05','IVISAN','M'),('06','19','2','06','JAMINDAN','M'),('06','19','1','07','MA-AYON','M'),('06','19','2','08','MAMBUSAO','M'),('06','19','1','09','PANAY','M'),('06','19','1','10','PANITAN','M'),('06','19','1','11','PILAR','M'),('06','19','1','12','PONTEVEDRA','M'),('06','19','1','13','PRESIDENT ROXAS','M'),('06','19','1','14','ROXAS CITY (Capital)','C'),('06','19','2','15','SAPI-AN','M'),('06','19','2','16','SIGMA','M'),('06','19','2','17','TAPAZ','M'),('06','30','5','01','AJUY','M'),('06','30','2','02','ALIMODIAN','M'),('06','30','4','03','ANILAO','M'),('06','30','3','04','BADIANGAN','M'),('06','30','5','05','BALASAN','M'),('06','30','4','06','BANATE','M'),('06','30','4','07','BAROTAC NUEVO','M'),('06','30','5','08','BAROTAC VIEJO','M'),('06','30','5','09','BATAD','M'),('06','30','3','10','BINGAWAN','M'),('06','30','3','12','CABATUAN','M'),('06','30','3','13','CALINOG','M'),('06','30','5','14','CARLES','M'),('06','30','4','35','CITY OF PASSI','C'),('06','30','5','15','CONCEPCION','M'),('06','30','4','16','DINGLE','M'),('06','30','4','17','DUEÑAS','M'),('06','30','4','18','DUMANGAS','M'),('06','30','5','19','ESTANCIA','M'),('06','30','1','20','GUIMBAL','M'),('06','30','1','21','IGBARAS','M'),('06','30','0','22','ILOILO CITY (Capital)','H'),('06','30','3','23','JANIUAY','M'),('06','30','3','25','LAMBUNAO','M'),('06','30','2','26','LEGANES','M'),('06','30','5','27','LEMERY','M'),('06','30','2','28','LEON','M'),('06','30','3','29','MAASIN','M'),('06','30','1','30','MIAGAO','M'),('06','30','3','31','MINA','M'),('06','30','2','32','NEW LUCENA','M'),('06','30','1','34','OTON','M'),('06','30','2','36','PAVIA','M'),('06','30','3','37','POTOTAN','M'),('06','30','5','38','SAN DIONISIO','M'),('06','30','4','39','SAN ENRIQUE','M'),('06','30','1','40','SAN JOAQUIN','M'),('06','30','2','41','SAN MIGUEL','M'),('06','30','5','42','SAN RAFAEL','M'),('06','30','2','43','SANTA BARBARA','M'),('06','30','5','44','SARA','M'),('06','30','1','45','TIGBAUAN','M'),('06','30','1','46','TUBUNGAN','M'),('06','30','2','47','ZARRAGA','M'),('06','79','0','01','BUENAVISTA','M'),('06','79','0','02','JORDAN (Capital)','M'),('06','79','0','03','NUEVA VALENCIA','M'),('06','79','0','04','SAN LORENZO','M'),('06','79','0','05','SIBUNAG','M'),('07','12','1','01','ALBURQUERQUE','M'),('07','12','3','02','ALICIA','M'),('07','12','3','03','ANDA','M'),('07','12','1','04','ANTEQUERA','M'),('07','12','1','05','BACLAYON','M'),('07','12','1','06','BALILIHAN','M'),('07','12','3','07','BATUAN','M'),('07','12','2','48','BIEN UNIDO','M'),('07','12','3','08','BILAR','M'),('07','12','2','09','BUENAVISTA','M'),('07','12','1','10','CALAPE','M'),('07','12','3','11','CANDIJAY','M'),('07','12','3','12','CARMEN','M'),('07','12','1','13','CATIGBIAN','M'),('07','12','2','14','CLARIN','M'),('07','12','1','15','CORELLA','M'),('07','12','1','16','CORTES','M'),('07','12','2','17','DAGOHOY','M'),('07','12','2','18','DANAO','M'),('07','12','1','19','DAUIS','M'),('07','12','3','20','DIMIAO','M'),('07','12','3','21','DUERO','M'),('07','12','3','22','GARCIA HERNANDEZ','M'),('07','12','2','26','GETAFE (JETAFE)','M'),('07','12','3','23','GUINDULMAN','M'),('07','12','2','24','INABANGA','M'),('07','12','3','25','JAGNA','M'),('07','12','3','27','LILA','M'),('07','12','3','28','LOAY','M'),('07','12','3','29','LOBOC','M'),('07','12','1','30','LOON','M'),('07','12','3','31','MABINI','M'),('07','12','1','32','MARIBOJOC','M'),('07','12','1','33','PANGLAO','M'),('07','12','3','34','PILAR','M'),('07','12','2','35','PRES. CARLOS P. GARCIA (PITOGO)','M'),('07','12','2','36','SAGBAYAN (BORJA)','M'),('07','12','2','37','SAN ISIDRO','M'),('07','12','2','38','SAN MIGUEL','M'),('07','12','3','39','SEVILLA','M'),('07','12','3','40','SIERRA BULLONES','M'),('07','12','1','41','SIKATUNA','M'),('07','12','1','42','TAGBILARAN CITY (Capital)','C'),('07','12','2','43','TALIBON','M'),('07','12','2','44','TRINIDAD','M'),('07','12','1','45','TUBIGON','M'),('07','12','2','46','UBAY','M'),('07','12','3','47','VALENCIA','M'),('07','22','2','01','ALCANTARA','M'),('07','22','2','02','ALCOY','M'),('07','22','2','03','ALEGRIA','M'),('07','22','3','04','ALOGUINSAN','M'),('07','22','2','05','ARGAO','M'),('07','22','3','06','ASTURIAS','M'),('07','22','2','07','BADIAN','M'),('07','22','3','08','BALAMBAN','M'),('07','22','4','09','BANTAYAN','M'),('07','22','3','10','BARILI','M'),('07','22','2','12','BOLJOON','M'),('07','22','5','13','BORBON','M'),('07','22','5','15','CARMEN','M'),('07','22','5','16','CATMON','M'),('07','22','','17','CEBU CITY (Capital)','H'),('07','22','4','11','CITY OF BOGO','C'),('07','22','1','14','CITY OF CARCAR','C'),('07','22','1','34','CITY OF NAGA','C'),('07','22','1','50','CITY OF TALISAY','C'),('07','22','5','18','COMPOSTELA','M'),('07','22','6','19','CONSOLACION','M'),('07','22','6','20','CORDOBA','M'),('07','22','4','21','DAANBANTAYAN','M'),('07','22','2','22','DALAGUETE','M'),('07','22','5','23','DANAO CITY','C'),('07','22','2','24','DUMANJUG','M'),('07','22','2','25','GINATILAN','M'),('07','22','0','26','LAPU-LAPU CITY (OPON)','H'),('07','22','5','27','LILOAN','M'),('07','22','4','28','MADRIDEJOS','M'),('07','22','2','29','MALABUYOC','M'),('07','22','6','30','MANDAUE CITY','C'),('07','22','4','31','MEDELLIN','M'),('07','22','1','32','MINGLANILLA','M'),('07','22','2','33','MOALBOAL','M'),('07','22','2','35','OSLOB','M'),('07','22','5','36','PILAR','M'),('07','22','3','37','PINAMUNGAHAN','M'),('07','22','5','38','PORO','M'),('07','22','2','39','RONDA','M'),('07','22','2','40','SAMBOAN','M'),('07','22','1','41','SAN FERNANDO','M'),('07','22','5','42','SAN FRANCISCO','M'),('07','22','4','43','SAN REMIGIO','M'),('07','22','4','44','SANTA FE','M'),('07','22','2','45','SANTANDER','M'),('07','22','1','46','SIBONGA','M'),('07','22','5','47','SOGOD','M'),('07','22','4','48','TABOGON','M'),('07','22','4','49','TABUELAN','M'),('07','22','3','51','TOLEDO CITY','C'),('07','22','3','52','TUBURAN','M'),('07','22','5','53','TUDELA','M'),('07','61','0','01','ENRIQUE VILLANUEVA','M'),('07','61','0','02','LARENA','M'),('07','61','0','03','LAZI','M'),('07','61','0','04','MARIA','M'),('07','61','0','05','SAN JUAN','M'),('07','61','0','06','SIQUIJOR (Capital)','M'),('08','26','0','01','ARTECHE','M'),('08','26','0','02','BALANGIGA','M'),('08','26','0','03','BALANGKAYAN','M'),('08','26','0','05','CAN-AVID','M'),('08','26','0','04','CITY OF BORONGAN (Capital)','C'),('08','26','0','06','DOLORES','M'),('08','26','0','07','GENERAL MACARTHUR','M'),('08','26','0','08','GIPORLOS','M'),('08','26','0','09','GUIUAN','M'),('08','26','0','10','HERNANI','M'),('08','26','0','11','JIPAPAD','M'),('08','26','0','12','LAWAAN','M'),('08','26','0','13','LLORENTE','M'),('08','26','0','14','MASLOG','M'),('08','26','0','15','MAYDOLONG','M'),('08','26','0','16','MERCEDES','M'),('08','26','0','17','ORAS','M'),('08','26','0','18','QUINAPONDAN','M'),('08','26','0','19','SALCEDO','M'),('08','26','0','20','SAN JULIAN','M'),('08','26','0','21','SAN POLICARPO','M'),('08','26','0','22','SULAT','M'),('08','26','0','23','TAFT','M'),('08','37','5','01','ABUYOG','M'),('08','37','1','02','ALANGALANG','M'),('08','37','4','03','ALBUERA','M'),('08','37','1','05','BABATNGON','M'),('08','37','2','06','BARUGO','M'),('08','37','5','07','BATO','M'),('08','37','2','10','BURAUEN','M'),('08','37','3','13','CALUBIAN','M'),('08','37','2','14','CAPOOCAN','M'),('08','37','2','15','CARIGARA','M'),('08','37','5','08','CITY OF BAYBAY','C'),('08','37','2','17','DAGAMI','M'),('08','37','2','18','DULAG','M'),('08','37','5','19','HILONGOS','M'),('08','37','5','20','HINDANG','M'),('08','37','5','21','INOPACAN','M'),('08','37','4','22','ISABEL','M'),('08','37','2','23','JARO','M'),('08','37','5','24','JAVIER (BUGHO)','M'),('08','37','2','25','JULITA','M'),('08','37','4','26','KANANGA','M'),('08','37','2','28','LA PAZ','M'),('08','37','3','29','LEYTE','M'),('08','37','2','30','MACARTHUR','M'),('08','37','5','31','MAHAPLAG','M'),('08','37','4','33','MATAG-OB','M'),('08','37','5','34','MATALOM','M'),('08','37','2','35','MAYORGA','M'),('08','37','4','36','MERIDA','M'),('08','37','4','38','ORMOC CITY','I'),('08','37','1','39','PALO','M'),('08','37','4','40','PALOMPON','M'),('08','37','2','41','PASTRANA','M'),('08','37','3','42','SAN ISIDRO','M'),('08','37','1','43','SAN MIGUEL','M'),('08','37','1','44','SANTA FE','M'),('08','37','3','45','TABANGO','M'),('08','37','2','46','TABONTABON','M'),('08','37','1','47','TACLOBAN CITY (Capital)','H'),('08','37','1','48','TANAUAN','M'),('08','37','1','49','TOLOSA','M'),('08','37','2','50','TUNGA','M'),('08','37','3','51','VILLABA','M'),('08','48','1','01','ALLEN','M'),('08','48','1','02','BIRI','M'),('08','48','1','03','BOBON','M'),('08','48','1','04','CAPUL','M'),('08','48','1','05','CATARMAN (Capital)','M'),('08','48','2','06','CATUBIG','M'),('08','48','2','07','GAMAY','M'),('08','48','2','08','LAOANG','M'),('08','48','2','09','LAPINIG','M'),('08','48','2','10','LAS NAVAS','M'),('08','48','1','11','LAVEZARES','M'),('08','48','1','24','LOPE DE VEGA','M'),('08','48','2','12','MAPANAS','M'),('08','48','1','13','MONDRAGON','M'),('08','48','2','14','PALAPAG','M'),('08','48','2','15','PAMBUJAN','M'),('08','48','1','16','ROSARIO','M'),('08','48','1','17','SAN ANTONIO','M'),('08','48','1','18','SAN ISIDRO','M'),('08','48','1','19','SAN JOSE','M'),('08','48','2','20','SAN ROQUE','M'),('08','48','1','21','SAN VICENTE','M'),('08','48','2','22','SILVINO LOBOS','M'),('08','48','1','23','VICTORIA','M'),('08','60','1','01','ALMAGRO','M'),('08','60','2','02','BASEY','M'),('08','60','1','03','CALBAYOG CITY','C'),('08','60','2','04','CALBIGA','M'),('08','60','2','05','CITY OF CATBALOGAN (Capital)','C'),('08','60','2','06','DARAM','M'),('08','60','1','07','GANDARA','M'),('08','60','2','08','HINABANGAN','M'),('08','60','2','09','JIABONG','M'),('08','60','2','10','MARABUT','M'),('08','60','1','11','MATUGUINAO','M'),('08','60','2','12','MOTIONG','M'),('08','60','1','26','PAGSANGHAN','M'),('08','60','2','22','PARANAS (WRIGHT)','M'),('08','60','2','13','PINABACDAO','M'),('08','60','1','25','SAN JORGE','M'),('08','60','2','14','SAN JOSE DE BUAN','M'),('08','60','2','15','SAN SEBASTIAN','M'),('08','60','1','16','SANTA MARGARITA','M'),('08','60','2','17','SANTA RITA','M'),('08','60','1','18','SANTO NIÑO','M'),('08','60','1','24','TAGAPUL-AN','M'),('08','60','2','19','TALALORA','M'),('08','60','1','20','TARANGNAN','M'),('08','60','2','21','VILLAREAL','M'),('08','60','2','23','ZUMARRAGA','M'),('08','64','0','01','ANAHAWAN','M'),('08','64','0','02','BONTOC','M'),('08','64','0','07','CITY OF MAASIN (Capital)','C'),('08','64','0','03','HINUNANGAN','M'),('08','64','0','04','HINUNDAYAN','M'),('08','64','0','05','LIBAGON','M'),('08','64','0','06','LILOAN','M'),('08','64','0','19','LIMASAWA','M'),('08','64','0','08','MACROHON','M'),('08','64','0','09','MALITBOG','M'),('08','64','0','10','PADRE BURGOS','M'),('08','64','0','11','PINTUYAN','M'),('08','64','0','12','SAINT BERNARD','M'),('08','64','0','13','SAN FRANCISCO','M'),('08','64','0','14','SAN JUAN (CABALIAN)','M'),('08','64','0','15','SAN RICARDO','M'),('08','64','0','16','SILAGO','M'),('08','64','0','17','SOGOD','M'),('08','64','0','18','TOMAS OPPUS','M'),('08','78','0','01','ALMERIA','M'),('08','78','0','02','BILIRAN','M'),('08','78','0','03','CABUCGAYAN','M'),('08','78','0','04','CAIBIRAN','M'),('08','78','0','05','CULABA','M'),('08','78','0','06','KAWAYAN','M'),('08','78','0','07','MARIPIPI','M'),('08','78','0','08','NAVAL (Capital)','M'),('09','72','3','26','BACUNGAN (LEON T. POSTIGO) ','M'),('09','72','3','24','BALIGUIAN ','M'),('09','72','1','01','DAPITAN CITY ','C'),('09','72','2','02','DIPOLOG CITY (Capital) ','C'),('09','72','3','25','GODOD ','M'),('09','72','3','23','GUTALAC ','M'),('09','72','2','22','JOSE DALMAN (PONOT) ','M'),('09','72','3','27','KALAWIT ','M'),('09','72','2','03','KATIPUNAN ','M'),('09','72','1','04','LA LIBERTAD ','M'),('09','72','3','05','LABASON ','M'),('09','72','3','06','LILOY ','M'),('09','72','2','07','MANUKAN ','M'),('09','72','1','08','MUTIA ','M'),('09','72','1','09','PIÑAN (NEW PIÑAN) ','M'),('09','72','1','10','POLANCO ','M'),('09','72','2','11','PRES. MANUEL A. ROXAS ','M'),('09','72','1','12','RIZAL ','M'),('09','72','3','13','SALUG ','M'),('09','72','1','14','SERGIO OSMEÑA SR. ','M'),('09','72','2','15','SIAYAN ','M'),('09','72','3','16','SIBUCO ','M'),('09','72','1','17','SIBUTAD ','M'),('09','72','2','18','SINDANGAN ','M'),('09','72','3','19','SIOCON ','M'),('09','72','3','20','SIRAWAI ','M'),('09','72','3','21','TAMPILISAN ','M'),('09','73','1','02','AURORA ','M'),('09','73','2','03','BAYOG ','M'),('09','73','2','05','DIMATALING ','M'),('09','73','2','06','DINAS ','M'),('09','73','2','07','DUMALINAO ','M'),('09','73','1','08','DUMINGAG ','M'),('09','73','2','43','GUIPOS ','M'),('09','73','1','37','JOSEFINA ','M'),('09','73','2','11','KUMALARANG ','M'),('09','73','1','12','LABANGAN ','M'),('09','73','2','33','LAKEWOOD ','M'),('09','73','2','13','LAPUYAN ','M'),('09','73','1','15','MAHAYAG ','M'),('09','73','2','17','MARGOSATUBIG ','M'),('09','73','1','18','MIDSALIP ','M'),('09','73','1','19','MOLAVE ','M'),('09','73','1','22','PAGADIAN CITY (Capital) ','C'),('09','73','2','38','PITOGO ','M'),('09','73','1','23','RAMON MAGSAYSAY (LIARGO) ','M'),('09','73','2','24','SAN MIGUEL ','M'),('09','73','2','25','SAN PABLO ','M'),('09','73','1','40','SOMINOT (DON MARIANO MARCOS)','M'),('09','73','2','27','TABINA ','M'),('09','73','1','28','TAMBULIG ','M'),('09','73','2','44','TIGBAO ','M'),('09','73','1','30','TUKURAN ','M'),('09','73','2','41','VINCENZO A. SAGUN ','M'),('09','73','2 L','32','ZAMBOANGA CITY ','H'),('09','83','1','01','ALICIA','M'),('09','83','1','02','BUUG','M'),('09','83','1','03','DIPLAHAN','M'),('09','83','1','04','IMELDA ','M'),('09','83','2','05','IPIL (Capital)','M'),('09','83','2','06','KABASALAN ','M'),('09','83','1','07','MABUHAY','M'),('09','83','1','08','MALANGAS','M'),('09','83','2','09','NAGA','M'),('09','83','1','10','OLUTANGA ','M'),('09','83','1','11','PAYAO','M'),('09','83','2','12','ROSELLER LIM','M'),('09','83','2','13','SIAY ','M'),('09','83','1','14','TALUSAN ','M'),('09','83','2','15','TITAY ','M'),('09','83','2','16','TUNGAWAN ','M'),('09','97','0','01','CITY OF ISABELA (Capital)','C'),('10','13','1','01','BAUNGON','M'),('10','13','2','22','CABANGLASAN','M'),('10','13','2','21','CITY OF VALENCIA ','C'),('10','13','3','02','DAMULOG','M'),('10','13','3','03','DANGCAGAN','M'),('10','13','3','04','DON CARLOS','M'),('10','13','2','05','IMPASUG-ONG','M'),('10','13','3','06','KADINGILAN','M'),('10','13','1','07','KALILANGAN','M'),('10','13','3','08','KIBAWE','M'),('10','13','3','09','KITAOTAO','M'),('10','13','2','10','LANTAPAN','M'),('10','13','1','11','LIBONA','M'),('10','13','2','12','MALAYBALAY CITY (Capital)','C'),('10','13','1','13','MALITBOG','M'),('10','13','1','14','MANOLO FORTICH','M'),('10','13','3','15','MARAMAG','M'),('10','13','1','16','PANGANTUCAN','M'),('10','13','3','17','QUEZON','M'),('10','13','2','18','SAN FERNANDO','M'),('10','13','1','19','SUMILAO','M'),('10','13','1','20','TALAKAG','M'),('10','18','0','01','CATARMAN','M'),('10','18','0','02','GUINSILIBAN','M'),('10','18','0','03','MAHINOG','M'),('10','18','0','04','MAMBAJAO (Capital)','M'),('10','18','0','05','SAGAY','M'),('10','35','1','01','BACOLOD ','M'),('10','35','2','02','BALOI','M'),('10','35','1','03','BAROY','M'),('10','35','0','04','ILIGAN CITY','H'),('10','35','2','05','KAPATAGAN','M'),('10','35','1','07','KAUSWAGAN','M'),('10','35','1','08','KOLAMBUGAN','M'),('10','35','2','09','LALA','M'),('10','35','1','10','LINAMON','M'),('10','35','2','11','MAGSAYSAY','M'),('10','35','1','12','MAIGO','M'),('10','35','2','13','MATUNGAO','M'),('10','35','2','14','MUNAI','M'),('10','35','2','15','NUNUNGAN','M'),('10','35','2','16','PANTAO-RAGAT','M'),('10','35','2','23','PANTAR','M'),('10','35','2','17','POONA PIAGAPO','M'),('10','35','2','18','SALVADOR','M'),('10','35','2','19','SAPAD','M'),('10','35','2','06','SULTAN NAGA DIMAPORO (KAROMATAN)','M'),('10','35','2','20','TAGOLOAN','M'),('10','35','2','21','TANGCAL','M'),('10','35','1','22','TUBOD (Capital)','M'),('10','42','1','01','ALORAN','M'),('10','42','1','02','BALIANGAO','M'),('10','42','2','03','BONIFACIO','M'),('10','42','1','04','CALAMBA','M'),('10','42','2','05','CLARIN','M'),('10','42','1','06','CONCEPCION','M'),('10','42','2','17','DON VICTORIANO CHIONGBIAN (DON MARIANO MARCOS)','M'),('10','42','1','07','JIMENEZ','M'),('10','42','1','08','LOPEZ JAENA','M'),('10','42','1','09','OROQUIETA CITY (Capital)','C'),('10','42','2','10','OZAMIS CITY','C'),('10','42','1','11','PANAON','M'),('10','42','1','12','PLARIDEL','M'),('10','42','1','13','SAPANG DALAGA','M'),('10','42','2','14','SINACABAN','M'),('10','42','2','15','TANGUB CITY','C'),('10','42','2','16','TUDELA','M'),('10','43','2','01','ALUBIJID','M'),('10','43','1','02','BALINGASAG','M'),('10','43','1','03','BALINGOAN','M'),('10','43','1','04','BINUANGAN','M'),('10','43','2','05','CAGAYAN DE ORO CITY (Capital)','H'),('10','43','2','07','CITY OF EL SALVADOR','C'),('10','43','2','06','CLAVERIA','M'),('10','43','1','08','GINGOOG CITY','C'),('10','43','2','09','GITAGUM','M'),('10','43','2','10','INITAO','M'),('10','43','2','11','JASAAN','M'),('10','43','1','12','KINOGUITAN','M'),('10','43','1','13','LAGONGLONG','M'),('10','43','2','14','LAGUINDINGAN','M'),('10','43','2','15','LIBERTAD','M'),('10','43','2','16','LUGAIT','M'),('10','43','1','17','MAGSAYSAY (LINUGOS)','M'),('10','43','2','18','MANTICAO','M'),('10','43','1','19','MEDINA','M'),('10','43','2','20','NAAWAN','M'),('10','43','2','21','OPOL','M'),('10','43','1','22','SALAY','M'),('10','43','1','23','SUGBONGCOGON','M'),('10','43','2','24','TAGOLOAN','M'),('10','43','1','25','TALISAYAN','M'),('10','43','2','26','VILLANUEVA','M'),('11','23','1','01','ASUNCION (SAUG) ','M'),('11','23','2','23','BRAULIO E. DUJALI','M'),('11','23','2','03','CARMEN','M'),('11','23','2','15','CITY OF PANABO','C'),('11','23','2','19','CITY OF TAGUM (Capital)','C'),('11','23','2','17','ISLAND GARDEN CITY OF SAMAL','C'),('11','23','1','05','KAPALONG','M'),('11','23','1','14','NEW CORELLA','M'),('11','23','1','24','SAN ISIDRO ','M'),('11','23','2','18','SANTO TOMAS','M'),('11','23','1','22','TALAINGOD ','M'),('11','24','1','01','BANSALAN','M'),('11','24','1','03','CITY OF DIGOS (Capital)','C'),('11','24','3','02','DAVAO CITY','H'),('11','24','1','04','HAGONOY ','M'),('11','24','2','06','KIBLAWAN','M'),('11','24','1','07','MAGSAYSAY ','M'),('11','24','1','08','MALALAG ','M'),('11','24','1','10','MATANAO ','M'),('11','24','1','11','PADADA ','M'),('11','24','1','12','SANTA CRUZ','M'),('11','24','2','14','SULOP ','M'),('11','25','1','01','BAGANGA ','M'),('11','25','2','02','BANAYBANAY ','M'),('11','25','1','03','BOSTON ','M'),('11','25','1','04','CARAGA ','M'),('11','25','1','05','CATEEL ','M'),('11','25','2','09','CITY OF MATI (Capital)','C'),('11','25','2','06','GOVERNOR GENEROSO ','M'),('11','25','2','07','LUPON ','M'),('11','25','1','08','MANAY ','M'),('11','25','2','10','SAN ISIDRO ','M'),('11','25','1','11','TARRAGONA ','M'),('11','82','1','01','COMPOSTELA ','M'),('11','82','2','02','LAAK (SAN VICENTE) ','M'),('11','82','2','03','MABINI (DOÑA ALICIA) ','M'),('11','82','2','04','MACO ','M'),('11','82','1','05','MARAGUSAN (SAN MARIANO) ','M'),('11','82','2','06','MAWAB ','M'),('11','82','1','07','MONKAYO ','M'),('11','82','1','08','MONTEVISTA ','M'),('11','82','2','09','NABUNTURAN (Capital) ','M'),('11','82','1','10','NEW BATAAN ','M'),('11','82','2','11','PANTUKAN ','M'),('11','86','','01','DON MARCELINO','M'),('11','86','','02','JOSE ABAD SANTOS (TRINIDAD)','M'),('11','86','','03','MALITA','M'),('11','86','','04','SANTA MARIA','M'),('11','86','','05','SARANGANI ','M'),('12','47','1','01','ALAMADA','M'),('12','47','1','17','ALEOSAN','M'),('12','47','2','15','ANTIPAS','M'),('12','47','2','18','ARAKAN','M'),('12','47','1','16','BANISILAN','M'),('12','47','1','02','CARMEN','M'),('12','47','2','04','CITY OF KIDAPAWAN (Capital)','C'),('12','47','1','03','KABACAN','M'),('12','47','1','05','LIBUNGAN','M'),('12','47','2','06','MAGPET','M'),('12','47','2','07','MAKILALA','M'),('12','47','2','08','MATALAM','M'),('12','47','1','09','MIDSAYAP','M'),('12','47','2','10','M\'LANG','M'),('12','47','1','11','PIGKAWAYAN','M'),('12','47','1','12','PIKIT','M'),('12','47','2','13','PRESIDENT POXAS','M'),('12','47','2','14','TULUNAN','M'),('12','63','2','02','BANGA','M'),('12','63','2','06','CITY OF KORONADAL (Capital)','C'),('12','63','1','03','GENERAL SANTOS CITY (DADIANGAS)','H'),('12','63','2','19','LAKE SEBU','M'),('12','63','2','11','NORALA','M'),('12','63','1','12','POLOMOLOK ','M'),('12','63','2','18','SANTO NIÑO','M'),('12','63','2','13','SURALLAH','M'),('12','63','1','14','TAMPAKAN','M'),('12','63','2','15','TANTANGAN','M'),('12','63','2','16','T\'BOLI','M'),('12','63','1','17','TUPI ','M'),('12','65','2','01','BAGUMBAYAN','M'),('12','65','1','11','CITY OF TACURONG ','C'),('12','65','1','02','COLUMBIO','M'),('12','65','2','03','ESPERANZA','M'),('12','65','1','04','ISULAN (CAPITAL)','M'),('12','65','2','05','KALAMANSIG','M'),('12','65','1','08','LAMBAYONG (MARIANO MARCOS)','M'),('12','65','2','06','LEBAK','M'),('12','65','1','07','LUTAYAN','M'),('12','65','2','09','PALIMBANG','M'),('12','65','1','10','PRESIDENT QUIRINO','M'),('12','65','2','12','SEN. NINOY AQUINO','M'),('12','80','0','01','ALABEL (Capital)','M'),('12','80','0','02','GLAN','M'),('12','80','0','03','KIAMBA','M'),('12','80','0','04','MAASIM','M'),('12','80','0','05','MAITUM','M'),('12','80','0','06','MALAPATAN','M'),('12','80','0','07','MALUNGON','M'),('12','98','1','04','COTABATO CITY','I'),('13','39','1','00','CITY OF MANILA','H'),('13','74','2','01','CITY OF MANDALUYONG','H'),('13','74','2','02','CITY OF MARIKINA ','H'),('13','74','2','03','CITY OF PASIG','H'),('13','74','2','05','CITY OF SAN JUAN','H'),('13','74','2','04','QUEZON CITY','H'),('13','75','3','01','CALOOCAN CITY','H'),('13','75','3','02','CITY OF MALABON','H'),('13','75','3','03','CITY OF NAVOTAS','H'),('13','75','3','04','CITY OF VALENZUELA ','H'),('13','76','4','01','CITY OF LAS PIÑAS ','H'),('13','76','4','02','CITY OF MAKATI','H'),('13','76','4','03','CITY OF MUNTINLUPA ','H'),('13','76','4','04','CITY OF PARAÑAQUE','H'),('13','76','4','05','PASAY CITY','H'),('13','76','4','06','PATEROS','M'),('13','76','4','07','TAGUIG CITY','H'),('14','01','0','01','BANGUED (Capital) ','M'),('14','01','0','02','BOLINEY ','M'),('14','01','0','03','BUCAY ','M'),('14','01','0','04','BUCLOC ','M'),('14','01','0','05','DAGUIOMAN ','M'),('14','01','0','06','DANGLAS ','M'),('14','01','0','07','DOLORES ','M'),('14','01','0','08','LA PAZ ','M'),('14','01','0','09','LACUB ','M'),('14','01','0','10','LAGANGILANG ','M'),('14','01','0','11','LAGAYAN ','M'),('14','01','0','12','LANGIDEN ','M'),('14','01','0','13','LICUAN-BAAY (LICUAN) ','M'),('14','01','0','14','LUBA ','M'),('14','01','0','15','MALIBCONG ','M'),('14','01','0','16','MANABO ','M'),('14','01','0','17','PEÑARRUBIA ','M'),('14','01','0','18','PIDIGAN ','M'),('14','01','0','19','PILAR ','M'),('14','01','0','20','SALLAPADAN ','M'),('14','01','0','21','SAN ISIDRO ','M'),('14','01','0','22','SAN JUAN ','M'),('14','01','0','23','SAN QUINTIN ','M'),('14','01','0','24','TAYUM ','M'),('14','01','0','25','TINEG ','M'),('14','01','0','26','TUBO ','M'),('14','01','0','27','VILLAVICIOSA ','M'),('14','11','0','01','ATOK ','M'),('14','11','0','02','BAGUIO CITY ','H'),('14','11','0','03','BAKUN ','M'),('14','11','0','04','BOKOD ','M'),('14','11','0','05','BUGUIAS ','M'),('14','11','0','06','ITOGON ','M'),('14','11','0','07','KABAYAN ','M'),('14','11','0','08','KAPANGAN ','M'),('14','11','0','09','KIBUNGAN ','M'),('14','11','0','10','LA TRINIDAD (Capital) ','M'),('14','11','0','11','MANKAYAN ','M'),('14','11','0','12','SABLAN ','M'),('14','11','0','13','TUBA ','M'),('14','11','0','14','TUBLAY ','M'),('14','27','0','08','AGUINALDO ','M'),('14','27','0','07','ALFONSO LISTA (POTIA) ','M'),('14','27','0','11','ASIPULO ','M'),('14','27','0','01','BANAUE ','M'),('14','27','0','09','HINGYON ','M'),('14','27','0','02','HUNGDUAN ','M'),('14','27','0','03','KIANGAN ','M'),('14','27','0','04','LAGAWE (Capital) ','M'),('14','27','0','05','LAMUT ','M'),('14','27','0','06','MAYOYAO ','M'),('14','27','0','10','TINOC ','M'),('14','32','0','01','BALBALAN ','M'),('14','32','0','13','CITY OF TABUK (Capital) ','C'),('14','32','0','06','LUBUAGAN','M'),('14','32','0','08','PASIL ','M'),('14','32','0','09','PINUKPUK','M'),('14','32','0','11','RIZAL (LIWAN)','M'),('14','32','0','14','TANUDAN','M'),('14','32','0','15','TINGLAYAN ','M'),('14','44','0','01','BARLIG ','M'),('14','44','0','02','BAUKO ','M'),('14','44','0','03','BESAO ','M'),('14','44','0','04','BONTOC (Capital)','M'),('14','44','0','05','NATONIN ','M'),('14','44','0','06','PARACELIS ','M'),('14','44','0','07','SABANGAN ','M'),('14','44','0','08','SADANGA ','M'),('14','44','0','09','SAGADA','M'),('14','44','0','10','TADIAN ','M'),('14','81','0','01','CALANASAN (BAYAG) ','M'),('14','81','0','02','CONNER ','M'),('14','81','0','03','FLORA','M'),('14','81','0','04','KABUGAO (Capital) ','M'),('14','81','0','05','LUNA','M'),('14','81','0','06','PUDTOL','M'),('14','81','0','07','SANTA MARCELA ','M'),('15','07','0','08','AKBAR','M'),('15','07','0','09','AL-BARKA','M'),('15','07','0','02','CITY OF LAMITAN','C'),('15','07','0','10','HADJI MOHAMMAD AJUL','M'),('15','07','0','12','HADJI MUHTAMAD','M'),('15','07','0','03','LANTAWAN','M'),('15','07','0','04','MALUSO','M'),('15','07','0','05','SUMISIP','M'),('15','07','0','13','TABUAN-LASA','M'),('15','07','0','06','TIPO-TIPO','M'),('15','07','0','07','TUBURAN','M'),('15','07','0','11','UNGKAYA PUKAN','M'),('15','36','2','01','BACOLOD-KALAWI (BACOLOD GRANDE)','M'),('15','36','2','02','BALABAGAN ','M'),('15','36','2','03','BALINDONG (WATU) ','M'),('15','36','2','04','BAYANG','M'),('15','36','2','05','BINIDAYAN','M'),('15','36','1','33','BUADIPOSO-BUNTONG ','M'),('15','36','1','06','BUBONG ','M'),('15','36','1','37','BUMBARAN','M'),('15','36','2','07','BUTIG ','M'),('15','36','2','32','CALANOGAS','M'),('15','36','1','24','DITSAAN-RAMAIN','M'),('15','36','2','09','GANASSI','M'),('15','36','1','10','KAPAI','M'),('15','36','2','39','KAPATAGAN','M'),('15','36','1','11','LUMBA-BAYABAO (MAGUING)','M'),('15','36','2','41','LUMBACA-UNAYAN','M'),('15','36','2','12','LUMBATAN','M'),('15','36','2','36','LUMBAYANAGUE ','M'),('15','36','2','13','MADALUM ','M'),('15','36','2','14','MADAMBA ','M'),('15','36','1','34','MAGUING ','M'),('15','36','2','15','MALABANG','M'),('15','36','1','16','MARANTAO','M'),('15','36','1','17','MARAWI CITY (Capital)','C'),('15','36','2','31','MAROGONG','M'),('15','36','1','18','MASIU','M'),('15','36','1','19','MULONDO','M'),('15','36','2','20','PAGAYAWAN (TATARIKAN)','M'),('15','36','1','21','PIAGAPO ','M'),('15','36','2','35','PICONG (SULTAN GUMANDER)','M'),('15','36','1','22','POONA BAYABAO (GATA)','M'),('15','36','2','23','PUALAS','M'),('15','36','1','25','SAGUIARAN','M'),('15','36','2','40','SULTAN DUMALONDONG ','M'),('15','36','1','38','TAGOLOAN II','M'),('15','36','1','26','TAMPARAN','M'),('15','36','1','27','TARAKA','M'),('15','36','2','28','TUBARAN','M'),('15','36','2','29','TUGAYA','M'),('15','36','1','30','WAO','M'),('15','38','0','01','AMPATUAN  ','M'),('15','38','0','18','BARIRA','M'),('15','38','0','02','BULDON','M'),('15','38','0','03','BULUAN','M'),('15','38','0','28','DATU ABDULLAH SANGKI','M'),('15','38','0','31','DATU ANGGAL MIDTIMBANG','M'),('15','38','0','30','DATU BLAH T. SINSUAT','M'),('15','38','0','35','DATU HOFFER AMPATUAN','M'),('15','38','0','07','DATU ODIN SINSUAT (DINAIG)','M'),('15','38','0','05','DATU PAGLAS','M'),('15','38','0','06','DATU PIANG','M'),('15','38','0','36','DATU SALIBO','M'),('15','38','0','26','DATU SAUDI-AMPATUAN','M'),('15','38','0','27','DATU UNSAY','M'),('15','38','0','19','GEN. S. K. PENDATUN','M'),('15','38','0','25','GUINDULUNGAN','M'),('15','38','0','14','KABUNTALAN (TUMBAO)   ','M'),('15','38','0','20','MAMASAPANO','M'),('15','38','0','32','MANGUDADATU','M'),('15','38','0','09','MATANOG','M'),('15','38','0','34','NORTHERN KABUNTALAN','M'),('15','38','0','22','PAGAGAWAN','M'),('15','38','0','10','PAGALUNGAN','M'),('15','38','0','23','PAGLAT','M'),('15','38','0','33','PANDAG','M'),('15','38','0','11','PARANG','M'),('15','38','0','29','RAJAH BUAYAN','M'),('15','38','0','08','SHARIFF AGUAK (MAGANOY) (Capital)','M'),('15','38','0','37','SHARIFF SAYDONA MUSTAPHA','M'),('15','38','0','17','SOUTH UPI','M'),('15','38','0','12','SULTAN KUDARAT (NULING)','M'),('15','38','0','24','SULTAN MASTURA','M'),('15','38','0','13','SULTAN SA BARONGIS (LAMBAYONG)','M'),('15','38','0','16','TALAYAN','M'),('15','38','0','21','TALITAY  ','M'),('15','38','0','15','UPI','M'),('15','66','1','06','HADJI PANGLIMA TAHIL (MARUNGGAS)','M'),('15','66','1','01','INDANAN','M'),('15','66','1','02','JOLO (Capital)','M'),('15','66','2','03','KALINGALAN CALUANG','M'),('15','66','2','17','LUGUS','M'),('15','66','2','04','LUUK','M'),('15','66','1','05','MAIMBUNG','M'),('15','66','2','07','OLD PANAMAO','M'),('15','66','2','19','OMAR','M'),('15','66','2','18','PANDAMI','M'),('15','66','2','16','PANGLIMA ESTINO (NEW PANAMAO)','M'),('15','66','1','08','PANGUTARAN','M'),('15','66','1','09','PARANG','M'),('15','66','2','10','PATA','M'),('15','66','1','11','PATIKUL','M'),('15','66','2','12','SIASI','M'),('15','66','1','13','TALIPAO','M'),('15','66','2','14','TAPUL','M'),('15','66','2','15','TONGKIL','M'),('15','70','0','02','BONGAO (Capital)','M'),('15','70','0','09','LANGUYAN','M'),('15','70','0','03','MAPUN (CAGAYAN DE TAWI-TAWI)','M'),('15','70','0','01','PANGLIMA SUGALA (BALIMBING)','M'),('15','70','0','10','SAPA-SAPA','M'),('15','70','0','11','SIBUTU','M'),('15','70','0','04','SIMUNUL','M'),('15','70','0','05','SITANGKAI','M'),('15','70','0','06','SOUTH UBIAN','M'),('15','70','0','07','TANDUBAS','M'),('15','70','0','08','TURTLE ISLANDS','M'),('16','02','2','01','BUENAVISTA','M'),('16','02','1','02','BUTUAN CITY (Capital)','H'),('16','02','2','04','CARMEN','M'),('16','02','2','03','CITY OF CABADBARAN','C'),('16','02','2','05','JABONGA','M'),('16','02','2','06','KITCHARAO','M'),('16','02','1','07','LAS NIEVES','M'),('16','02','2','08','MAGALLANES','M'),('16','02','2','09','NASIPIT','M'),('16','02','2','12','REMEDIOS T. ROMUALDEZ','M'),('16','02','2','10','SANTIAGO','M'),('16','02','2','11','TUBAY','M'),('16','03','2','02','BUNAWAN','M'),('16','03','1','01','CITY OF BAYUGAN','C'),('16','03','1','03','ESPERANZA','M'),('16','03','2','04','LA PAZ','M'),('16','03','2','05','LORETO','M'),('16','03','1','06','PROSPERIDAD (Capital)','M'),('16','03','2','07','ROSARIO','M'),('16','03','2','08','SAN FRANCISCO','M'),('16','03','1','09','SAN LUIS','M'),('16','03','2','10','SANTA JOSEFA','M'),('16','03','1','14','SIBAGAT','M'),('16','03','1','11','TALACOGON','M'),('16','03','2','12','TRENTO','M'),('16','03','2','13','VERUELA','M'),('16','67','2','01','ALEGRIA','M'),('16','67','2','02','BACUAG','M'),('16','67','1','04','BURGOS','M'),('16','67','2','06','CLAVER','M'),('16','67','1','07','DAPA','M'),('16','67','1','08','DEL CARMEN','M'),('16','67','1','10','GENERAL LUNA','M'),('16','67','2','11','GIGAQUIT','M'),('16','67','2','14','MAINIT','M'),('16','67','2','15','MALIMONO','M'),('16','67','1','16','PILAR','M'),('16','67','2','17','PLACER','M'),('16','67','1','18','SAN BENITO','M'),('16','67','2','19','SAN FRANCISCO (ANAO-AON)','M'),('16','67','1','20','SAN ISIDRO','M'),('16','67','1','21','SANTA MONICA (SAPAO)','M'),('16','67','2','22','SISON','M'),('16','67','1','23','SOCORRO','M'),('16','67','2','24','SURIGAO CITY (Capital)','C'),('16','67','2','25','TAGANA-AN','M'),('16','67','2','27','TUBOD','M'),('16','68','2','01','BAROBO','M'),('16','68','1','02','BAYABAS','M'),('16','68','1','04','CAGWAIT','M'),('16','68','1','05','CANTILAN','M'),('16','68','1','06','CARMEN','M'),('16','68','1','07','CARRASCAL','M'),('16','68','2','03','CITY OF BISLIG','C'),('16','68','1','19','CITY OF TANDAG (Capital)','C'),('16','68','1','08','CORTES','M'),('16','68','2','09','HINATUAN','M'),('16','68','1','10','LANUZA','M'),('16','68','1','11','LIANGA','M'),('16','68','2','12','LINGIG','M'),('16','68','1','13','MADRID','M'),('16','68','1','14','MARIHATAG','M'),('16','68','1','15','SAN AGUSTIN','M'),('16','68','1','16','SAN MIGUEL','M'),('16','68','2','17','TAGBINA','M'),('16','68','1','18','TAGO','M'),('16','85','0','01','BASILISA (RIZAL)','M'),('16','85','0','02','CAGDIANAO','M'),('16','85','0','03','DINAGAT','M'),('16','85','0','04','LIBJO (ALBOR)','M'),('16','85','0','05','LORETO','M'),('16','85','0','06','SAN JOSE (Capital)','M'),('16','85','0','07','TUBAJON','M'),('17','40','0','01','BOAC (Capital) ','M'),('17','40','0','02','BUENAVISTA ','M'),('17','40','0','03','GASAN ','M'),('17','40','0','04','MOGPOG ','M'),('17','40','0','05','SANTA CRUZ ','M'),('17','40','0','06','TORRIJOS ','M'),('17','51','0','01','ABRA DE ILOG ','M'),('17','51','0','02','CALINTAAN ','M'),('17','51','0','03','LOOC ','M'),('17','51','0','04','LUBANG ','M'),('17','51','0','05','MAGSAYSAY','M'),('17','51','0','06','MAMBURAO (Capital)','M'),('17','51','0','07','PALUAN ','M'),('17','51','0','08','RIZAL','M'),('17','51','0','09','SABLAYAN ','M'),('17','51','0','10','SAN JOSE','M'),('17','51','0','11','SANTA CRUZ ','M'),('17','52','1','01','BACO ','M'),('17','52','2','02','BANSUD ','M'),('17','52','2','03','BONGABONG ','M'),('17','52','2','04','BULALACAO (SAN PEDRO) ','M'),('17','52','1','05','CITY OF CALAPAN (Capital) ','C'),('17','52','2','06','GLORIA ','M'),('17','52','2','07','MANSALAY ','M'),('17','52','1','08','NAUJAN ','M'),('17','52','2','09','PINAMALAYAN ','M'),('17','52','1','10','POLA ','M'),('17','52','1','11','PUERTO GALERA ','M'),('17','52','2','12','ROXAS ','M'),('17','52','1','13','SAN TEODORO ','M'),('17','52','1','14','SOCORRO ','M'),('17','52','1','15','VICTORIA ','M'),('17','53','3','01','ABORLAN ','M'),('17','53','1','02','AGUTAYA ','M'),('17','53','1','03','ARACELI ','M'),('17','53','2','04','BALABAC ','M'),('17','53','2','05','BATARAZA ','M'),('17','53','2','06','BROOKE\'S POINT ','M'),('17','53','1','07','BUSUANGA ','M'),('17','53','1','08','CAGAYANCILLO ','M'),('17','53','1','09','CORON ','M'),('17','53','1','22','CULION ','M'),('17','53','1','10','CUYO ','M'),('17','53','1','11','DUMARAN','M'),('17','53','1','12','EL NIDO (BACUIT) ','M'),('17','53','1','21','KALAYAAN','M'),('17','53','1','13','LINAPACAN ','M'),('17','53','1','14','MAGSAYSAY ','M'),('17','53','2','15','NARRA ','M'),('17','53','3','16','PUERTO PRINCESA CITY (Capital) ','H'),('17','53','2','17','QUEZON ','M'),('17','53','2','23','RIZAL (MARCOS) ','M'),('17','53','1','18','ROXAS ','M'),('17','53','1','19','SAN VICENTE ','M'),('17','53','2','24','SOFRONIO ESPAÑOLA ','M'),('17','53','1','20','TAYTAY ','M'),('17','59','0','01','ALCANTARA ','M'),('17','59','0','02','BANTON ','M'),('17','59','0','03','CAJIDIOCAN ','M'),('17','59','0','04','CALATRAVA ','M'),('17','59','0','05','CONCEPCION ','M'),('17','59','0','06','CORCUERA ','M'),('17','59','0','16','FERROL ','M'),('17','59','0','07','LOOC ','M'),('17','59','0','08','MAGDIWANG ','M'),('17','59','0','09','ODIONGAN ','M'),('17','59','0','10','ROMBLON (Capital) ','M'),('17','59','0','11','SAN AGUSTIN','M'),('17','59','0','12','SAN ANDRES ','M'),('17','59','0','13','SAN FERNANDO ','M'),('17','59','0','14','SAN JOSE ','M'),('17','59','0','15','SANTA FE ','M'),('17','59','0','17','SANTA MARIA (IMELDA)','M'),('18','45','0','01','BACOLOD CITY (Capital)','H'),('18','45','4','02','BAGO CITY','C'),('18','45','5','03','BINALBAGAN','M'),('18','45','2','04','CADIZ CITY','C'),('18','45','1','05','CALATRAVA','M'),('18','45','6','06','CANDONI','M'),('18','45','6','07','CAUAYAN','M'),('18','45','1','09','CITY OF ESCALANTE','C'),('18','45','5','10','CITY OF HIMAMAYLAN','C'),('18','45','6','15','CITY OF KABANKALAN','C'),('18','45','6','27','CITY OF SIPALAY','C'),('18','45','3','28','CITY OF TALISAY','C'),('18','45','3','31','CITY OF VICTORIAS','C'),('18','45','3','08','ENRIQUE B. MAGALONA (SARAVIA)','M'),('18','45','5','11','HINIGARAN','M'),('18','45','6','12','HINOBA-AN (ASIA)','M'),('18','45','6','13','ILOG','M'),('18','45','5','14','ISABELA','M'),('18','45','4','16','LA CARLOTA CITY','C'),('18','45','5','17','LA CASTELLANA','M'),('18','45','2','18','MANAPLA','M'),('18','45','5','19','MOISES PADILLA (MAGALLON)','M'),('18','45','3','20','MURCIA','M'),('18','45','4','21','PONTEVEDRA','M'),('18','45','4','22','PULUPANDAN','M'),('18','45','2','23','SAGAY CITY','C'),('18','45','1','32','SALVADOR BENEDICTO','M'),('18','45','1','24','SAN CARLOS CITY','C'),('18','45','4','25','SAN ENRIQUE','M'),('18','45','3','26','SILAY CITY','C'),('18','45','1','29','TOBOSO','M'),('18','45','4','30','VALLADOLID','M'),('18','46','2','01','AMLAN (AYUQUITAN)','M'),('18','46','1','02','AYUNGON','M'),('18','46','3','03','BACONG','M'),('18','46','2','04','BAIS CITY','C'),('18','46','3','05','BASAY','M'),('18','46','1','07','BINDOY (PAYABON)','M'),('18','46','1','08','CANLAON CITY','C'),('18','46','3','06','CITY OF BAYAWAN (TULONG)','C'),('18','46','1','11','CITY OF GUIHULNGAN','C'),('18','46','2','21','CITY OF TANJAY','C'),('18','46','3','09','DAUIN','M'),('18','46','2','10','DUMAGUETE CITY (Capital)','H'),('18','46','1','12','JIMALALUD','M'),('18','46','1','13','LA LIBERTAD','M'),('18','46','2','14','MABINAY','M'),('18','46','1','15','MANJUYOD','M'),('18','46','2','16','PAMPLONA','M'),('18','46','2','17','SAN JOSE','M'),('18','46','3','18','SANTA CATALINA','M'),('18','46','3','19','SIATON','M'),('18','46','2','20','SIBULAN','M'),('18','46','1','22','TAYASAN','M'),('18','46','3','23','VALENCIA (LUZURRIAGA)','M'),('18','46','1','24','VALLEHERMOSO','M'),('18','46','3','25','ZAMBOANGUITA','M'),('02','31','2','38','SAN MIGUEL','M'),('02','31','2','38','SAN MIGUEL','M');

/*Table structure for table `tblprovince` */

DROP TABLE IF EXISTS `tblprovince`;

CREATE TABLE `tblprovince` (
  `region_c` varchar(2) COLLATE utf8_unicode_ci NOT NULL,
  `province_c` varchar(2) COLLATE utf8_unicode_ci NOT NULL,
  `province_m` varchar(200) COLLATE utf8_unicode_ci NOT NULL,
  PRIMARY KEY (`province_c`)
) ENGINE=InnoDB DEFAULT CHARSET=utf8 COLLATE=utf8_unicode_ci;

/*Data for the table `tblprovince` */

insert  into `tblprovince`(`region_c`,`province_c`,`province_m`) values ('14','01','ABRA'),('16','02','AGUSAN DEL NORTE'),('16','03','AGUSAN DEL SUR'),('06','04','AKLAN'),('05','05','ALBAY'),('06','06','ANTIQUE'),('15','07','BASILAN'),('03','08','BATAAN'),('02','09','BATANES'),('04','10','BATANGAS'),('14','11','BENGUET'),('07','12','BOHOL'),('10','13','BUKIDNON'),('03','14','BULACAN'),('02','15','CAGAYAN'),('05','16','CAMARINES NORTE'),('05','17','CAMARINES SUR'),('10','18','CAMIGUIN'),('06','19','CAPIZ'),('05','20','CATANDUANES'),('04','21','CAVITE'),('07','22','CEBU'),('11','23','DAVAO DEL NORTE'),('11','24','DAVAO DEL SUR'),('11','25','DAVAO ORIENTAL'),('08','26','EASTERN SAMAR'),('14','27','IFUGAO'),('01','28','ILOCOS NORTE'),('01','29','ILOCOS SUR'),('06','30','ILOILO'),('02','31','ISABELA'),('14','32','KALINGA'),('01','33','LA UNION'),('04','34','LAGUNA'),('10','35','LANAO DEL NORTE'),('15','36','LANAO DEL SUR'),('08','37','LEYTE'),('15','38','MAGUINDANAO'),('13','39','NCR, FIRST DISTRICT'),('17','40','MARINDUQUE'),('05','41','MASBATE'),('10','42','MISAMIS OCCIDENTAL'),('10','43','MISAMIS ORIENTAL'),('14','44','MOUNTAIN PROVINCE'),('18','45','NEGROS OCCIDENTAL'),('18','46','NEGROS ORIENTAL'),('12','47','COTABATO (NORTH COTABATO)'),('08','48','NORTHERN SAMAR'),('03','49','NUEVA ECIJA'),('02','50','NUEVA VIZCAYA'),('17','51','OCCIDENTAL MINDORO'),('17','52','ORIENTAL MINDORO'),('17','53','PALAWAN'),('03','54','PAMPANGA'),('01','55','PANGASINAN'),('04','56','QUEZON'),('02','57','QUIRINO'),('04','58','RIZAL'),('17','59','ROMBLON'),('08','60','SAMAR (WESTERN SAMAR)'),('07','61','SIQUIJOR'),('05','62','SORSOGON'),('12','63','SOUTH COTABATO'),('08','64','SOUTHERN LEYTE'),('12','65','SULTAN KUDARAT'),('15','66','SULU'),('16','67','SURIGAO DEL NORTE'),('16','68','SURIGAO DEL SUR'),('03','69','TARLAC'),('15','70','TAWI-TAWI'),('03','71','ZAMBALES'),('09','72','ZAMBOANGA DEL NORTE'),('09','73','ZAMBOANGA DEL SUR'),('13','74','NCR, SECOND DISTRICT'),('13','75','NCR, THIRD DISTRICT'),('13','76','NCR, FOURTH DISTRICT'),('03','77','AURORA'),('08','78','BILIRAN'),('06','79','GUIMARAS'),('12','80','SARANGANI'),('14','81','APAYAO'),('11','82','COMPOSTELA VALLEY'),('09','83','ZAMBOANGA SIBUGAY'),('16','85','DINAGAT ISLANDS'),('11','86','DAVAO OCCIDENTAL'),('09','97','CITY OF ISABELA (Not a Province)'),('12','98','COTABATO CITY (Not a Province)');

/*Table structure for table `tblregion` */

DROP TABLE IF EXISTS `tblregion`;

CREATE TABLE `tblregion` (
  `region_c` varchar(2) COLLATE utf8_unicode_ci NOT NULL,
  `region_m` varchar(200) COLLATE utf8_unicode_ci NOT NULL,
  `abbreviation` varchar(200) COLLATE utf8_unicode_ci NOT NULL,
  `region_sort` int(2) DEFAULT NULL,
  PRIMARY KEY (`region_c`)
) ENGINE=InnoDB DEFAULT CHARSET=utf8 COLLATE=utf8_unicode_ci;

/*Data for the table `tblregion` */

insert  into `tblregion`(`region_c`,`region_m`,`abbreviation`,`region_sort`) values ('01','REGION I - ILOCOS REGION','REGION 1',2),('02','REGION II - CAGAYAN VALLEY','REGION 2',3),('03','REGION III - CENTRAL LUZON','REGION 3',4),('04','REGION IV-A - CALABARZON','REGION 4A',5),('05','REGION V - BICOL REGION','REGION 5',7),('06','REGION VI - WESTERN VISAYAS','REGION 6',8),('07','REGION VII - CENTRAL VISAYAS','REGION 7',9),('08','REGION VIII - EASTERN VISAYAS','REGION 8',10),('09','REGION IX - ZAMBOANGA PENINSULA','REGION 9',11),('10','REGION X - NORTHERN MINDANAO','REGION 10',12),('11','REGION XI - DAVAO REGION','REGION 11',13),('12','REGION XII - SOCCSSARGEN','REGION 12',14),('13','NATIONAL CAPITAL REGION','NCR',1),('14','CORDILLERA AUTONOMOUS REGION','CAR',15),('15','AUTONOMOUS REGION IN MUSLIM MINDANAO','ARMM',17),('16','REGION XIII - CARAGA','CARAGA',16),('17','REGION IV-B - MIMAROPA','REGION 4B',6),('18','NEGROS ISLAND REGION','NIR',18);

/*Table structure for table `token` */

DROP TABLE IF EXISTS `token`;

CREATE TABLE `token` (
  `user_id` int(11) NOT NULL,
  `code` varchar(32) COLLATE utf8_unicode_ci NOT NULL,
  `created_at` int(11) NOT NULL,
  `type` smallint(6) NOT NULL,
  UNIQUE KEY `token_unique` (`user_id`,`code`,`type`),
  CONSTRAINT `fk_user_token` FOREIGN KEY (`user_id`) REFERENCES `user` (`id`) ON DELETE CASCADE
) ENGINE=InnoDB DEFAULT CHARSET=utf8 COLLATE=utf8_unicode_ci;

/*Data for the table `token` */

insert  into `token`(`user_id`,`code`,`created_at`,`type`) values (1,'8f10YrXwFhYi7D-ucBmP9X-D0Zlpa1TJ',1565532404,0),(3,'BUZ-ae1GbRzuYguJV7aVikah1KWiILeD',1669197761,0),(11,'KVGvyQb_2VESQJSdXTLa0tiSVcm_qPm7',1670293828,0);

/*Table structure for table `user` */

DROP TABLE IF EXISTS `user`;

CREATE TABLE `user` (
  `id` int(11) NOT NULL AUTO_INCREMENT,
  `username` varchar(255) COLLATE utf8_unicode_ci NOT NULL,
  `email` varchar(255) COLLATE utf8_unicode_ci NOT NULL,
  `password_hash` varchar(60) COLLATE utf8_unicode_ci NOT NULL,
  `auth_key` varchar(32) COLLATE utf8_unicode_ci NOT NULL,
  `confirmed_at` int(11) DEFAULT NULL,
  `unconfirmed_email` varchar(255) COLLATE utf8_unicode_ci DEFAULT NULL,
  `blocked_at` int(11) DEFAULT NULL,
  `registration_ip` varchar(45) COLLATE utf8_unicode_ci DEFAULT NULL,
  `created_at` int(11) NOT NULL,
  `updated_at` int(11) NOT NULL,
  `flags` int(11) NOT NULL DEFAULT 0,
  `last_login_at` int(11) DEFAULT NULL,
  PRIMARY KEY (`id`),
  UNIQUE KEY `user_unique_username` (`username`),
  UNIQUE KEY `user_unique_email` (`email`)
) ENGINE=InnoDB AUTO_INCREMENT=12 DEFAULT CHARSET=utf8 COLLATE=utf8_unicode_ci;

/*Data for the table `user` */

insert  into `user`(`id`,`username`,`email`,`password_hash`,`auth_key`,`confirmed_at`,`unconfirmed_email`,`blocked_at`,`registration_ip`,`created_at`,`updated_at`,`flags`,`last_login_at`) values (1,'markespiritu','mvespiritu@neda.gov.ph','$2y$10$vKgibHUf2mkZEDQg6A0.pekTJ0VzW3sQXK2k4qjjyr1uSNRLrI10a','RbSYbiZ97a_15QE-NqDe283YlE2PxcNc',1,NULL,NULL,'::1',1565532403,1565532403,0,1670299739),(3,'jasper','jasperabaya@gmail.com','$2y$10$WxRvvb9cZSiTXWRkA0.9SOs0drHM3whAKCvmiZnauVuKcSY8ZwcFi','ksgVCYOJGmoVRI4RmhWcy43bGoxLCX60',1,NULL,NULL,'::1',1669197761,1669197761,0,1670303462),(11,'markavespiritu','mark.a.v.espiritu@gmail.com','$2y$10$jH7HySZZ4rHHsyQ3ucrleumcJjI1J1acrA5Htl.O7eXPvkkhv/AEC','fkYy2TBkRCywuqPqW8yayePlzsBCBtBZ',1670295306,NULL,NULL,'::1',1670293828,1670293828,0,1670299747);

/*Table structure for table `user_info` */

DROP TABLE IF EXISTS `user_info`;

CREATE TABLE `user_info` (
  `user_id` int(255) NOT NULL AUTO_INCREMENT,
  `course_id` int(255) DEFAULT NULL,
  `major_id` int(255) DEFAULT NULL,
  `firstname` varchar(50) DEFAULT NULL,
  `middlename` varchar(50) DEFAULT NULL,
  `lastname` varchar(50) DEFAULT NULL,
  `extname` varchar(10) DEFAULT NULL,
  `year_graduated` int(4) DEFAULT NULL,
  PRIMARY KEY (`user_id`),
  CONSTRAINT `FK_user_info` FOREIGN KEY (`user_id`) REFERENCES `user` (`id`) ON DELETE CASCADE ON UPDATE CASCADE
) ENGINE=InnoDB AUTO_INCREMENT=12 DEFAULT CHARSET=latin1;

/*Data for the table `user_info` */

insert  into `user_info`(`user_id`,`course_id`,`major_id`,`firstname`,`middlename`,`lastname`,`extname`,`year_graduated`) values (1,8,6,'Mark Anthony','Vicena','Espiritu','',2014),(3,3,NULL,'Jasper','Catabay','Abaya','',2015),(11,10,NULL,'Mark Anthony','Vicena','Espiritu','',2022);

/*Table structure for table `voucher_code` */

DROP TABLE IF EXISTS `voucher_code`;

CREATE TABLE `voucher_code` (
  `id` int(255) unsigned NOT NULL AUTO_INCREMENT,
  `merchant` varchar(100) DEFAULT NULL,
  `voucher_code` varchar(100) DEFAULT NULL,
  `available` enum('Yes','No') DEFAULT NULL,
  `instruction` text DEFAULT NULL,
  PRIMARY KEY (`id`)
) ENGINE=InnoDB AUTO_INCREMENT=3 DEFAULT CHARSET=utf8mb4;

/*Data for the table `voucher_code` */

insert  into `voucher_code`(`id`,`merchant`,`voucher_code`,`available`,`instruction`) values (1,'LAZADA','PQ43SR','No',NULL),(2,'SHOPPEE','PRS234','Yes',NULL);

/*Table structure for table `voucher_code_user` */

DROP TABLE IF EXISTS `voucher_code_user`;

CREATE TABLE `voucher_code_user` (
  `id` int(255) NOT NULL AUTO_INCREMENT,
  `user_id` int(255) DEFAULT NULL,
  `voucher_code_id` int(255) DEFAULT NULL,
  `date_claimed` date DEFAULT NULL,
  `datetime` datetime DEFAULT current_timestamp(),
  PRIMARY KEY (`id`)
) ENGINE=InnoDB AUTO_INCREMENT=6 DEFAULT CHARSET=utf8mb4;

/*Data for the table `voucher_code_user` */

insert  into `voucher_code_user`(`id`,`user_id`,`voucher_code_id`,`date_claimed`,`datetime`) values (5,3,1,'2022-12-03','2022-12-03 23:08:35');

/*!40101 SET SQL_MODE=@OLD_SQL_MODE */;
/*!40014 SET FOREIGN_KEY_CHECKS=@OLD_FOREIGN_KEY_CHECKS */;
